         ********************************************************************************
         *                                                                              *
         *                               WINPROP  2022.10                               *
         *                          EOS Phase Property Program                          *
         *                         General Release for Win x64                          *
         *                            2022-May-26   09:27:26                            *
         *                                                                              *
         *                          (c) Copyright 1977 - 2022                           *
         *                Computer Modelling Group Ltd., Calgary, Canada                *
         *                             All Rights Reserved                              *
         *                                                                              *
         ********************************************************************************


         Command-line Arguments:  -dd
                                  -f fluid_15comp.dat

 Maximum Dimensions:
    Component                = 200
    SCN Group in + Fractions = 200;   Lab. Calculation points  = 300
    Streams in Process       = 300;   Units in Process         =  20
    Regression variables     = 150;   Regression data points   = 10000
 
 **FILE NAME:     fluid_15comp.dat
 *FILENAMES *OUTPUT *SRFOUT *REGLUMPSPLIT *NONE *GEMOUT *NONE
            *STARSKV *NONE *GEMZDEPTH *NONE *IMEXPVT *NONE
 *WINPROP     2022.10
 
 **=-=-=Titles/EOS/Units
 **REM
 *TITLE1 ''
 *TITLE2 ''
 *TITLE3 ''
 *UNIT *SI
 *INFEED *MOLE
 *MODEL *PR *1978
 
 **=-=-=Component Selection/Properties
 **REM     fluid_15comp
 *NC 15 15
 *TRANSLATION    1
 *EXCESSPROP  *EOS
 
 *COMPNAME
 'C10+'  'N2'  'CO2'  'CH4'  'C2H6'
 'C3H8'  'IC4'  'NC4'  'IC5'  'NC5'
 'FC6'  'FC7'  'FC8'  'FC9'  'FC10'
 
 *HCFLAG
 1  0  3  1  1
 1  1  1  1  1
 1  1  1  1  1
 
 *PCRIT
 15.0  33.5  72.8  45.4  48.2
 41.9  36.0  37.5  33.4  33.3
 32.46  30.9700004935  29.12  26.94  25.0100004935
 
 *TCRIT
 700.0  126.2  304.2  190.6  305.4
 369.8  408.1  425.2  460.4  469.6
 507.5  543.2  570.5  598.5  622.1
 
 *AC
 0.6  0.04  0.225  0.008  0.098
 0.152  0.176  0.193  0.227  0.251
 0.27504  0.308301  0.351327  0.390781  0.443774
 
 *MW
 200.0  28.013  44.01  16.043  30.07
 44.097  58.124  58.124  72.151  72.151
 86.0  96.0  107.0  121.0  134.0
 
 *VSHIFT
 0.0  0.0  0.0  0.0  0.0
 0.0  0.0  0.0  0.0  0.0
 0.0  0.0  0.0  0.0  0.0
 
 *VSHIF1
 0.0  0.0  0.0  0.0  0.0
 0.0  0.0  0.0  0.0  0.0
 0.0  0.0  0.0  0.0  0.0
 
 *TREFVS
 15.556  15.556  15.556  15.556  15.556
 15.556  15.556  15.556  15.556  15.556
 15.556  15.556  15.556  15.556  15.556
 
 *ZRA
 0.2395  0.2905  0.2736  0.2876  0.2789
 0.2763  0.275  0.2728  0.2716  0.2685
 0.271261267148  0.266416113682  0.264117010222  0.262223065502  0.259671058555
 
 *VCRIT
 0.559267354355  0.0895  0.094  0.099  0.148
 0.203  0.263  0.255  0.306  0.304
 0.344  0.381  0.421  0.471  0.521
 
 *VISVC
 0.559267354355  0.0895  0.094  0.099  0.148
 0.203  0.263  0.255  0.306  0.304
 0.344  0.381  0.421  0.471  0.521
 
 *OMEGA
 0.457235528921  0.457235528921  0.457235528921  0.457235528921  0.457235528921
 0.457235528921  0.457235528921  0.457235528921  0.457235528921  0.457235528921
 0.457235528921  0.457235528921  0.457235528921  0.457235528921  0.457235528921
 
 *OMEGB
 0.0777960739039  0.0777960739039  0.0777960739039  0.0777960739039  0.0777960739039
 0.0777960739039  0.0777960739039  0.0777960739039  0.0777960739039  0.0777960739039
 0.0777960739039  0.0777960739039  0.0777960739039  0.0777960739039  0.0777960739039
 
 *BETA_LFU
 1.0  1.0  1.0  1.0  1.0
 1.0  1.0  1.0  1.0  1.0
 1.0  1.0  1.0  1.0  1.0
 
 *SG
 0.0  0.809  0.818  0.3  0.356
 0.507  0.563  0.584  0.625  0.631
 0.69  0.727  0.749  0.768  0.782
 
 *TB
 0.0  -195.75  -78.45  -161.45  -88.65
 -42.05  -11.85  -0.45  27.85  36.05
 63.85  92.85  116.85  142.85  165.85
 
 *PCHOR
 546.6  41.0  78.0  77.0  108.0
 150.3  181.5  189.9  225.0  231.5
 250.1088  278.4048  309.0222  347.2198  381.9168
 
 *IGHCOEF
 0.0  0.0  0.0  0.0  0.0  0.0  0.0
 -0.65665  0.254098  -1.6624e-05  1.5302e-08  -3.0995e-12  1.5167e-16  0.048679
 0.09688  0.158843  -3.3712e-05  1.48105e-07  -9.66203e-11  2.073832e-14  0.151147
 -2.83857  0.538285  -0.000211409  3.39276e-07  -1.164322e-10  1.389612e-14  -0.602869
 -0.01422  0.264612  -2.4568e-05  2.91402e-07  -1.281033e-10  1.813482e-14  0.083346
 0.68715  0.160304  0.000126084  1.8143e-07  -9.18913e-11  1.35485e-14  0.260903
 1.45956  0.09907  0.000238736  9.1593e-08  -5.9405e-11  9.09645e-15  0.307636
 7.22814  0.099687  0.000266548  5.4073e-08  -4.29269e-11  6.6958e-15  0.345974
 17.69412  0.015946  0.000382449  -2.7557e-08  -1.43035e-11  2.95677e-15  0.641619
 9.04209  0.111829  0.000228515  8.6331e-08  -5.44649e-11  8.1845e-15  0.183189
 0.0  -0.0165434629528  0.000411690689916  -5.77427572385e-08  0.0  0.0  0.0
 0.0  -0.0398992315553  0.000426852946142  -6.32517080781e-08  0.0  0.0  0.0
 0.0  -0.0458538958894  0.000429313066981  -6.45422435909e-08  0.0  0.0  0.0
 0.0  -0.0466456119501  0.00042820171244  -6.45878655575e-08  0.0  0.0  0.0
 0.0  -0.044918992577  0.000425900345698  -6.40796141004e-08  0.0  0.0  0.0
 
 *HEATING_VALUES
 0.0  0.0  0.0  844.290010539  1478.46001529
 2105.16002783  2711.54003814  2711.54003814  3353.66003806  3353.66003806
 3975.91004979  4600.28006276  5224.64006678  5849.0000708  6473.36008429
 
 *VSHIFTS
 0.0  0.0  0.0  0.0  0.0
 0.0  0.0  0.0  0.0  0.0
 0.0  0.0  0.0  0.0  0.0
 
 *VSHIF1S
 0.0  0.0  0.0  0.0  0.0
 0.0  0.0  0.0  0.0  0.0
 0.0  0.0  0.0  0.0  0.0
 
 *IDCOMP
 -1  2  1  3  4
 5  6  7  8  9
 10  11  12  13  14
 
 *VISCOR   *HZYT
 *MIXVC   1.0
 
 *VISCOEFF
 0.1023  0.023364  0.058533  -0.040758  0.0093324
 *HREFCOR   *HARVEY
 
 *PVC3    1.2
 
 *BIN
 0.0
 0.0  0.0
 0.025  0.105
 0.01  0.13
 0.09  0.125
 0.095  0.12
 0.095  0.115
 0.1  0.115
 0.11  0.115
 0.11  0.115
 0.11  0.115
 0.11  0.115
 0.11  0.115
 0.11  0.115
 
 *PVC3S    1.2
 
 *BINS
 0.0
 0.0  0.0
 0.025  0.105
 0.01  0.13
 0.09  0.125
 0.095  0.12
 0.095  0.115
 0.1  0.115
 0.11  0.115
 0.11  0.115
 0.11  0.115
 0.11  0.115
 0.11  0.115
 0.11  0.115
 
 
 **=-=-=Composition
 **REM
 *COMPOSITION   *PRIMARY
 0.05   0.02   0.02   0.55   0.08
 0.06   0.03   0.03   0.02   0.02
 0.03   0.03   0.02   0.02   0.02
 
 **=-=-=Two-phase Envelope
 *ENVELOPE
 *LABEL    ''
 *FEED  *MIXED 1.0
 *KVALUE  *INTERNAL
 *OUTPUT 1
 *STABCHECK *YES
 *TRACEBOTH *NO
 *X-AXIS     *TEMP
 *RANGT     0.0    200.0
 *Y-AXIS     *PRES
 *RANGP     0.1    50325.0
 *PRES    10000.0
 *TEMP    50.0
 *MAXSP   199
 *STEPDIR   0.1
 *RANGFV    -10.0    10.0
 *NTAB   0
 *NQUALITY    1
 *QUALITY
 0.0
 
 **=-=-=Two-phase Flash
 *FLASH
 **NC 15 15
 *LABEL    ''
 *FEED  *MIXED 1.0
 *KVALUE  *INTERNAL
 *LEVEL 1
 *OUTPUT 1
 *TYPE  *QNSS
 *PRES 20000.0
 *TEMP 106.85
 *DELP 500.0
 *DELT 0.0
 *STEPP 20
 *STEPT 1
 *DELZ 0.0
 *STEPZ 1
 *PLOTMOLFRAC
 *PLOTDENSITY
 *PLOTKVL
 
 **=-=-=     END
1
  **************************************************
  *                                                *
  *                WINPROP  2022.10                *
  *             2022-May-26   09:27:26             *
  * Computer Modelling Group Ltd., Calgary, Canada *
  *                        1                       *
  **************************************************
  Two-phase phase diagram construction

 initial conditions (guesses):
     DER        1.0000000E-01                    F(mole)     0.0000000E+00
     P,   kPa   2.0073228E+04                    W(vol.)     0.0000000E+00
     T,deg C    5.0000000E+01                    ZETA        0.0000000E+00

                 feed           K-value           ZA            ZB 
     C10+     5.000000E-02 5.0795603E-02     5.000E-02     0.000E+00
     N2       2.000000E-02 1.8595801E+00     2.000E-02     0.000E+00
     CO2      2.000000E-02 9.7548102E-01     2.000E-02     0.000E+00
     CH4      5.500000E-01 1.3915526E+00     5.500E-01     0.000E+00
     C2H6     8.000000E-02 9.0162089E-01     8.000E-02     0.000E+00
     C3H8     6.000000E-02 6.5928859E-01     6.000E-02     0.000E+00
     IC4      3.000000E-02 5.3475783E-01     3.000E-02     0.000E+00
     NC4      3.000000E-02 4.8594480E-01     3.000E-02     0.000E+00
     IC5      2.000000E-02 3.9052927E-01     2.000E-02     0.000E+00
     NC5      2.000000E-02 3.6433264E-01     2.000E-02     0.000E+00
     FC6      3.000000E-02 2.8290454E-01     3.000E-02     0.000E+00
     FC7      3.000000E-02 2.1751059E-01     3.000E-02     0.000E+00
     FC8      2.000000E-02 1.7137033E-01     2.000E-02     0.000E+00
     FC9      2.000000E-02 1.3297016E-01     2.000E-02     0.000E+00
     FC10     2.000000E-02 1.0262289E-01     2.000E-02     0.000E+00

 variable limits:
          P,   kPa   T,deg C    ZETA    d(zeta)       FRY
     max   50325.0     200.0    1.0000   0.15000      10.0
     min       0.1       0.0    0.0000   0.03000     -10.0


 stability check on both phases
     ST =  4 : both phases stable
     ST =  2 : phase  X unstable
     ST = -2 : phase  Y unstable
     ST = -4 : both phases unstable

 ZX,ZY  =  compressibility factor of L and V phase
 IT     =  number of iterations
 NV     =  specification variable number

 IT NV ST   P,   kPa  T,deg C   ZX   ZY               ln(K)
                                                     X(i)
                                                     Y(i), FRY, VOLY
 
  4  1 4 20278.055    50.000 0.693 0.731     -2.899  0.603 -0.026  0.321 -0.102 -0.406 -0.610 -0.703 -0.916 -0.984 -1.230
                                             -1.486 -1.719 -1.966 -2.218
                                              0.050  0.020  0.020  0.550  0.080  0.060  0.030  0.030  0.020  0.020  0.030
                                              0.030  0.020  0.020  0.020
                                              0.003  0.037  0.019  0.758  0.072  0.040  0.016  0.015  0.008  0.007  0.009
                                              0.007  0.004  0.003  0.002  0.000  0.000
  2  1 4 20510.758    53.564 0.699 0.737     -2.799  0.588 -0.018  0.315 -0.092 -0.387 -0.584 -0.674 -0.880 -0.945 -1.183
                                             -1.430 -1.655 -1.893 -2.137
                                              0.050  0.020  0.020  0.550  0.080  0.060  0.030  0.030  0.020  0.020  0.030
                                              0.030  0.020  0.020  0.020
                                              0.003  0.036  0.020  0.754  0.073  0.041  0.017  0.015  0.008  0.008  0.009
                                              0.007  0.004  0.003  0.002  0.000  0.000
  1  1 4 20952.770    60.965 0.711 0.748     -2.599  0.557 -0.004  0.304 -0.075 -0.349 -0.533 -0.616 -0.808 -0.867 -1.089
                                             -1.319 -1.527 -1.749 -1.975
                                              0.050  0.020  0.020  0.550  0.080  0.060  0.030  0.030  0.020  0.020  0.030
                                              0.030  0.020  0.020  0.020
                                              0.004  0.035  0.020  0.745  0.074  0.042  0.018  0.016  0.009  0.008  0.010
                                              0.008  0.004  0.003  0.003  0.000  0.000
  2  1 4 21452.063    70.732 0.725 0.762     -2.349  0.517  0.013  0.287 -0.054 -0.302 -0.470 -0.544 -0.719 -0.772 -0.972
                                             -1.180 -1.368 -1.570 -1.773
                                              0.050  0.020  0.020  0.550  0.080  0.060  0.030  0.030  0.020  0.020  0.030
                                              0.030  0.020  0.020  0.020
                                              0.005  0.034  0.020  0.733  0.076  0.044  0.019  0.017  0.010  0.009  0.011
                                              0.009  0.005  0.004  0.003  0.000  0.000
  2  1 4 21878.470    81.067 0.738 0.775     -2.099  0.474  0.027  0.269 -0.036 -0.257 -0.409 -0.475 -0.631 -0.678 -0.858
                                             -1.044 -1.211 -1.392 -1.573
                                              0.050  0.020  0.020  0.550  0.080  0.060  0.030  0.030  0.020  0.020  0.030
                                              0.030  0.020  0.020  0.020
                                              0.006  0.032  0.021  0.720  0.077  0.046  0.020  0.019  0.011  0.010  0.013
                                              0.011  0.006  0.005  0.004  0.000  0.000
  2  1 4 22216.804    91.958 0.750 0.786     -1.849  0.430  0.039  0.249 -0.019 -0.215 -0.349 -0.407 -0.545 -0.586 -0.744
                                             -0.909 -1.056 -1.215 -1.375
                                              0.050  0.020  0.020  0.550  0.080  0.060  0.030  0.030  0.020  0.020  0.030
                                              0.030  0.020  0.020  0.020
                                              0.008  0.031  0.021  0.706  0.078  0.048  0.021  0.020  0.012  0.011  0.014
                                              0.012  0.007  0.006  0.005  0.000  0.000
  2  1 4 22451.708   103.386 0.761 0.796     -1.599  0.384  0.048  0.227 -0.005 -0.174 -0.292 -0.341 -0.462 -0.496 -0.634
                                             -0.776 -0.903 -1.041 -1.180
                                              0.050  0.020  0.020  0.550  0.080  0.060  0.030  0.030  0.020  0.020  0.030
                                              0.030  0.020  0.020  0.020
                                              0.010  0.029  0.021  0.690  0.080  0.050  0.022  0.021  0.013  0.012  0.016
                                              0.014  0.008  0.007  0.006  0.000  0.000
  2  1 4 22567.998   115.318 0.770 0.804     -1.349  0.334  0.053  0.202  0.007 -0.137 -0.237 -0.278 -0.380 -0.409 -0.525
                                             -0.645 -0.753 -0.870 -0.986
                                              0.050  0.020  0.020  0.550  0.080  0.060  0.030  0.030  0.020  0.020  0.030
                                              0.030  0.020  0.020  0.020
                                              0.013  0.028  0.021  0.673  0.081  0.052  0.024  0.023  0.014  0.013  0.018
                                              0.016  0.009  0.008  0.007  0.000  0.000
  MAX.Y  22578.023   120.009                 -1.254  0.315  0.054  0.192  0.010 -0.123 -0.217 -0.254 -0.350 -0.376 -0.484
                                             -0.596 -0.696 -0.805 -0.913
  2  1 4 22551.048   127.713 0.779 0.810     -1.099  0.282  0.055  0.174  0.015 -0.102 -0.185 -0.218 -0.302 -0.325 -0.420
                                             -0.518 -0.605 -0.701 -0.796
                                              0.050  0.020  0.020  0.550  0.080  0.060  0.030  0.030  0.020  0.020  0.030
                                              0.030  0.020  0.020  0.020
                                              0.017  0.027  0.021  0.655  0.081  0.054  0.025  0.024  0.015  0.014  0.020
                                              0.018  0.011  0.010  0.009  0.000  0.000
  2  1 4 22387.190   140.516 0.786 0.815     -0.849  0.226  0.052  0.143  0.020 -0.071 -0.135 -0.161 -0.226 -0.244 -0.317
                                             -0.393 -0.461 -0.535 -0.608
                                              0.050  0.020  0.020  0.550  0.080  0.060  0.030  0.030  0.020  0.020  0.030
                                              0.030  0.020  0.020  0.020
                                              0.021  0.025  0.021  0.634  0.082  0.056  0.026  0.026  0.016  0.016  0.022
                                              0.020  0.013  0.012  0.011  0.000  0.000
  2  1 4 22064.129   153.657 0.793 0.816     -0.599  0.166  0.044  0.107  0.020 -0.044 -0.090 -0.108 -0.154 -0.166 -0.218
                                             -0.272 -0.320 -0.373 -0.424
                                              0.050  0.020  0.020  0.550  0.080  0.060  0.030  0.030  0.020  0.020  0.030
                                              0.030  0.020  0.020  0.020
                                              0.027  0.024  0.021  0.612  0.082  0.057  0.027  0.027  0.017  0.017  0.024
                                              0.023  0.015  0.014  0.013  0.000  0.000
  2  1 4 21571.332   167.048 0.799 0.815     -0.349  0.101  0.031  0.067  0.016 -0.022 -0.049 -0.059 -0.086 -0.093 -0.124
                                             -0.155 -0.183 -0.214 -0.244
                                              0.050  0.020  0.020  0.550  0.080  0.060  0.030  0.030  0.020  0.020  0.030
                                              0.030  0.020  0.020  0.020
                                              0.035  0.022  0.021  0.588  0.081  0.059  0.029  0.028  0.018  0.018  0.027
                                              0.026  0.017  0.016  0.016  0.000  0.000
  3  1 4 20900.395   180.587 0.805 0.810     -0.099  0.030  0.010  0.020  0.006 -0.005 -0.013 -0.016 -0.023 -0.025 -0.034
                                             -0.043 -0.051 -0.060 -0.068
                                              0.050  0.020  0.020  0.550  0.080  0.060  0.030  0.030  0.020  0.020  0.030
                                              0.030  0.020  0.020  0.020
                                              0.045  0.021  0.020  0.561  0.080  0.060  0.030  0.030  0.020  0.019  0.029
                                              0.029  0.019  0.019  0.019  0.000  0.000
 **CRIT**20583.507   185.971                  0.000  0.000  0.000  0.000  0.000  0.000  0.000  0.000  0.000  0.000  0.000
                                              0.000  0.000  0.000  0.000
  3  1 4 20045.335   194.145 0.810 0.801      0.151 -0.048 -0.018 -0.033 -0.011  0.005  0.017  0.022  0.034  0.037  0.050
                                              0.064  0.076  0.089  0.103
                                              0.050  0.020  0.020  0.550  0.080  0.060  0.030  0.030  0.020  0.020  0.030
                                              0.030  0.020  0.020  0.020
                                              0.058  0.019  0.020  0.532  0.079  0.060  0.031  0.031  0.021  0.021  0.032
                                              0.032  0.022  0.022  0.022  0.000  0.000
  2  1 4 19002.793   207.572 0.816 0.788      0.401 -0.136 -0.056 -0.096 -0.037  0.007  0.040  0.051  0.084  0.092  0.127
                                              0.164  0.197  0.233  0.268
                                              0.050  0.020  0.020  0.550  0.080  0.060  0.030  0.030  0.020  0.020  0.030
                                              0.030  0.020  0.020  0.020
                                              0.075  0.017  0.019  0.500  0.077  0.060  0.031  0.032  0.022  0.022  0.034
                                              0.035  0.024  0.025  0.026  0.000  0.000


  stop: temperature, deg C =  2.076E+02

  Total number of steps                =  15
  Total number of Newtonian iterations =  33
  Average iteration per step           = 2.2000
  Total number of Jacobian calls       =  33

              X-Axis :   T,deg C 
              Y-Axis :   P,   kPa


              Legend -  * : calculated point,   0 : tabulated point
                        M : maximum/minimum,    C : critical point


              I+---------+---------+---------+---------+---------+---------+---------+---------+---------+---------+I
    2.3100E+04+                                                                                                     +
              I                                                                                                     I
              I                                                                                                     I
              I                                                                                                     I
              I                                                                                                     I
              I                                                                                                     I
              I                                          * M                                                        I
              I                                                 *                                                   I
              I                                   *                    *                                            I
              I                                                                                                     I
    2.2260E+04+                                                                                                     +
              I                             *                                                                       I
              I                                                               *                                     I
              I                                                                                                     I
              I                                                                                                     I
              I                       *                                                                             I
              I                                                                                                     I
              I                                                                                                     I
              I                                                                       *                             I
              I                                                                                                     I
    2.1420E+04+                 *                                                                                   +
              I                                                                                                     I
              I                                                                                                     I
              I                                                                                                     I
              I                                                                                                     I
              I                                                                                                     I
              I            *                                                                 *                      I
              I                                                                                                     I
              I                                                                                                     I
              I                                                                                                     I
    2.0580E+04+                                                                                 C                   +
              I        *                                                                                            I
              I                                                                                                     I
              I                                                                                                     I
              I      *                                                                                              I
              I                                                                                                     I
              I                                                                                      *              I
              I                                                                                                     I
              I                                                                                                     I
              I                                                                                                     I
    1.9740E+04+                                                                                                     +
              I                                                                                                     I
              I                                                                                                     I
              I                                                                                                     I
              I                                                                                                     I
              I                                                                                                     I
              I                                                                                                     I
              I                                                                                                     I
              I                                                                                                     I
              I                                                                                             *       I
    1.8900E+04+                                                                                                     +
              I+---------+---------+---------+---------+---------+---------+---------+---------+---------+---------+I
           40.0      58.0      76.0      94.0      112.      130.      148.      166.      184.      202.      220.    


              X-Axis Increment =  1.800000E+00
              Y-Axis Increment =  8.400000E+01
1
  **************************************************
  *                                                *
  *                WINPROP  2022.10                *
  *             2022-May-26   09:27:26             *
  * Computer Modelling Group Ltd., Calgary, Canada *
  *                        2                       *
  **************************************************
  Two-phase phase diagram construction

 initial conditions (guesses):
     DER       -1.0000000E-01                    F(mole)     0.0000000E+00
     P,   kPa   2.0073228E+04                    W(vol.)     0.0000000E+00
     T,deg C    5.0000000E+01                    ZETA        0.0000000E+00

                 feed           K-value           ZA            ZB 
     C10+     5.000000E-02 5.0795603E-02     5.000E-02     0.000E+00
     N2       2.000000E-02 1.8595801E+00     2.000E-02     0.000E+00
     CO2      2.000000E-02 9.7548102E-01     2.000E-02     0.000E+00
     CH4      5.500000E-01 1.3915526E+00     5.500E-01     0.000E+00
     C2H6     8.000000E-02 9.0162089E-01     8.000E-02     0.000E+00
     C3H8     6.000000E-02 6.5928859E-01     6.000E-02     0.000E+00
     IC4      3.000000E-02 5.3475783E-01     3.000E-02     0.000E+00
     NC4      3.000000E-02 4.8594480E-01     3.000E-02     0.000E+00
     IC5      2.000000E-02 3.9052927E-01     2.000E-02     0.000E+00
     NC5      2.000000E-02 3.6433264E-01     2.000E-02     0.000E+00
     FC6      3.000000E-02 2.8290454E-01     3.000E-02     0.000E+00
     FC7      3.000000E-02 2.1751059E-01     3.000E-02     0.000E+00
     FC8      2.000000E-02 1.7137033E-01     2.000E-02     0.000E+00
     FC9      2.000000E-02 1.3297016E-01     2.000E-02     0.000E+00
     FC10     2.000000E-02 1.0262289E-01     2.000E-02     0.000E+00

 variable limits:
          P,   kPa   T,deg C    ZETA    d(zeta)       FRY
     max   50325.0     200.0    1.0000   0.15000      10.0
     min       0.1       0.0    0.0000   0.03000     -10.0


 stability check on both phases
     ST =  4 : both phases stable
     ST =  2 : phase  X unstable
     ST = -2 : phase  Y unstable
     ST = -4 : both phases unstable

 ZX,ZY  =  compressibility factor of L and V phase
 IT     =  number of iterations
 NV     =  specification variable number

 IT NV ST   P,   kPa  T,deg C   ZX   ZY               ln(K)
                                                     X(i)
                                                     Y(i), FRY, VOLY
 
  4  1 4 20278.055    50.000 0.693 0.731     -2.899  0.603 -0.026  0.321 -0.102 -0.406 -0.610 -0.703 -0.916 -0.984 -1.230
                                             -1.486 -1.719 -1.966 -2.218
                                              0.050  0.020  0.020  0.550  0.080  0.060  0.030  0.030  0.020  0.020  0.030
                                              0.030  0.020  0.020  0.020
                                              0.003  0.037  0.019  0.758  0.072  0.040  0.016  0.015  0.008  0.007  0.009
                                              0.007  0.004  0.003  0.002  0.000  0.000
  2  1 4 20038.713    46.527 0.687 0.725     -2.999  0.618 -0.034  0.326 -0.111 -0.426 -0.636 -0.733 -0.953 -1.023 -1.278
                                             -1.543 -1.783 -2.038 -2.299
                                              0.050  0.020  0.020  0.550  0.080  0.060  0.030  0.030  0.020  0.020  0.030
                                              0.030  0.020  0.020  0.020
                                              0.002  0.037  0.019  0.762  0.072  0.039  0.016  0.014  0.008  0.007  0.008
                                              0.006  0.003  0.003  0.002  0.000  0.000
  1  1 4 19543.446    39.853 0.674 0.713     -3.199  0.648 -0.051  0.337 -0.130 -0.466 -0.689 -0.793 -1.026 -1.102 -1.373
                                             -1.655 -1.912 -2.184 -2.462
                                              0.050  0.020  0.020  0.550  0.080  0.060  0.030  0.030  0.020  0.020  0.030
                                              0.030  0.020  0.020  0.020
                                              0.002  0.038  0.019  0.770  0.070  0.038  0.015  0.014  0.007  0.007  0.008
                                              0.006  0.003  0.002  0.002  0.000  0.000
  1  1 4 18901.358    32.010 0.657 0.697     -3.449  0.683 -0.072  0.348 -0.155 -0.517 -0.756 -0.868 -1.119 -1.201 -1.493
                                             -1.797 -2.073 -2.366 -2.667
                                              0.050  0.020  0.020  0.550  0.080  0.060  0.030  0.030  0.020  0.020  0.030
                                              0.030  0.020  0.020  0.020
                                              0.002  0.040  0.019  0.779  0.068  0.036  0.014  0.013  0.007  0.006  0.007
                                              0.005  0.003  0.002  0.001  0.000  0.000
  1  1 4 18244.247    24.709 0.640 0.681     -3.699  0.717 -0.095  0.359 -0.182 -0.569 -0.823 -0.944 -1.212 -1.302 -1.614
                                             -1.939 -2.236 -2.548 -2.871
                                              0.050  0.020  0.020  0.550  0.080  0.060  0.030  0.030  0.020  0.020  0.030
                                              0.030  0.020  0.020  0.020
                                              0.001  0.041  0.018  0.788  0.067  0.034  0.013  0.012  0.006  0.005  0.006
                                              0.004  0.002  0.002  0.001  0.000  0.000
  1  1 4 17582.165    17.930 0.622 0.666     -3.949  0.750 -0.119  0.369 -0.208 -0.621 -0.891 -1.021 -1.306 -1.402 -1.735
                                             -2.081 -2.398 -2.731 -3.076
                                              0.050  0.020  0.020  0.550  0.080  0.060  0.030  0.030  0.020  0.020  0.030
                                              0.030  0.020  0.020  0.020
                                              0.001  0.042  0.018  0.795  0.065  0.032  0.012  0.011  0.005  0.005  0.005
                                              0.004  0.002  0.001  0.001  0.000  0.000
  1  1 4 16923.807    11.652 0.605 0.650     -4.199  0.782 -0.143  0.378 -0.236 -0.674 -0.959 -1.098 -1.400 -1.503 -1.856
                                             -2.223 -2.560 -2.913 -3.280
                                              0.050  0.020  0.020  0.550  0.080  0.060  0.030  0.030  0.020  0.020  0.030
                                              0.030  0.020  0.020  0.020
                                              0.001  0.044  0.017  0.802  0.063  0.031  0.011  0.010  0.005  0.004  0.005
                                              0.003  0.002  0.001  0.001  0.000  0.000
  1  1 4 16276.504     5.851 0.587 0.635     -4.449  0.813 -0.168  0.386 -0.264 -0.728 -1.028 -1.176 -1.494 -1.604 -1.977
                                             -2.365 -2.722 -3.095 -3.484
                                              0.050  0.020  0.020  0.550  0.080  0.060  0.030  0.030  0.020  0.020  0.030
                                              0.030  0.020  0.020  0.020
                                              0.001  0.045  0.017  0.809  0.061  0.029  0.011  0.009  0.004  0.004  0.004
                                              0.003  0.001  0.001  0.001  0.000  0.000
  1  1 4 15646.243     0.501 0.569 0.620     -4.699  0.843 -0.193  0.393 -0.293 -0.782 -1.097 -1.253 -1.588 -1.705 -2.097
                                             -2.507 -2.883 -3.277 -3.687
                                              0.050  0.020  0.020  0.550  0.080  0.060  0.030  0.030  0.020  0.020  0.030
                                              0.030  0.020  0.020  0.020
                                              0.000  0.046  0.016  0.815  0.060  0.027  0.010  0.009  0.004  0.004  0.004
                                              0.002  0.001  0.001  0.001  0.000  0.000
  1  1 4 15037.729    -4.424 0.552 0.606     -4.949  0.871 -0.218  0.400 -0.322 -0.836 -1.166 -1.331 -1.682 -1.806 -2.218
                                             -2.648 -3.044 -3.457 -3.889
                                              0.050  0.020  0.020  0.550  0.080  0.060  0.030  0.030  0.020  0.020  0.030
                                              0.030  0.020  0.020  0.020
                                              0.000  0.048  0.016  0.820  0.058  0.026  0.009  0.008  0.004  0.003  0.003
                                              0.002  0.001  0.001  0.000  0.000  0.000


  stop: temperature, deg C = -4.424E+00

  Total number of steps                =  10
  Total number of Newtonian iterations =  14
  Average iteration per step           = 1.4000
  Total number of Jacobian calls       =  14

              X-Axis :   T,deg C 
              Y-Axis :   P,   kPa


              Legend -  * : calculated point,   0 : tabulated point
                        M : maximum/minimum,    C : critical point


              I+---------+---------+---------+---------+---------+---------+---------+---------+---------+---------+I
    2.3900E+04+                                                                                                     +
              I                                                                                                     I
              I                                                                                                     I
              I                                                                                                     I
              I                                                                                                     I
              I                                                                                                     I
              I                                                                                                     I
              I                                                  * M  *                                             I
              I                                             *              *                                        I
              I                                         *                                                           I
    2.2100E+04+                                                                 *                                   +
              I                                    *                                                                I
              I                                                                                                     I
              I                                                                       *                             I
              I                                *                                                                    I
              I                                                                                                     I
              I                            *                                                                        I
              I                                                                            *                        I
              I                                                                              C                      I
              I                         *                                                                           I
    2.0300E+04+                        *                                                                            +
              I                       *                                                          *                  I
              I                                                                                                     I
              I                                                                                                     I
              I                    *                                                                                I
              I                                                                                                     I
              I                                                                                                     I
              I                                                                                       *             I
              I                 *                                                                                   I
              I                                                                                                     I
    1.8500E+04+                                                                                                     +
              I              *                                                                                      I
              I                                                                                                     I
              I                                                                                                     I
              I                                                                                                     I
              I           *                                                                                         I
              I                                                                                                     I
              I                                                                                                     I
              I                                                                                                     I
              I         *                                                                                           I
    1.6700E+04+                                                                                                     +
              I                                                                                                     I
              I      *                                                                                              I
              I                                                                                                     I
              I                                                                                                     I
              I                                                                                                     I
              I    *                                                                                                I
              I                                                                                                     I
              I                                                                                                     I
              I  *                                                                                                  I
    1.4900E+04+                                                                                                     +
              I+---------+---------+---------+---------+---------+---------+---------+---------+---------+---------+I
          -10.0      15.0      40.0      65.0      90.0      115.      140.      165.      190.      215.      240.    


              X-Axis Increment =  2.500000E+00
              Y-Axis Increment =  1.800000E+02
1
  **************************************************
  *                                                *
  *                WINPROP  2022.10                *
  *             2022-May-26   09:27:26             *
  * Computer Modelling Group Ltd., Calgary, Canada *
  *                        3                       *
  **************************************************
  Multiphase flash calculation
  2-Phase EOS Flash: QNSS Method

  Equilibrium Properties at  20000.000    kPa and  106.850 deg C
      Phase Split: Liquid-Vapour                      

  Peng-Robinson Equations of State

                               mole percent  
                       -------------------------------
           component      Feed     Phase01    Phase02

           C10+          5.00000    6.70908    0.59421
           N2            2.00000    1.62748    2.96030
           CO2           2.00000    1.94188    2.14984
           CH4          55.00000   49.01607   70.42581
           C2H6          8.00000    7.96895    8.08004
           C3H8          6.00000    6.38390    5.01034
           IC4           3.00000    3.31891    2.17788
           NC4           3.00000    3.36702    2.05386
           IC5           2.00000    2.31898    1.17770
           NC5           2.00000    2.33840    1.12764
           FC6           3.00000    3.61375    1.41782
           FC7           3.00000    3.70819    1.17437
           FC8           2.00000    2.52038    0.65852
           FC9           2.00000    2.56487    0.54384
           FC10          2.00000    2.60211    0.44783
                       ...............................
       Phase Mole %                72.05042   27.94958

                               mass percent  
                       -------------------------------

           C10+         22.52810   26.30752    4.34783
           N2            1.26216    0.89385    3.03386
           CO2           1.98292    1.67556    3.46144
           CH4          19.87801   15.41740   41.33497
           C2H6          5.41936    4.69809    8.88888
           C3H8          5.96053    5.51928    8.08308
           IC4           3.92827    3.78215    4.63116
           NC4           3.92827    3.83697    4.36743
           IC5           3.25085    3.28040    3.10869
           NC5           3.25085    3.30787    2.97655
           FC6           5.81225    6.09318    4.46087
           FC7           6.48809    6.97944    4.12453
           FC8           4.82101    5.28734    2.57783
           FC9           5.45180    6.08468    2.40744
           FC10          6.03753    6.83625    2.19544
                       ...............................
       Phase Mass %                82.78926   17.21074

                               volume percent
                       -------------------------------

           C10+                    14.81653    1.39649
           N2                       1.83944    3.56053
           CO2                      1.32546    1.56158
           CH4                     48.76124   74.55551
           C2H6                     5.46375    5.89542
           C3H8                     4.12963    3.44909
           IC4                      2.41268    1.68480
           NC4                      2.37398    1.54103
           IC5                      1.85260    1.00122
           NC5                      1.88419    0.96692
           FC6                      3.08596    1.28844
           FC7                      3.43068    1.15620
           FC8                      2.54232    0.70688
           FC9                      2.87274    0.64821
           FC10                     3.20880    0.58769
                       ...............................
       Phase Volume %              69.87419   30.12581
 
           component       ln (fug, atm)     K-values w.r.t. phase 1
                                            --------------------------
                                            Phase01/02       Phase02
 
           C10+             -5.08065E+00    1.12907E+01    8.85686E-02
           N2                2.08762E+00    5.49770E-01    1.81894E+00
           CO2               1.13495E+00    9.03267E-01    1.10709E+00
           CH4               4.88191E+00    6.95996E-01    1.43679E+00
           C2H6              2.14569E+00    9.86251E-01    1.01394E+00
           C3H8              1.23497E+00    1.27415E+00    7.84840E-01
           IC4               8.38442E-02    1.52392E+00    6.56203E-01
           NC4              -8.15556E-02    1.63937E+00    6.09992E-01
           IC5              -9.58230E-01    1.96908E+00    5.07851E-01
           NC5              -1.08570E+00    2.07371E+00    4.82227E-01
           FC6              -1.17742E+00    2.54881E+00    3.92340E-01
           FC7              -1.71034E+00    3.15762E+00    3.16695E-01
           FC8              -2.60470E+00    3.82734E+00    2.61278E-01
           FC9              -3.14717E+00    4.71624E+00    2.12033E-01
           FC10             -3.69100E+00    5.81044E+00    1.72104E-01

                                   liquid    vapour
 Z-factor                           0.7170     0.7969
 Molar vol, m3/kmol     0.11681   0.11328   0.12590
 MW, g/mol               44.389     51.01     27.33
 Ideal H,    J/mol    20346.928  22020.49  16032.69
 Enthalpy,    J/mol    9711.222   9060.60  11388.44
 Ideal Cp,   J/mol-K               96.3553    57.6075
 Cp,   J/mol-K                    133.2621    82.1806
 Ideal S,   J/mol-K               200.4634   206.2611
 Entropy,   J/mol-K               177.5460   197.2414
 Density, Kg/m3                   450.2620   217.1045
 Viscosity, cp                      0.0546     0.0256
 IFT (Ref: Liquid    ), dyne/cm                0.1623
Phase Volume %                    69.8742   30.1258
Phase Mole %                      72.0504   27.9496

 Enthalpy is zero for ideal gas at absolute zero
 Interfacial tension, IFT, is referenced to phase 1

 Convergence status :
    Total iterations in phase equilibrium calculation       9
    Total iterations in phase split calculation            16
    Residual sum of squares error                 2.42137E-26
1
  **************************************************
  *                                                *
  *                WINPROP  2022.10                *
  *             2022-May-26   09:27:26             *
  * Computer Modelling Group Ltd., Calgary, Canada *
  *                        4                       *
  **************************************************
  Multiphase flash calculation
  2-Phase EOS Flash: QNSS Method

  Equilibrium Properties at  20500.000    kPa and  106.850 deg C
      Phase Split: Liquid-Vapour                      

  Peng-Robinson Equations of State

                               mole percent  
                       -------------------------------
           component      Feed     Phase01    Phase02

           C10+          5.00000    6.38819    0.66588
           N2            2.00000    1.69447    2.95392
           CO2           2.00000    1.95511    2.14016
           CH4          55.00000   50.15164   70.13732
           C2H6          8.00000    7.98090    8.05962
           C3H8          6.00000    6.31382    5.02020
           IC4           3.00000    3.25860    2.19261
           NC4           3.00000    3.29722    2.07204
           IC5           2.00000    2.25758    1.19580
           NC5           2.00000    2.27315    1.14719
           FC6           3.00000    3.49500    1.45454
           FC7           3.00000    3.57116    1.21674
           FC8           2.00000    2.41992    0.68895
           FC9           2.00000    2.45627    0.57546
           FC10          2.00000    2.48699    0.47956
                       ...............................
       Phase Mole %                75.74082   24.25918

                               mass percent  
                       -------------------------------

           C10+         22.52810   25.68176    4.81562
           N2            1.26216    0.95414    2.99217
           CO2           1.98292    1.72957    3.40586
           CH4          19.87801   16.17290   40.68767
           C2H6          5.41936    4.82395    8.76347
           C3H8          5.96053    5.59653    8.00494
           IC4           3.92827    3.80718    4.60835
           NC4           3.92827    3.85230    4.35495
           IC5           3.25085    3.27418    3.11981
           NC5           3.25085    3.29676    2.99300
           FC6           5.81225    6.04175    4.52328
           FC7           6.48809    6.89125    4.22375
           FC8           4.82101    5.20477    2.66564
           FC9           5.45180    5.97418    2.51784
           FC10          6.03753    6.69877    2.32366
                       ...............................
       Phase Mass %                84.88624   15.11376

                               volume percent
                       -------------------------------

           C10+                    14.34399    1.59403
           N2                       1.90528    3.54107
           CO2                      1.32263    1.54357
           CH4                     49.57986   73.92281
           C2H6                     5.48118    5.90127
           C3H8                     4.13176    3.50246
           IC4                      2.40162    1.72283
           NC4                      2.35829    1.58000
           IC5                      1.83100    1.03398
           NC5                      1.85983    1.00067
           FC6                      3.03197    1.34529
           FC7                      3.35741    1.21956
           FC8                      2.48094    0.75303
           FC9                      2.79650    0.69849
           FC10                     3.11774    0.64094
                       ...............................
       Phase Volume %              74.01121   25.98879
 
           component       ln (fug, atm)     K-values w.r.t. phase 1
                                            --------------------------
                                            Phase01/02       Phase02
 
           C10+             -5.04106E+00    9.59363E+00    1.04236E-01
           N2                2.12314E+00    5.73633E-01    1.74327E+00
           CO2               1.14933E+00    9.13531E-01    1.09465E+00
           CH4               4.90523E+00    7.15049E-01    1.39851E+00
           C2H6              2.15656E+00    9.90233E-01    1.00986E+00
           C3H8              1.24059E+00    1.25768E+00    7.95112E-01
           IC4               8.78067E-02    1.48617E+00    6.72869E-01
           NC4              -7.85990E-02    1.59129E+00    6.28422E-01
           IC5              -9.55439E-01    1.88793E+00    5.29682E-01
           NC5              -1.08304E+00    1.98149E+00    5.04671E-01
           FC6              -1.17411E+00    2.40281E+00    4.16179E-01
           FC7              -1.70512E+00    2.93502E+00    3.40713E-01
           FC8              -2.59675E+00    3.51246E+00    2.84701E-01
           FC9              -3.13527E+00    4.26836E+00    2.34282E-01
           FC10             -3.67450E+00    5.18601E+00    1.92827E-01

                                   liquid    vapour
 Z-factor                           0.7269     0.7969
 Molar vol, m3/kmol     0.11465   0.11204   0.12283
 MW, g/mol               44.389     49.75     27.65
 Ideal H,    J/mol    20346.928  21702.22  16115.49
 Enthalpy,    J/mol    9685.602   9164.41  11312.83
 Ideal Cp,   J/mol-K               94.2962    58.1419
 Cp,   J/mol-K                    130.7335    83.1737
 Ideal S,   J/mol-K               200.7750   206.1701
 Entropy,   J/mol-K               178.5327   196.8564
 Density, Kg/m3                   444.0444   225.1507
 Viscosity, cp                      0.0536     0.0264
 IFT (Ref: Liquid    ), dyne/cm                0.1249
Phase Volume %                    74.0112   25.9888
Phase Mole %                      75.7408   24.2592

 Enthalpy is zero for ideal gas at absolute zero
 Interfacial tension, IFT, is referenced to phase 1

 Convergence status :
    Total iterations in phase equilibrium calculation       5
    Total iterations in phase split calculation            11
    Residual sum of squares error                 4.67911E-22
1
  **************************************************
  *                                                *
  *                WINPROP  2022.10                *
  *             2022-May-26   09:27:26             *
  * Computer Modelling Group Ltd., Calgary, Canada *
  *                        5                       *
  **************************************************
  Multiphase flash calculation
  2-Phase EOS Flash: QNSS Method

  Equilibrium Properties at  21000.000    kPa and  106.850 deg C
      Phase Split: Liquid-Vapour                      

  Peng-Robinson Equations of State

                               mole percent  
                       -------------------------------
           component      Feed     Phase01    Phase02

           C10+          5.00000    6.06001    0.74794
           N2            2.00000    1.76447    2.94480
           CO2           2.00000    1.96746    2.13052
           CH4          55.00000   51.30743   69.81211
           C2H6          8.00000    7.98991    8.04046
           C3H8          6.00000    6.24101    5.03322
           IC4           3.00000    3.19708    2.20944
           NC4           3.00000    3.22622    2.09254
           IC5           2.00000    2.19552    1.21570
           NC5           2.00000    2.20726    1.16863
           FC6           3.00000    3.37530    1.49457
           FC7           3.00000    3.43305    1.26291
           FC8           2.00000    2.31855    0.72221
           FC9           2.00000    2.34646    0.61023
           FC10          2.00000    2.37027    0.51473
                       ...............................
       Phase Mole %                80.04519   19.95481

                               mass percent  
                       -------------------------------

           C10+         22.52810   25.00473    5.33958
           N2            1.26216    1.01975    2.94458
           CO2           1.98292    1.78639    3.34692
           CH4          19.87801   16.98183   39.97832
           C2H6          5.41936    4.95672    8.63023
           C3H8          5.96053    5.67783    7.92252
           IC4           3.92827    3.83379    4.58401
           NC4           3.92827    3.86873    4.34148
           IC5           3.25085    3.26812    3.13096
           NC5           3.25085    3.28559    3.00972
           FC6           5.81225    5.98865    4.58798
           FC7           6.48809    6.79938    4.32765
           FC8           4.82101    5.11821    2.75839
           FC9           5.45180    5.85757    2.63564
           FC10          6.03753    6.55271    2.46202
                       ...............................
       Phase Mass %                87.40599   12.59401

                               volume percent
                       -------------------------------

           C10+                    13.83714    1.82204
           N2                       1.97531    3.51718
           CO2                      1.32097    1.52612
           CH4                     50.44967   73.23613
           C2H6                     5.50174    5.90684
           C3H8                     4.13299    3.55609
           IC4                      2.38947    1.76176
           NC4                      2.34131    1.62015
           IC5                      1.80813    1.06816
           NC5                      1.83409    1.03600
           FC6                      2.97519    1.40551
           FC7                      3.28040    1.28747
           FC8                      2.41634    0.80301
           FC9                      2.71601    0.75358
           FC10                     3.02124    0.69997
                       ...............................
       Phase Volume %              78.75184   21.24816
 
           component       ln (fug, atm)     K-values w.r.t. phase 1
                                            --------------------------
                                            Phase01/02       Phase02
 
           C10+             -5.00132E+00    8.10223E+00    1.23423E-01
           N2                2.15798E+00    5.99181E-01    1.66895E+00
           CO2               1.16325E+00    9.23464E-01    1.08288E+00
           CH4               4.92798E+00    7.34936E-01    1.36066E+00
           C2H6              2.16715E+00    9.93714E-01    1.00633E+00
           C3H8              1.24615E+00    1.23996E+00    8.06475E-01
           IC4               9.18305E-02    1.44701E+00    6.91079E-01
           NC4              -7.55604E-02    1.54177E+00    6.48603E-01
           IC5              -9.52498E-01    1.80597E+00    5.53719E-01
           NC5              -1.08022E+00    1.88876E+00    5.29447E-01
           FC6              -1.17063E+00    2.25838E+00    4.42795E-01
           FC7              -1.69975E+00    2.71836E+00    3.67869E-01
           FC8              -2.58866E+00    3.21035E+00    3.11493E-01
           FC9              -3.12325E+00    3.84521E+00    2.60064E-01
           FC10             -3.65790E+00    4.60490E+00    2.17160E-01

                                   liquid    vapour
 Z-factor                           0.7365     0.7971
 Molar vol, m3/kmol     0.11263   0.11081   0.11993
 MW, g/mol               44.389     48.47     28.02
 Ideal H,    J/mol    20346.928  21378.71  16208.13
 Enthalpy,    J/mol    9661.618   9269.17  11235.87
 Ideal Cp,   J/mol-K               92.2029    58.7401
 Cp,   J/mol-K                    128.1556    84.2297
 Ideal S,   J/mol-K               201.0896   206.0719
 Entropy,   J/mol-K               179.5325   196.4456
 Density, Kg/m3                   437.4293   233.5985
 Viscosity, cp                      0.0526     0.0273
 IFT (Ref: Liquid    ), dyne/cm                0.0930
Phase Volume %                    78.7518   21.2482
Phase Mole %                      80.0452   19.9548

 Enthalpy is zero for ideal gas at absolute zero
 Interfacial tension, IFT, is referenced to phase 1

 Convergence status :
    Total iterations in phase equilibrium calculation       5
    Total iterations in phase split calculation            12
    Residual sum of squares error                 1.44030E-21
1
  **************************************************
  *                                                *
  *                WINPROP  2022.10                *
  *             2022-May-26   09:27:26             *
  * Computer Modelling Group Ltd., Calgary, Canada *
  *                        6                       *
  **************************************************
  Multiphase flash calculation
  2-Phase EOS Flash: QNSS Method

  Equilibrium Properties at  21500.000    kPa and  106.850 deg C
      Phase Split: Liquid-Vapour                      

  Peng-Robinson Equations of State

                               mole percent  
                       -------------------------------
           component      Feed     Phase01    Phase02

           C10+          5.00000    5.72194    0.84289
           N2            2.00000    1.83809    2.93233
           CO2           2.00000    1.97901    2.12089
           CH4          55.00000   52.49190   69.44218
           C2H6          8.00000    7.99608    8.02260
           C3H8          6.00000    6.16499    5.04993
           IC4           3.00000    3.13394    2.22877
           NC4           3.00000    3.15355    2.11581
           IC5           2.00000    2.13236    1.23781
           NC5           2.00000    2.14026    1.19237
           FC6           3.00000    3.25378    1.53866
           FC7           3.00000    3.29284    1.31377
           FC8           2.00000    2.21552    0.75896
           FC9           2.00000    2.23464    0.64888
           FC10          2.00000    2.25109    0.55415
                       ...............................
       Phase Mole %                85.20322   14.79678

                               mass percent  
                       -------------------------------

           C10+         22.52810   24.26522    5.93097
           N2            1.26216    1.09178    2.88999
           CO2           1.98292    1.84676    3.28392
           CH4          19.87801   17.85619   39.19521
           C2H6          5.41936    5.09825    8.48735
           C3H8          5.96053    5.76438    7.83464
           IC4           3.92827    3.86239    4.55768
           NC4           3.92827    3.88657    4.32669
           IC5           3.25085    3.26223    3.14211
           NC5           3.25085    3.27430    3.02676
           FC6           5.81225    5.93332    4.65548
           FC7           6.48809    6.70274    4.43724
           FC8           4.82101    5.02656    2.85712
           FC9           5.45180    5.73329    2.76233
           FC10          6.03753    6.39601    2.61250
                       ...............................
       Phase Mass %                90.52525    9.47475

                               volume percent
                       -------------------------------

           C10+                    13.28909    2.08746
           N2                       2.05039    3.48801
           CO2                      1.32051    1.50906
           CH4                     51.38261   72.48396
           C2H6                     5.52556    5.91165
           C3H8                     4.13314    3.61018
           IC4                      2.37599    1.80183
           NC4                      2.32275    1.66178
           IC5                      1.78366    1.10408
           NC5                      1.80661    1.07326
           FC6                      2.91489    1.46984
           FC7                      3.19869    1.36086
           FC8                      2.34771    0.85760
           FC9                      2.63030    0.81444
           FC10                     2.91810    0.76600
                       ...............................
       Phase Volume %              84.33882   15.66118
 
           component       ln (fug, atm)     K-values w.r.t. phase 1
                                            --------------------------
                                            Phase01/02       Phase02
 
           C10+             -4.96144E+00    6.78847E+00    1.47309E-01
           N2                2.19218E+00    6.26835E-01    1.59532E+00
           CO2               1.17672E+00    9.33102E-01    1.07169E+00
           CH4               4.95019E+00    7.55908E-01    1.32291E+00
           C2H6              2.17748E+00    9.96694E-01    1.00332E+00
           C3H8              1.25165E+00    1.22081E+00    8.19131E-01
           IC4               9.59204E-02    1.40613E+00    7.11172E-01
           NC4              -7.24358E-02    1.49047E+00    6.70929E-01
           IC5              -9.49408E-01    1.72269E+00    5.80488E-01
           NC5              -1.07725E+00    1.79496E+00    5.57115E-01
           FC6              -1.16699E+00    2.11469E+00    4.72882E-01
           FC7              -1.69423E+00    2.50641E+00    3.98977E-01
           FC8              -2.58044E+00    2.91915E+00    3.42566E-01
           FC9              -3.11112E+00    3.44383E+00    2.90375E-01
           FC10             -3.64120E+00    4.06224E+00    2.46170E-01

                                   liquid    vapour
 Z-factor                           0.7458     0.7974
 Molar vol, m3/kmol     0.11072   0.10960   0.11719
 MW, g/mol               44.389     47.16     28.42
 Ideal H,    J/mol    20346.928  21047.50  16312.90
 Enthalpy,    J/mol    9639.216   9375.67  11156.77
 Ideal Cp,   J/mol-K               90.0596    59.4166
 Cp,   J/mol-K                    125.5082    85.3677
 Ideal S,   J/mol-K               201.4100   205.9640
 Entropy,   J/mol-K               180.5536   196.0013
 Density, Kg/m3                   430.3187   242.5444
 Viscosity, cp                      0.0515     0.0282
 IFT (Ref: Liquid    ), dyne/cm                0.0663
Phase Volume %                    84.3388   15.6612
Phase Mole %                      85.2032   14.7968

 Enthalpy is zero for ideal gas at absolute zero
 Interfacial tension, IFT, is referenced to phase 1

 Convergence status :
    Total iterations in phase equilibrium calculation       5
    Total iterations in phase split calculation            12
    Residual sum of squares error                 5.96313E-21
1
  **************************************************
  *                                                *
  *                WINPROP  2022.10                *
  *             2022-May-26   09:27:26             *
  * Computer Modelling Group Ltd., Calgary, Canada *
  *                        7                       *
  **************************************************
  Multiphase flash calculation
  2-Phase EOS Flash: QNSS Method

  Equilibrium Properties at  22000.000    kPa and  106.850 deg C
      Phase Split: Liquid-Vapour                      

  Peng-Robinson Equations of State

                               mole percent  
                       -------------------------------
           component      Feed     Phase01    Phase02

           C10+          5.00000    5.37024    0.95432
           N2            2.00000    1.91620    2.91563
           CO2           2.00000    1.98982    2.11122
           CH4          55.00000   53.71734   69.01573
           C2H6          8.00000    7.99944    8.00611
           C3H8          6.00000    6.08501    5.07113
           IC4           3.00000    3.06853    2.25122
           NC4           3.00000    3.07847    2.14256
           IC5           2.00000    2.06747    1.26273
           NC5           2.00000    2.07147    1.21906
           FC6           3.00000    3.12922    1.58796
           FC7           3.00000    3.14911    1.37064
           FC8           2.00000    2.10980    0.80019
           FC9           2.00000    2.11966    0.69251
           FC10          2.00000    2.12821    0.59901
                       ...............................
       Phase Mole %                91.61570    8.38430

                               mass percent  
                       -------------------------------

           C10+         22.52810   23.44720    6.60588
           N2            1.26216    1.17184    2.82682
           CO2           1.98292    1.91176    3.21580
           CH4          19.87801   18.81339   38.32121
           C2H6          5.41936    5.25122    8.33221
           C3H8          5.96053    5.85783    7.73961
           IC4           3.92827    3.89361    4.52875
           NC4           3.92827    3.90623    4.31016
           IC5           3.25085    3.25648    3.15324
           NC5           3.25085    3.26278    3.04419
           FC6           5.81225    5.87492    4.72656
           FC7           6.48809    6.59973    4.55406
           FC8           4.82101    4.92825    2.96335
           FC9           5.45180    5.59909    2.90011
           FC10          6.03753    6.22568    2.77806
                       ...............................
       Phase Mass %                94.54260    5.45740

                               volume percent
                       -------------------------------

           C10+                    12.69000    2.40019
           N2                       2.13176    3.45232
           CO2                      1.32137    1.49219
           CH4                     52.39585   71.64952
           C2H6                     5.55288    5.91511
           C3H8                     4.13192    3.66504
           IC4                      2.36079    1.84343
           NC4                      2.30215    1.70535
           IC5                      1.75711    1.14223
           NC5                      1.77687    1.11297
           FC6                      2.84998    1.53932
           FC7                      3.11089    1.44112
           FC8                      2.27392    0.91793
           FC9                      2.53794    0.88251
           FC10                     2.80659    0.84077
                       ...............................
       Phase Volume %              91.17881    8.82119
 
           component       ln (fug, atm)     K-values w.r.t. phase 1
                                            --------------------------
                                            Phase01/02       Phase02
 
           C10+             -4.92144E+00    5.62729E+00    1.77706E-01
           N2                2.22577E+00    6.57217E-01    1.52157E+00
           CO2               1.18976E+00    9.42501E-01    1.06101E+00
           CH4               4.97188E+00    7.78335E-01    1.28479E+00
           C2H6              2.18758E+00    9.99167E-01    1.00083E+00
           C3H8              1.25712E+00    1.19993E+00    8.33381E-01
           IC4               1.00081E-01    1.36305E+00    7.33647E-01
           NC4              -6.92223E-02    1.43682E+00    6.95981E-01
           IC5              -9.46170E-01    1.63731E+00    6.10759E-01
           NC5              -1.07412E+00    1.69924E+00    5.88499E-01
           FC6              -1.16318E+00    1.97059E+00    5.07463E-01
           FC7              -1.68856E+00    2.29756E+00    4.35245E-01
           FC8              -2.57209E+00    2.63662E+00    3.79273E-01
           FC9              -3.09888E+00    3.06085E+00    3.26706E-01
           FC10             -3.62441E+00    3.55291E+00    2.81459E-01

                                   liquid    vapour
 Z-factor                           0.7548     0.7979
 Molar vol, m3/kmol     0.10892   0.10840   0.11460
 MW, g/mol               44.389     45.81     28.89
 Ideal H,    J/mol    20346.928  20705.10  16433.11
 Enthalpy,    J/mol    9618.342   9485.09  11074.39
 Ideal Cp,   J/mol-K               87.8438    60.1932
 Cp,   J/mol-K                    122.7626    86.6161
 Ideal S,   J/mol-K               201.7398   205.8429
 Entropy,   J/mol-K               181.6077   195.5126
 Density, Kg/m3                   422.5702   252.1297
 Viscosity, cp                      0.0503     0.0292
 IFT (Ref: Liquid    ), dyne/cm                0.0446
Phase Volume %                    91.1788    8.8212
Phase Mole %                      91.6157    8.3843

 Enthalpy is zero for ideal gas at absolute zero
 Interfacial tension, IFT, is referenced to phase 1

 Convergence status :
    Total iterations in phase equilibrium calculation       7
    Total iterations in phase split calculation            18
    Residual sum of squares error                 3.38648E-24
1
  **************************************************
  *                                                *
  *                WINPROP  2022.10                *
  *             2022-May-26   09:27:26             *
  * Computer Modelling Group Ltd., Calgary, Canada *
  *                        8                       *
  **************************************************
  Multiphase flash calculation
  2-Phase EOS Flash: QNSS Method

  Equilibrium Properties at  22500.000    kPa and  106.850 deg C
      Phase Split: Vapour                             

  Peng-Robinson Equations of State

                          mole percent  
                       --------------------
           component      Feed     Phase01

           C10+          5.00000    5.00000
           N2            2.00000    2.00000
           CO2           2.00000    2.00000
           CH4          55.00000   55.00000
           C2H6          8.00000    8.00000
           C3H8          6.00000    6.00000
           IC4           3.00000    3.00000
           NC4           3.00000    3.00000
           IC5           2.00000    2.00000
           NC5           2.00000    2.00000
           FC6           3.00000    3.00000
           FC7           3.00000    3.00000
           FC8           2.00000    2.00000
           FC9           2.00000    2.00000
           FC10          2.00000    2.00000
                       ....................
       Phase Mole %                 0.00000

                          mass percent  
                       --------------------

           C10+         22.52810   22.52810
           N2            1.26216    1.26216
           CO2           1.98292    1.98292
           CH4          19.87801   19.87801
           C2H6          5.41936    5.41936
           C3H8          5.96053    5.96053
           IC4           3.92827    3.92827
           NC4           3.92827    3.92827
           IC5           3.25085    3.25085
           NC5           3.25085    3.25085
           FC6           5.81225    5.81225
           FC7           6.48809    6.48809
           FC8           4.82101    4.82101
           FC9           5.45180    5.45180
           FC10          6.03753    6.03753
                       ....................
       Phase Mass %                     NaN

                          volume percent
                       --------------------

           C10+                    12.02654
           N2                       2.22111
           CO2                      1.32368
           CH4                     53.51254
           C2H6                     5.58412
           C3H8                     4.12893
           IC4                      2.34336
           NC4                      2.27890
           IC5                      1.72782
           NC5                      1.74415
           FC6                      2.77902
           FC7                      3.01510
           FC8                      2.19340
           FC9                      2.43698
           FC10                     2.68435
                       ....................
       Phase Volume %               0.00000
 
           component        ln (fug, atm)
 
           C10+             -4.88132E+00
           N2                2.25875E+00
           CO2               1.20242E+00
           CH4               4.99306E+00
           C2H6              2.19747E+00
           C3H8              1.26257E+00
           IC4               1.04340E-01
           NC4              -6.58933E-02
           IC5              -9.42758E-01
           NC5              -1.07081E+00
           FC6              -1.15920E+00
           FC7              -1.68273E+00
           FC8              -2.56360E+00
           FC9              -3.08654E+00
           FC10             -3.60753E+00

                                   vapour
 Z-factor                           0.7636
 Molar vol, m3/kmol               0.10722
 MW, g/mol               44.389     44.39
 Ideal H,    J/mol              20346.9275
 Enthalpy,    J/mol              9598.9513
 Ideal Cp,   J/mol-K               85.5255
 Cp,   J/mol-K                    119.8795
 Ideal S,   J/mol-K               202.0838
 Entropy,   J/mol-K               182.7101
 Density, Kg/m3                   413.9870
 Viscosity, cp                      0.0491

 Enthalpy is zero for ideal gas at absolute zero

 Convergence status :
    Total iterations in phase equilibrium calculation       8
    Total iterations in phase stability test               74
    Total iterations in phase split calculation            24
    Residual sum of squares error                 2.54377E-08
1
  **************************************************
  *                                                *
  *                WINPROP  2022.10                *
  *             2022-May-26   09:27:26             *
  * Computer Modelling Group Ltd., Calgary, Canada *
  *                        9                       *
  **************************************************
  Multiphase flash calculation
  2-Phase EOS Flash: QNSS Method

  Equilibrium Properties at  23000.000    kPa and  106.850 deg C
      Phase Split: Vapour                             

  Peng-Robinson Equations of State

                          mole percent  
                       --------------------
           component      Feed     Phase01

           C10+          5.00000    5.00000
           N2            2.00000    2.00000
           CO2           2.00000    2.00000
           CH4          55.00000   55.00000
           C2H6          8.00000    8.00000
           C3H8          6.00000    6.00000
           IC4           3.00000    3.00000
           NC4           3.00000    3.00000
           IC5           2.00000    2.00000
           NC5           2.00000    2.00000
           FC6           3.00000    3.00000
           FC7           3.00000    3.00000
           FC8           2.00000    2.00000
           FC9           2.00000    2.00000
           FC10          2.00000    2.00000
                       ....................
       Phase Mole %                 0.00000

                          mass percent  
                       --------------------

           C10+         22.52810   22.52810
           N2            1.26216    1.26216
           CO2           1.98292    1.98292
           CH4          19.87801   19.87801
           C2H6          5.41936    5.41936
           C3H8          5.96053    5.96053
           IC4           3.92827    3.92827
           NC4           3.92827    3.92827
           IC5           3.25085    3.25085
           NC5           3.25085    3.25085
           FC6           5.81225    5.81225
           FC7           6.48809    6.48809
           FC8           4.82101    4.82101
           FC9           5.45180    5.45180
           FC10          6.03753    6.03753
                       ....................
       Phase Mass %                     NaN

                          volume percent
                       --------------------

           C10+                    12.17413
           N2                       2.20612
           CO2                      1.31321
           CH4                     53.11450
           C2H6                     5.58722
           C3H8                     4.16186
           IC4                      2.36621
           NC4                      2.30222
           IC5                      1.74667
           NC5                      1.76346
           FC6                      2.81097
           FC7                      3.05059
           FC8                      2.21956
           FC9                      2.46634
           FC10                     2.71693
                       ....................
       Phase Volume %               0.00000
 
           component        ln (fug, atm)
 
           C10+             -4.84431E+00
           N2                2.27723E+00
           CO2               1.21606E+00
           CH4               5.00917E+00
           C2H6              2.21211E+00
           C3H8              1.27737E+00
           IC4               1.20255E-01
           NC4              -5.08456E-02
           IC5              -9.26715E-01
           NC5              -1.05498E+00
           FC6              -1.14376E+00
           FC7              -1.66731E+00
           FC8              -2.54776E+00
           FC9              -3.06972E+00
           FC10             -3.58968E+00

                                   vapour
 Z-factor                           0.7755
 Molar vol, m3/kmol               0.10653
 MW, g/mol               44.389     44.39
 Ideal H,    J/mol              20346.9275
 Enthalpy,    J/mol              9585.3308
 Ideal Cp,   J/mol-K               85.5255
 Cp,   J/mol-K                    119.4593
 Ideal S,   J/mol-K               202.0838
 Entropy,   J/mol-K               182.7164
 Density, Kg/m3                   416.6948
 Viscosity, cp                      0.0496

 Enthalpy is zero for ideal gas at absolute zero

 Convergence status :
    Total iterations in phase equilibrium calculation       5
    Total iterations in phase stability test               93
    Total iterations in phase split calculation            13
    Residual sum of squares error                 7.22892E-03
1
  **************************************************
  *                                                *
  *                WINPROP  2022.10                *
  *             2022-May-26   09:27:26             *
  * Computer Modelling Group Ltd., Calgary, Canada *
  *                       10                       *
  **************************************************
  Multiphase flash calculation
  2-Phase EOS Flash: QNSS Method

  Equilibrium Properties at  23500.000    kPa and  106.850 deg C
      Phase Split: Vapour                             

  Peng-Robinson Equations of State

                          mole percent  
                       --------------------
           component      Feed     Phase01

           C10+          5.00000    5.00000
           N2            2.00000    2.00000
           CO2           2.00000    2.00000
           CH4          55.00000   55.00000
           C2H6          8.00000    8.00000
           C3H8          6.00000    6.00000
           IC4           3.00000    3.00000
           NC4           3.00000    3.00000
           IC5           2.00000    2.00000
           NC5           2.00000    2.00000
           FC6           3.00000    3.00000
           FC7           3.00000    3.00000
           FC8           2.00000    2.00000
           FC9           2.00000    2.00000
           FC10          2.00000    2.00000
                       ....................
       Phase Mole %                 0.00000

                          mass percent  
                       --------------------

           C10+         22.52810   22.52810
           N2            1.26216    1.26216
           CO2           1.98292    1.98292
           CH4          19.87801   19.87801
           C2H6          5.41936    5.41936
           C3H8          5.96053    5.96053
           IC4           3.92827    3.92827
           NC4           3.92827    3.92827
           IC5           3.25085    3.25085
           NC5           3.25085    3.25085
           FC6           5.81225    5.81225
           FC7           6.48809    6.48809
           FC8           4.82101    4.82101
           FC9           5.45180    5.45180
           FC10          6.03753    6.03753
                       ....................
       Phase Mass %                     NaN

                          volume percent
                       --------------------

           C10+                    12.31819
           N2                       2.19135
           CO2                      1.30345
           CH4                     52.72594
           C2H6                     5.59075
           C3H8                     4.19377
           IC4                      2.38839
           NC4                      2.32487
           IC5                      1.76502
           NC5                      1.78225
           FC6                      2.84209
           FC7                      3.08518
           FC8                      2.24508
           FC9                      2.49497
           FC10                     2.74872
                       ....................
       Phase Volume %               0.00000
 
           component        ln (fug, atm)
 
           C10+             -4.80668E+00
           N2                2.29535E+00
           CO2               1.22950E+00
           CH4               5.02501E+00
           C2H6              2.22660E+00
           C3H8              1.29210E+00
           IC4               1.36160E-01
           NC4              -3.57833E-02
           IC5              -9.10601E-01
           NC5              -1.03906E+00
           FC6              -1.12817E+00
           FC7              -1.65168E+00
           FC8              -2.53164E+00
           FC9              -3.05256E+00
           FC10             -3.57141E+00

                                   vapour
 Z-factor                           0.7873
 Molar vol, m3/kmol               0.10586
 MW, g/mol               44.389     44.39
 Ideal H,    J/mol              20346.9275
 Enthalpy,    J/mol              9573.1576
 Ideal Cp,   J/mol-K               85.5255
 Cp,   J/mol-K                    119.0586
 Ideal S,   J/mol-K               202.0838
 Entropy,   J/mol-K               182.7234
 Density, Kg/m3                   419.3284
 Viscosity, cp                      0.0501

 Enthalpy is zero for ideal gas at absolute zero

 Convergence status :
    Total iterations in phase equilibrium calculation       4
    Total iterations in phase stability test               72
    Total iterations in phase split calculation            10
    Residual sum of squares error                 6.30553E-02
1
  **************************************************
  *                                                *
  *                WINPROP  2022.10                *
  *             2022-May-26   09:27:26             *
  * Computer Modelling Group Ltd., Calgary, Canada *
  *                       11                       *
  **************************************************
  Multiphase flash calculation
  2-Phase EOS Flash: QNSS Method

  Equilibrium Properties at  24000.000    kPa and  106.850 deg C
      Phase Split: Vapour                             

  Peng-Robinson Equations of State

                          mole percent  
                       --------------------
           component      Feed     Phase01

           C10+          5.00000    5.00000
           N2            2.00000    2.00000
           CO2           2.00000    2.00000
           CH4          55.00000   55.00000
           C2H6          8.00000    8.00000
           C3H8          6.00000    6.00000
           IC4           3.00000    3.00000
           NC4           3.00000    3.00000
           IC5           2.00000    2.00000
           NC5           2.00000    2.00000
           FC6           3.00000    3.00000
           FC7           3.00000    3.00000
           FC8           2.00000    2.00000
           FC9           2.00000    2.00000
           FC10          2.00000    2.00000
                       ....................
       Phase Mole %                 0.00000

                          mass percent  
                       --------------------

           C10+         22.52810   22.52810
           N2            1.26216    1.26216
           CO2           1.98292    1.98292
           CH4          19.87801   19.87801
           C2H6          5.41936    5.41936
           C3H8          5.96053    5.96053
           IC4           3.92827    3.92827
           NC4           3.92827    3.92827
           IC5           3.25085    3.25085
           NC5           3.25085    3.25085
           FC6           5.81225    5.81225
           FC7           6.48809    6.48809
           FC8           4.82101    4.82101
           FC9           5.45180    5.45180
           FC10          6.03753    6.03753
                       ....................
       Phase Mass %                     NaN

                          volume percent
                       --------------------

           C10+                    12.45881
           N2                       2.17679
           CO2                      1.29432
           CH4                     52.34665
           C2H6                     5.59464
           C3H8                     4.22472
           IC4                      2.40992
           NC4                      2.34687
           IC5                      1.78286
           NC5                      1.80053
           FC6                      2.87240
           FC7                      3.11890
           FC8                      2.26995
           FC9                      2.52290
           FC10                     2.77973
                       ....................
       Phase Volume %               0.00000
 
           component        ln (fug, atm)
 
           C10+             -4.76846E+00
           N2                2.31313E+00
           CO2               1.24275E+00
           CH4               5.04059E+00
           C2H6              2.24095E+00
           C3H8              1.30677E+00
           IC4               1.52053E-01
           NC4              -2.07090E-02
           IC5              -8.94420E-01
           NC5              -1.02306E+00
           FC6              -1.11243E+00
           FC7              -1.63584E+00
           FC8              -2.51526E+00
           FC9              -3.03507E+00
           FC10             -3.55276E+00

                                   vapour
 Z-factor                           0.7992
 Molar vol, m3/kmol               0.10521
 MW, g/mol               44.389     44.39
 Ideal H,    J/mol              20346.9275
 Enthalpy,    J/mol              9562.3476
 Ideal Cp,   J/mol-K               85.5255
 Cp,   J/mol-K                    118.6758
 Ideal S,   J/mol-K               202.0838
 Entropy,   J/mol-K               182.7312
 Density, Kg/m3                   421.8915
 Viscosity, cp                      0.0507

 Enthalpy is zero for ideal gas at absolute zero

 Convergence status :
    Total iterations in phase equilibrium calculation       4
    Total iterations in phase stability test               68
    Total iterations in phase split calculation            10
    Residual sum of squares error                 7.01480E-02
1
  **************************************************
  *                                                *
  *                WINPROP  2022.10                *
  *             2022-May-26   09:27:26             *
  * Computer Modelling Group Ltd., Calgary, Canada *
  *                       12                       *
  **************************************************
  Multiphase flash calculation
  2-Phase EOS Flash: QNSS Method

  Equilibrium Properties at  24500.000    kPa and  106.850 deg C
      Phase Split: Vapour                             

  Peng-Robinson Equations of State

                          mole percent  
                       --------------------
           component      Feed     Phase01

           C10+          5.00000    5.00000
           N2            2.00000    2.00000
           CO2           2.00000    2.00000
           CH4          55.00000   55.00000
           C2H6          8.00000    8.00000
           C3H8          6.00000    6.00000
           IC4           3.00000    3.00000
           NC4           3.00000    3.00000
           IC5           2.00000    2.00000
           NC5           2.00000    2.00000
           FC6           3.00000    3.00000
           FC7           3.00000    3.00000
           FC8           2.00000    2.00000
           FC9           2.00000    2.00000
           FC10          2.00000    2.00000
                       ....................
       Phase Mole %                 0.00000

                          mass percent  
                       --------------------

           C10+         22.52810   22.52810
           N2            1.26216    1.26216
           CO2           1.98292    1.98292
           CH4          19.87801   19.87801
           C2H6          5.41936    5.41936
           C3H8          5.96053    5.96053
           IC4           3.92827    3.92827
           NC4           3.92827    3.92827
           IC5           3.25085    3.25085
           NC5           3.25085    3.25085
           FC6           5.81225    5.81225
           FC7           6.48809    6.48809
           FC8           4.82101    4.82101
           FC9           5.45180    5.45180
           FC10          6.03753    6.03753
                       ....................
       Phase Mass %                     NaN

                          volume percent
                       --------------------

           C10+                    12.59610
           N2                       2.16244
           CO2                      1.28579
           CH4                     51.97639
           C2H6                     5.59882
           C3H8                     4.25474
           IC4                      2.43084
           NC4                      2.36826
           IC5                      1.80023
           NC5                      1.81833
           FC6                      2.90194
           FC7                      3.15177
           FC8                      2.29422
           FC9                      2.55016
           FC10                     2.80999
                       ....................
       Phase Volume %               0.00000
 
           component        ln (fug, atm)
 
           C10+             -4.72970E+00
           N2                2.33060E+00
           CO2               1.25583E+00
           CH4               5.05593E+00
           C2H6              2.25516E+00
           C3H8              1.32138E+00
           IC4               1.67933E-01
           NC4              -5.62544E-03
           IC5              -8.78180E-01
           NC5              -1.00698E+00
           FC6              -1.09656E+00
           FC7              -1.61980E+00
           FC8              -2.49863E+00
           FC9              -3.01727E+00
           FC10             -3.53375E+00

                                   vapour
 Z-factor                           0.8111
 Molar vol, m3/kmol               0.10460
 MW, g/mol               44.389     44.39
 Ideal H,    J/mol              20346.9275
 Enthalpy,    J/mol              9552.8237
 Ideal Cp,   J/mol-K               85.5255
 Cp,   J/mol-K                    118.3097
 Ideal S,   J/mol-K               202.0838
 Entropy,   J/mol-K               182.7395
 Density, Kg/m3                   424.3878
 Viscosity, cp                      0.0512

 Enthalpy is zero for ideal gas at absolute zero

 Convergence status :
    Total iterations in phase equilibrium calculation       4
    Total iterations in phase stability test               65
    Total iterations in phase split calculation            10
    Residual sum of squares error                 7.70639E-02
1
  **************************************************
  *                                                *
  *                WINPROP  2022.10                *
  *             2022-May-26   09:27:26             *
  * Computer Modelling Group Ltd., Calgary, Canada *
  *                       13                       *
  **************************************************
  Multiphase flash calculation
  2-Phase EOS Flash: QNSS Method

  Equilibrium Properties at  25000.000    kPa and  106.850 deg C
      Phase Split: Vapour                             

  Peng-Robinson Equations of State

                          mole percent  
                       --------------------
           component      Feed     Phase01

           C10+          5.00000    5.00000
           N2            2.00000    2.00000
           CO2           2.00000    2.00000
           CH4          55.00000   55.00000
           C2H6          8.00000    8.00000
           C3H8          6.00000    6.00000
           IC4           3.00000    3.00000
           NC4           3.00000    3.00000
           IC5           2.00000    2.00000
           NC5           2.00000    2.00000
           FC6           3.00000    3.00000
           FC7           3.00000    3.00000
           FC8           2.00000    2.00000
           FC9           2.00000    2.00000
           FC10          2.00000    2.00000
                       ....................
       Phase Mole %                 0.00000

                          mass percent  
                       --------------------

           C10+         22.52810   22.52810
           N2            1.26216    1.26216
           CO2           1.98292    1.98292
           CH4          19.87801   19.87801
           C2H6          5.41936    5.41936
           C3H8          5.96053    5.96053
           IC4           3.92827    3.92827
           NC4           3.92827    3.92827
           IC5           3.25085    3.25085
           NC5           3.25085    3.25085
           FC6           5.81225    5.81225
           FC7           6.48809    6.48809
           FC8           4.82101    4.82101
           FC9           5.45180    5.45180
           FC10          6.03753    6.03753
                       ....................
       Phase Mass %                     NaN

                          volume percent
                       --------------------

           C10+                    12.73017
           N2                       2.14831
           CO2                      1.27780
           CH4                     51.61496
           C2H6                     5.60323
           C3H8                     4.28385
           IC4                      2.45116
           NC4                      2.38905
           IC5                      1.81713
           NC5                      1.83565
           FC6                      2.93072
           FC7                      3.18382
           FC8                      2.31789
           FC9                      2.57675
           FC10                     2.83954
                       ....................
       Phase Volume %               0.00000
 
           component        ln (fug, atm)
 
           C10+             -4.69043E+00
           N2                2.34777E+00
           CO2               1.26874E+00
           CH4               5.07104E+00
           C2H6              2.26925E+00
           C3H8              1.33592E+00
           IC4               1.83798E-01
           NC4               9.46534E-03
           IC5              -8.61884E-01
           NC5              -9.90832E-01
           FC6              -1.08057E+00
           FC7              -1.60358E+00
           FC8              -2.48176E+00
           FC9              -2.99920E+00
           FC10             -3.51441E+00

                                   vapour
 Z-factor                           0.8229
 Molar vol, m3/kmol               0.10400
 MW, g/mol               44.389     44.39
 Ideal H,    J/mol              20346.9275
 Enthalpy,    J/mol              9544.5149
 Ideal Cp,   J/mol-K               85.5255
 Cp,   J/mol-K                    117.9592
 Ideal S,   J/mol-K               202.0838
 Entropy,   J/mol-K               182.7484
 Density, Kg/m3                   426.8206
 Viscosity, cp                      0.0517

 Enthalpy is zero for ideal gas at absolute zero

 Convergence status :
    Total iterations in phase equilibrium calculation       3
    Total iterations in phase stability test               60
    Total iterations in phase split calculation             7
    Residual sum of squares error                 5.49869E-01
1
  **************************************************
  *                                                *
  *                WINPROP  2022.10                *
  *             2022-May-26   09:27:26             *
  * Computer Modelling Group Ltd., Calgary, Canada *
  *                       14                       *
  **************************************************
  Multiphase flash calculation
  2-Phase EOS Flash: QNSS Method

  Equilibrium Properties at  25500.000    kPa and  106.850 deg C
      Phase Split: Vapour                             

  Peng-Robinson Equations of State

                          mole percent  
                       --------------------
           component      Feed     Phase01

           C10+          5.00000    5.00000
           N2            2.00000    2.00000
           CO2           2.00000    2.00000
           CH4          55.00000   55.00000
           C2H6          8.00000    8.00000
           C3H8          6.00000    6.00000
           IC4           3.00000    3.00000
           NC4           3.00000    3.00000
           IC5           2.00000    2.00000
           NC5           2.00000    2.00000
           FC6           3.00000    3.00000
           FC7           3.00000    3.00000
           FC8           2.00000    2.00000
           FC9           2.00000    2.00000
           FC10          2.00000    2.00000
                       ....................
       Phase Mole %                 0.00000

                          mass percent  
                       --------------------

           C10+         22.52810   22.52810
           N2            1.26216    1.26216
           CO2           1.98292    1.98292
           CH4          19.87801   19.87801
           C2H6          5.41936    5.41936
           C3H8          5.96053    5.96053
           IC4           3.92827    3.92827
           NC4           3.92827    3.92827
           IC5           3.25085    3.25085
           NC5           3.25085    3.25085
           FC6           5.81225    5.81225
           FC7           6.48809    6.48809
           FC8           4.82101    4.82101
           FC9           5.45180    5.45180
           FC10          6.03753    6.03753
                       ....................
       Phase Mass %                     NaN

                          volume percent
                       --------------------

           C10+                    12.86111
           N2                       2.13439
           CO2                      1.27031
           CH4                     51.26214
           C2H6                     5.60781
           C3H8                     4.31209
           IC4                      2.47090
           NC4                      2.40926
           IC5                      1.83358
           NC5                      1.85252
           FC6                      2.95876
           FC7                      3.21508
           FC8                      2.34098
           FC9                      2.60270
           FC10                     2.86837
                       ....................
       Phase Volume %               0.00000
 
           component        ln (fug, atm)
 
           C10+             -4.65069E+00
           N2                2.36465E+00
           CO2               1.28148E+00
           CH4               5.08593E+00
           C2H6              2.28320E+00
           C3H8              1.35040E+00
           IC4               1.99648E-01
           NC4               2.45613E-02
           IC5              -8.45539E-01
           NC5              -9.74622E-01
           FC6              -1.06446E+00
           FC7              -1.58720E+00
           FC8              -2.46468E+00
           FC9              -2.98085E+00
           FC10             -3.49474E+00

                                   vapour
 Z-factor                           0.8347
 Molar vol, m3/kmol               0.10342
 MW, g/mol               44.389     44.39
 Ideal H,    J/mol              20346.9275
 Enthalpy,    J/mol              9537.3559
 Ideal Cp,   J/mol-K               85.5255
 Cp,   J/mol-K                    117.6233
 Ideal S,   J/mol-K               202.0838
 Entropy,   J/mol-K               182.7577
 Density, Kg/m3                   429.1930
 Viscosity, cp                      0.0522

 Enthalpy is zero for ideal gas at absolute zero

 Convergence status :
    Total iterations in phase equilibrium calculation       3
    Total iterations in phase stability test               61
    Total iterations in phase split calculation             7
    Residual sum of squares error                 5.74321E-01
1
  **************************************************
  *                                                *
  *                WINPROP  2022.10                *
  *             2022-May-26   09:27:26             *
  * Computer Modelling Group Ltd., Calgary, Canada *
  *                       15                       *
  **************************************************
  Multiphase flash calculation
  2-Phase EOS Flash: QNSS Method

  Equilibrium Properties at  26000.000    kPa and  106.850 deg C
      Phase Split: Vapour                             

  Peng-Robinson Equations of State

                          mole percent  
                       --------------------
           component      Feed     Phase01

           C10+          5.00000    5.00000
           N2            2.00000    2.00000
           CO2           2.00000    2.00000
           CH4          55.00000   55.00000
           C2H6          8.00000    8.00000
           C3H8          6.00000    6.00000
           IC4           3.00000    3.00000
           NC4           3.00000    3.00000
           IC5           2.00000    2.00000
           NC5           2.00000    2.00000
           FC6           3.00000    3.00000
           FC7           3.00000    3.00000
           FC8           2.00000    2.00000
           FC9           2.00000    2.00000
           FC10          2.00000    2.00000
                       ....................
       Phase Mole %                 0.00000

                          mass percent  
                       --------------------

           C10+         22.52810   22.52810
           N2            1.26216    1.26216
           CO2           1.98292    1.98292
           CH4          19.87801   19.87801
           C2H6          5.41936    5.41936
           C3H8          5.96053    5.96053
           IC4           3.92827    3.92827
           NC4           3.92827    3.92827
           IC5           3.25085    3.25085
           NC5           3.25085    3.25085
           FC6           5.81225    5.81225
           FC7           6.48809    6.48809
           FC8           4.82101    4.82101
           FC9           5.45180    5.45180
           FC10          6.03753    6.03753
                       ....................
       Phase Mass %                     NaN

                          volume percent
                       --------------------

           C10+                    12.98901
           N2                       2.12069
           CO2                      1.26328
           CH4                     50.91769
           C2H6                     5.61253
           C3H8                     4.33949
           IC4                      2.49009
           NC4                      2.42892
           IC5                      1.84960
           NC5                      1.86896
           FC6                      2.98611
           FC7                      3.24557
           FC8                      2.36351
           FC9                      2.62804
           FC10                     2.89653
                       ....................
       Phase Volume %               0.00000
 
           component        ln (fug, atm)
 
           C10+             -4.61050E+00
           N2                2.38126E+00
           CO2               1.29407E+00
           CH4               5.10062E+00
           C2H6              2.29704E+00
           C3H8              1.36483E+00
           IC4               2.15482E-01
           NC4               3.96606E-02
           IC5              -8.29147E-01
           NC5              -9.58352E-01
           FC6              -1.04824E+00
           FC7              -1.57065E+00
           FC8              -2.44740E+00
           FC9              -2.96225E+00
           FC10             -3.47478E+00

                                   vapour
 Z-factor                           0.8465
 Molar vol, m3/kmol               0.10287
 MW, g/mol               44.389     44.39
 Ideal H,    J/mol              20346.9275
 Enthalpy,    J/mol              9531.2866
 Ideal Cp,   J/mol-K               85.5255
 Cp,   J/mol-K                    117.3009
 Ideal S,   J/mol-K               202.0838
 Entropy,   J/mol-K               182.7675
 Density, Kg/m3                   431.5078
 Viscosity, cp                      0.0527

 Enthalpy is zero for ideal gas at absolute zero

 Convergence status :
    Total iterations in phase equilibrium calculation       3
    Total iterations in phase stability test               57
    Total iterations in phase split calculation             7
    Residual sum of squares error                 5.97740E-01
1
  **************************************************
  *                                                *
  *                WINPROP  2022.10                *
  *             2022-May-26   09:27:26             *
  * Computer Modelling Group Ltd., Calgary, Canada *
  *                       16                       *
  **************************************************
  Multiphase flash calculation
  2-Phase EOS Flash: QNSS Method

  Equilibrium Properties at  26500.000    kPa and  106.850 deg C
      Phase Split: Vapour                             

  Peng-Robinson Equations of State

                          mole percent  
                       --------------------
           component      Feed     Phase01

           C10+          5.00000    5.00000
           N2            2.00000    2.00000
           CO2           2.00000    2.00000
           CH4          55.00000   55.00000
           C2H6          8.00000    8.00000
           C3H8          6.00000    6.00000
           IC4           3.00000    3.00000
           NC4           3.00000    3.00000
           IC5           2.00000    2.00000
           NC5           2.00000    2.00000
           FC6           3.00000    3.00000
           FC7           3.00000    3.00000
           FC8           2.00000    2.00000
           FC9           2.00000    2.00000
           FC10          2.00000    2.00000
                       ....................
       Phase Mole %                 0.00000

                          mass percent  
                       --------------------

           C10+         22.52810   22.52810
           N2            1.26216    1.26216
           CO2           1.98292    1.98292
           CH4          19.87801   19.87801
           C2H6          5.41936    5.41936
           C3H8          5.96053    5.96053
           IC4           3.92827    3.92827
           NC4           3.92827    3.92827
           IC5           3.25085    3.25085
           NC5           3.25085    3.25085
           FC6           5.81225    5.81225
           FC7           6.48809    6.48809
           FC8           4.82101    4.82101
           FC9           5.45180    5.45180
           FC10          6.03753    6.03753
                       ....................
       Phase Mass %                     NaN

                          volume percent
                       --------------------

           C10+                    13.11398
           N2                       2.10719
           CO2                      1.25668
           CH4                     50.58141
           C2H6                     5.61734
           C3H8                     4.36608
           IC4                      2.50874
           NC4                      2.44804
           IC5                      1.86520
           NC5                      1.88496
           FC6                      3.01276
           FC7                      3.27531
           FC8                      2.38551
           FC9                      2.65277
           FC10                     2.92403
                       ....................
       Phase Volume %               0.00000
 
           component        ln (fug, atm)
 
           C10+             -4.56989E+00
           N2                2.39761E+00
           CO2               1.30651E+00
           CH4               5.11510E+00
           C2H6              2.31076E+00
           C3H8              1.37920E+00
           IC4               2.31299E-01
           NC4               5.47617E-02
           IC5              -8.12714E-01
           NC5              -9.42029E-01
           FC6              -1.03192E+00
           FC7              -1.55395E+00
           FC8              -2.42992E+00
           FC9              -2.94342E+00
           FC10             -3.45453E+00

                                   vapour
 Z-factor                           0.8583
 Molar vol, m3/kmol               0.10233
 MW, g/mol               44.389     44.39
 Ideal H,    J/mol              20346.9275
 Enthalpy,    J/mol              9526.2510
 Ideal Cp,   J/mol-K               85.5255
 Cp,   J/mol-K                    116.9913
 Ideal S,   J/mol-K               202.0838
 Entropy,   J/mol-K               182.7776
 Density, Kg/m3                   433.7677
 Viscosity, cp                      0.0532

 Enthalpy is zero for ideal gas at absolute zero

 Convergence status :
    Total iterations in phase equilibrium calculation       3
    Total iterations in phase stability test               54
    Total iterations in phase split calculation             8
    Residual sum of squares error                 6.20051E-01
1
  **************************************************
  *                                                *
  *                WINPROP  2022.10                *
  *             2022-May-26   09:27:26             *
  * Computer Modelling Group Ltd., Calgary, Canada *
  *                       17                       *
  **************************************************
  Multiphase flash calculation
  2-Phase EOS Flash: QNSS Method

  Equilibrium Properties at  27000.000    kPa and  106.850 deg C
      Phase Split: Vapour                             

  Peng-Robinson Equations of State

                          mole percent  
                       --------------------
           component      Feed     Phase01

           C10+          5.00000    5.00000
           N2            2.00000    2.00000
           CO2           2.00000    2.00000
           CH4          55.00000   55.00000
           C2H6          8.00000    8.00000
           C3H8          6.00000    6.00000
           IC4           3.00000    3.00000
           NC4           3.00000    3.00000
           IC5           2.00000    2.00000
           NC5           2.00000    2.00000
           FC6           3.00000    3.00000
           FC7           3.00000    3.00000
           FC8           2.00000    2.00000
           FC9           2.00000    2.00000
           FC10          2.00000    2.00000
                       ....................
       Phase Mole %                 0.00000

                          mass percent  
                       --------------------

           C10+         22.52810   22.52810
           N2            1.26216    1.26216
           CO2           1.98292    1.98292
           CH4          19.87801   19.87801
           C2H6          5.41936    5.41936
           C3H8          5.96053    5.96053
           IC4           3.92827    3.92827
           NC4           3.92827    3.92827
           IC5           3.25085    3.25085
           NC5           3.25085    3.25085
           FC6           5.81225    5.81225
           FC7           6.48809    6.48809
           FC8           4.82101    4.82101
           FC9           5.45180    5.45180
           FC10          6.03753    6.03753
                       ....................
       Phase Mass %                     NaN

                          volume percent
                       --------------------

           C10+                    13.23609
           N2                       2.09391
           CO2                      1.25047
           CH4                     50.25307
           C2H6                     5.62222
           C3H8                     4.39189
           IC4                      2.52687
           NC4                      2.46664
           IC5                      1.88040
           NC5                      1.90056
           FC6                      3.03876
           FC7                      3.30434
           FC8                      2.40698
           FC9                      2.67692
           FC10                     2.95088
                       ....................
       Phase Volume %               0.00000
 
           component        ln (fug, atm)
 
           C10+             -4.52888E+00
           N2                2.41371E+00
           CO2               1.31882E+00
           CH4               5.12939E+00
           C2H6              2.32437E+00
           C3H8              1.39352E+00
           IC4               2.47099E-01
           NC4               6.98632E-02
           IC5              -7.96243E-01
           NC5              -9.25654E-01
           FC6              -1.01551E+00
           FC7              -1.53712E+00
           FC8              -2.41227E+00
           FC9              -2.92436E+00
           FC10             -3.43402E+00

                                   vapour
 Z-factor                           0.8701
 Molar vol, m3/kmol               0.10182
 MW, g/mol               44.389     44.39
 Ideal H,    J/mol              20346.9275
 Enthalpy,    J/mol              9522.1975
 Ideal Cp,   J/mol-K               85.5255
 Cp,   J/mol-K                    116.6936
 Ideal S,   J/mol-K               202.0838
 Entropy,   J/mol-K               182.7881
 Density, Kg/m3                   435.9751
 Viscosity, cp                      0.0537

 Enthalpy is zero for ideal gas at absolute zero

 Convergence status :
    Total iterations in phase equilibrium calculation       3
    Total iterations in phase stability test               54
    Total iterations in phase split calculation             8
    Residual sum of squares error                 6.41194E-01
1
  **************************************************
  *                                                *
  *                WINPROP  2022.10                *
  *             2022-May-26   09:27:26             *
  * Computer Modelling Group Ltd., Calgary, Canada *
  *                       18                       *
  **************************************************
  Multiphase flash calculation
  2-Phase EOS Flash: QNSS Method

  Equilibrium Properties at  27500.000    kPa and  106.850 deg C
      Phase Split: Vapour                             

  Peng-Robinson Equations of State

                          mole percent  
                       --------------------
           component      Feed     Phase01

           C10+          5.00000    5.00000
           N2            2.00000    2.00000
           CO2           2.00000    2.00000
           CH4          55.00000   55.00000
           C2H6          8.00000    8.00000
           C3H8          6.00000    6.00000
           IC4           3.00000    3.00000
           NC4           3.00000    3.00000
           IC5           2.00000    2.00000
           NC5           2.00000    2.00000
           FC6           3.00000    3.00000
           FC7           3.00000    3.00000
           FC8           2.00000    2.00000
           FC9           2.00000    2.00000
           FC10          2.00000    2.00000
                       ....................
       Phase Mole %                 0.00000

                          mass percent  
                       --------------------

           C10+         22.52810   22.52810
           N2            1.26216    1.26216
           CO2           1.98292    1.98292
           CH4          19.87801   19.87801
           C2H6          5.41936    5.41936
           C3H8          5.96053    5.96053
           IC4           3.92827    3.92827
           NC4           3.92827    3.92827
           IC5           3.25085    3.25085
           NC5           3.25085    3.25085
           FC6           5.81225    5.81225
           FC7           6.48809    6.48809
           FC8           4.82101    4.82101
           FC9           5.45180    5.45180
           FC10          6.03753    6.03753
                       ....................
       Phase Mass %                     NaN

                          volume percent
                       --------------------

           C10+                    13.35544
           N2                       2.08083
           CO2                      1.24463
           CH4                     49.93247
           C2H6                     5.62713
           C3H8                     4.41695
           IC4                      2.54450
           NC4                      2.48474
           IC5                      1.89520
           NC5                      1.91576
           FC6                      3.06412
           FC7                      3.33266
           FC8                      2.42794
           FC9                      2.70051
           FC10                     2.97712
                       ....................
       Phase Volume %               0.00000
 
           component        ln (fug, atm)
 
           C10+             -4.48751E+00
           N2                2.42957E+00
           CO2               1.33098E+00
           CH4               5.14350E+00
           C2H6              2.33788E+00
           C3H8              1.40778E+00
           IC4               2.62881E-01
           NC4               8.49638E-02
           IC5              -7.79736E-01
           NC5              -9.09234E-01
           FC6              -9.99003E-01
           FC7              -1.52015E+00
           FC8              -2.39444E+00
           FC9              -2.90510E+00
           FC10             -3.41326E+00

                                   vapour
 Z-factor                           0.8818
 Molar vol, m3/kmol               0.10131
 MW, g/mol               44.389     44.39
 Ideal H,    J/mol              20346.9275
 Enthalpy,    J/mol              9519.0782
 Ideal Cp,   J/mol-K               85.5255
 Cp,   J/mol-K                    116.4072
 Ideal S,   J/mol-K               202.0838
 Entropy,   J/mol-K               182.7988
 Density, Kg/m3                   438.1324
 Viscosity, cp                      0.0542

 Enthalpy is zero for ideal gas at absolute zero

 Convergence status :
    Total iterations in phase equilibrium calculation       3
    Total iterations in phase stability test               54
    Total iterations in phase split calculation             8
    Residual sum of squares error                 6.61121E-01
1
  **************************************************
  *                                                *
  *                WINPROP  2022.10                *
  *             2022-May-26   09:27:26             *
  * Computer Modelling Group Ltd., Calgary, Canada *
  *                       19                       *
  **************************************************
  Multiphase flash calculation
  2-Phase EOS Flash: QNSS Method

  Equilibrium Properties at  28000.000    kPa and  106.850 deg C
      Phase Split: Vapour                             

  Peng-Robinson Equations of State

                          mole percent  
                       --------------------
           component      Feed     Phase01

           C10+          5.00000    5.00000
           N2            2.00000    2.00000
           CO2           2.00000    2.00000
           CH4          55.00000   55.00000
           C2H6          8.00000    8.00000
           C3H8          6.00000    6.00000
           IC4           3.00000    3.00000
           NC4           3.00000    3.00000
           IC5           2.00000    2.00000
           NC5           2.00000    2.00000
           FC6           3.00000    3.00000
           FC7           3.00000    3.00000
           FC8           2.00000    2.00000
           FC9           2.00000    2.00000
           FC10          2.00000    2.00000
                       ....................
       Phase Mole %                 0.00000

                          mass percent  
                       --------------------

           C10+         22.52810   22.52810
           N2            1.26216    1.26216
           CO2           1.98292    1.98292
           CH4          19.87801   19.87801
           C2H6          5.41936    5.41936
           C3H8          5.96053    5.96053
           IC4           3.92827    3.92827
           NC4           3.92827    3.92827
           IC5           3.25085    3.25085
           NC5           3.25085    3.25085
           FC6           5.81225    5.81225
           FC7           6.48809    6.48809
           FC8           4.82101    4.82101
           FC9           5.45180    5.45180
           FC10          6.03753    6.03753
                       ....................
       Phase Mass %                     NaN

                          volume percent
                       --------------------

           C10+                    13.47211
           N2                       2.06795
           CO2                      1.23911
           CH4                     49.61939
           C2H6                     5.63206
           C3H8                     4.44129
           IC4                      2.56166
           NC4                      2.50236
           IC5                      1.90963
           NC5                      1.93057
           FC6                      3.08885
           FC7                      3.36032
           FC8                      2.44841
           FC9                      2.72355
           FC10                     3.00275
                       ....................
       Phase Volume %               0.00000
 
           component        ln (fug, atm)
 
           C10+             -4.44578E+00
           N2                2.44520E+00
           CO2               1.34302E+00
           CH4               5.15744E+00
           C2H6              2.35128E+00
           C3H8              1.42199E+00
           IC4               2.78645E-01
           NC4               1.00062E-01
           IC5              -7.63197E-01
           NC5              -8.92771E-01
           FC6              -9.82417E-01
           FC7              -1.50305E+00
           FC8              -2.37645E+00
           FC9              -2.88563E+00
           FC10             -3.39227E+00

                                   vapour
 Z-factor                           0.8935
 Molar vol, m3/kmol               0.10083
 MW, g/mol               44.389     44.39
 Ideal H,    J/mol              20346.9275
 Enthalpy,    J/mol              9516.8484
 Ideal Cp,   J/mol-K               85.5255
 Cp,   J/mol-K                    116.1313
 Ideal S,   J/mol-K               202.0838
 Entropy,   J/mol-K               182.8098
 Density, Kg/m3                   440.2416
 Viscosity, cp                      0.0547

 Enthalpy is zero for ideal gas at absolute zero

 Convergence status :
    Total iterations in phase equilibrium calculation       2
    Total iterations in phase stability test               54
    Total iterations in phase split calculation             5
    Residual sum of squares error                 4.66962E+00
1
  **************************************************
  *                                                *
  *                WINPROP  2022.10                *
  *             2022-May-26   09:27:26             *
  * Computer Modelling Group Ltd., Calgary, Canada *
  *                       20                       *
  **************************************************
  Multiphase flash calculation
  2-Phase EOS Flash: QNSS Method

  Equilibrium Properties at  28500.000    kPa and  106.850 deg C
      Phase Split: Vapour                             

  Peng-Robinson Equations of State

                          mole percent  
                       --------------------
           component      Feed     Phase01

           C10+          5.00000    5.00000
           N2            2.00000    2.00000
           CO2           2.00000    2.00000
           CH4          55.00000   55.00000
           C2H6          8.00000    8.00000
           C3H8          6.00000    6.00000
           IC4           3.00000    3.00000
           NC4           3.00000    3.00000
           IC5           2.00000    2.00000
           NC5           2.00000    2.00000
           FC6           3.00000    3.00000
           FC7           3.00000    3.00000
           FC8           2.00000    2.00000
           FC9           2.00000    2.00000
           FC10          2.00000    2.00000
                       ....................
       Phase Mole %                 0.00000

                          mass percent  
                       --------------------

           C10+         22.52810   22.52810
           N2            1.26216    1.26216
           CO2           1.98292    1.98292
           CH4          19.87801   19.87801
           C2H6          5.41936    5.41936
           C3H8          5.96053    5.96053
           IC4           3.92827    3.92827
           NC4           3.92827    3.92827
           IC5           3.25085    3.25085
           NC5           3.25085    3.25085
           FC6           5.81225    5.81225
           FC7           6.48809    6.48809
           FC8           4.82101    4.82101
           FC9           5.45180    5.45180
           FC10          6.03753    6.03753
                       ....................
       Phase Mass %                     NaN

                          volume percent
                       --------------------

           C10+                    13.58618
           N2                       2.05528
           CO2                      1.23391
           CH4                     49.31362
           C2H6                     5.63697
           C3H8                     4.46493
           IC4                      2.57835
           NC4                      2.51950
           IC5                      1.92368
           NC5                      1.94501
           FC6                      3.11299
           FC7                      3.38731
           FC8                      2.46840
           FC9                      2.74606
           FC10                     3.02780
                       ....................
       Phase Volume %               0.00000
 
           component        ln (fug, atm)
 
           C10+             -4.40372E+00
           N2                2.46062E+00
           CO2               1.35493E+00
           CH4               5.17120E+00
           C2H6              2.36459E+00
           C3H8              1.43615E+00
           IC4               2.94390E-01
           NC4               1.15158E-01
           IC5              -7.46629E-01
           NC5              -8.76268E-01
           FC6              -9.65753E-01
           FC7              -1.48584E+00
           FC8              -2.35831E+00
           FC9              -2.86598E+00
           FC10             -3.37105E+00

                                   vapour
 Z-factor                           0.9052
 Molar vol, m3/kmol               0.10036
 MW, g/mol               44.389     44.39
 Ideal H,    J/mol              20346.9275
 Enthalpy,    J/mol              9515.4665
 Ideal Cp,   J/mol-K               85.5255
 Cp,   J/mol-K                    115.8654
 Ideal S,   J/mol-K               202.0838
 Entropy,   J/mol-K               182.8209
 Density, Kg/m3                   442.3050
 Viscosity, cp                      0.0552

 Enthalpy is zero for ideal gas at absolute zero

 Convergence status :
    Total iterations in phase equilibrium calculation       2
    Total iterations in phase stability test               54
    Total iterations in phase split calculation             6
    Residual sum of squares error                 4.73830E+00
1
  **************************************************
  *                                                *
  *                WINPROP  2022.10                *
  *             2022-May-26   09:27:26             *
  * Computer Modelling Group Ltd., Calgary, Canada *
  *                       21                       *
  **************************************************
  Multiphase flash calculation
  2-Phase EOS Flash: QNSS Method

  Equilibrium Properties at  29000.000    kPa and  106.850 deg C
      Phase Split: Vapour                             

  Peng-Robinson Equations of State

                          mole percent  
                       --------------------
           component      Feed     Phase01

           C10+          5.00000    5.00000
           N2            2.00000    2.00000
           CO2           2.00000    2.00000
           CH4          55.00000   55.00000
           C2H6          8.00000    8.00000
           C3H8          6.00000    6.00000
           IC4           3.00000    3.00000
           NC4           3.00000    3.00000
           IC5           2.00000    2.00000
           NC5           2.00000    2.00000
           FC6           3.00000    3.00000
           FC7           3.00000    3.00000
           FC8           2.00000    2.00000
           FC9           2.00000    2.00000
           FC10          2.00000    2.00000
                       ....................
       Phase Mole %                 0.00000

                          mass percent  
                       --------------------

           C10+         22.52810   22.52810
           N2            1.26216    1.26216
           CO2           1.98292    1.98292
           CH4          19.87801   19.87801
           C2H6          5.41936    5.41936
           C3H8          5.96053    5.96053
           IC4           3.92827    3.92827
           NC4           3.92827    3.92827
           IC5           3.25085    3.25085
           NC5           3.25085    3.25085
           FC6           5.81225    5.81225
           FC7           6.48809    6.48809
           FC8           4.82101    4.82101
           FC9           5.45180    5.45180
           FC10          6.03753    6.03753
                       ....................
       Phase Mass %                     NaN

                          volume percent
                       --------------------

           C10+                    13.69773
           N2                       2.04281
           CO2                      1.22899
           CH4                     49.01496
           C2H6                     5.64186
           C3H8                     4.48789
           IC4                      2.59458
           NC4                      2.53620
           IC5                      1.93739
           NC5                      1.95909
           FC6                      3.13654
           FC7                      3.41368
           FC8                      2.48793
           FC9                      2.76806
           FC10                     3.05229
                       ....................
       Phase Volume %               0.00000
 
           component        ln (fug, atm)
 
           C10+             -4.36135E+00
           N2                2.47582E+00
           CO2               1.36672E+00
           CH4               5.18481E+00
           C2H6              2.37780E+00
           C3H8              1.45027E+00
           IC4               3.10117E-01
           NC4               1.30249E-01
           IC5              -7.30035E-01
           NC5              -8.59729E-01
           FC6              -9.49017E-01
           FC7              -1.46852E+00
           FC8              -2.34003E+00
           FC9              -2.84615E+00
           FC10             -3.34961E+00

                                   vapour
 Z-factor                           0.9169
 Molar vol, m3/kmol               0.09990
 MW, g/mol               44.389     44.39
 Ideal H,    J/mol              20346.9275
 Enthalpy,    J/mol              9514.8938
 Ideal Cp,   J/mol-K               85.5255
 Cp,   J/mol-K                    115.6088
 Ideal S,   J/mol-K               202.0838
 Entropy,   J/mol-K               182.8323
 Density, Kg/m3                   444.3242
 Viscosity, cp                      0.0557

 Enthalpy is zero for ideal gas at absolute zero

 Convergence status :
    Total iterations in phase equilibrium calculation       2
    Total iterations in phase stability test               54
    Total iterations in phase split calculation             6
    Residual sum of squares error                 4.80344E+00
1
  **************************************************
  *                                                *
  *                WINPROP  2022.10                *
  *             2022-May-26   09:27:26             *
  * Computer Modelling Group Ltd., Calgary, Canada *
  *                       22                       *
  **************************************************
  Multiphase flash calculation
  2-Phase EOS Flash: QNSS Method

  Equilibrium Properties at  29500.000    kPa and  106.850 deg C
      Phase Split: Vapour                             

  Peng-Robinson Equations of State

                          mole percent  
                       --------------------
           component      Feed     Phase01

           C10+          5.00000    5.00000
           N2            2.00000    2.00000
           CO2           2.00000    2.00000
           CH4          55.00000   55.00000
           C2H6          8.00000    8.00000
           C3H8          6.00000    6.00000
           IC4           3.00000    3.00000
           NC4           3.00000    3.00000
           IC5           2.00000    2.00000
           NC5           2.00000    2.00000
           FC6           3.00000    3.00000
           FC7           3.00000    3.00000
           FC8           2.00000    2.00000
           FC9           2.00000    2.00000
           FC10          2.00000    2.00000
                       ....................
       Phase Mole %                 0.00000

                          mass percent  
                       --------------------

           C10+         22.52810   22.52810
           N2            1.26216    1.26216
           CO2           1.98292    1.98292
           CH4          19.87801   19.87801
           C2H6          5.41936    5.41936
           C3H8          5.96053    5.96053
           IC4           3.92827    3.92827
           NC4           3.92827    3.92827
           IC5           3.25085    3.25085
           NC5           3.25085    3.25085
           FC6           5.81225    5.81225
           FC7           6.48809    6.48809
           FC8           4.82101    4.82101
           FC9           5.45180    5.45180
           FC10          6.03753    6.03753
                       ....................
       Phase Mass %                     NaN

                          volume percent
                       --------------------

           C10+                    13.80683
           N2                       2.03054
           CO2                      1.22433
           CH4                     48.72321
           C2H6                     5.64671
           C3H8                     4.51020
           IC4                      2.61039
           NC4                      2.55246
           IC5                      1.95075
           NC5                      1.97283
           FC6                      3.15953
           FC7                      3.43942
           FC8                      2.50701
           FC9                      2.78956
           FC10                     3.07623
                       ....................
       Phase Volume %               0.00000
 
           component        ln (fug, atm)
 
           C10+             -4.31868E+00
           N2                2.49083E+00
           CO2               1.37840E+00
           CH4               5.19826E+00
           C2H6              2.39092E+00
           C3H8              1.46433E+00
           IC4               3.25824E-01
           NC4               1.45335E-01
           IC5              -7.13416E-01
           NC5              -8.43156E-01
           FC6              -9.32212E-01
           FC7              -1.45110E+00
           FC8              -2.32161E+00
           FC9              -2.82614E+00
           FC10             -3.32798E+00

                                   vapour
 Z-factor                           0.9286
 Molar vol, m3/kmol               0.09946
 MW, g/mol               44.389     44.39
 Ideal H,    J/mol              20346.9275
 Enthalpy,    J/mol              9515.0940
 Ideal Cp,   J/mol-K               85.5255
 Cp,   J/mol-K                    115.3612
 Ideal S,   J/mol-K               202.0838
 Entropy,   J/mol-K               182.8438
 Density, Kg/m3                   446.3011
 Viscosity, cp                      0.0562

 Enthalpy is zero for ideal gas at absolute zero

 Convergence status :
    Total iterations in phase equilibrium calculation       2
    Total iterations in phase stability test               53
    Total iterations in phase split calculation             6
    Residual sum of squares error                 4.86512E+00


 WinProp 2022.10 
 Total EOS calls without derivatives =      4485
 Total EOS calls with    derivatives =       724
 Total calculations performed        =         4

  CPU seconds used            :    0.09

  Date and Time of End of Run:  May  7, 2026  18:46:48

