epoch,train_loss,train_recon_loss,train_beta_loss,train_x_loss,train_y_loss,train_mass_loss,train_phase_loss,train_latent_loss,train_boundary_loss,train_mono_loss,train_k_mono_loss,train_rr_loss,train_gibbs_loss,train_k_loss,train_smooth_loss,train_beta_mae,train_x_mae,train_y_mae,train_mass_residual,train_x_norm_residual,train_y_norm_residual,train_phase_split_error,train_thermo_consistency_residual,val_loss,val_recon_loss,val_beta_loss,val_x_loss,val_y_loss,val_mass_loss,val_phase_loss,val_latent_loss,val_boundary_loss,val_mono_loss,val_k_mono_loss,val_rr_loss,val_gibbs_loss,val_k_loss,val_smooth_loss,val_beta_mae,val_x_mae,val_y_mae,val_mass_residual,val_x_norm_residual,val_y_norm_residual,val_phase_split_error,val_thermo_consistency_residual
1,246.02868938446045,0.015268323360942304,0.43830471485853195,0.0010210259879386285,0.0013131940977473278,1.0020506182804178e-16,0.5936836618930101,1.2672320827841759,0.49442675709724426,1.0743616446852684,0.874485470354557,0.04049755912274122,0.0,48.91965365409851,0.0,0.4814968015998602,0.009177130996249616,0.012804906524252146,4.015281829250483e-09,3.5157427191734314e-08,4.343746695667505e-08,0.02055175107670948,0.41386095248162746,256.00591735839845,0.015511350892484187,0.4623830020427704,0.00026872975286096334,0.0009625298320315778,9.669300374216729e-17,0.6598647594451904,0.05348091274499893,0.5752919673919678,1.108395791053772,0.6558247327804565,0.0274337787181139,0.0,50.90985107421875,0.0,0.5251355350017548,0.0036050587426871062,0.011233504489064216,3.91186634196572e-09,2.5150883686819726e-08,4.28615344105765e-08,0.014745698310434818,0.32836916446685793
2,74.10564708709717,0.010714362724684179,0.31313501857221127,0.0008012188918655738,0.0004661297098209616,1.0132597220816086e-16,0.40191609784960747,2.3633281737565994,0.2993660122156143,1.1746748499572277,0.9415123872458935,0.022903353325091302,0.0,14.589083969593048,0.0,0.357442457228899,0.011475629638880491,0.0069744366919621825,4.144533688466012e-09,4.3568434193730354e-08,3.3542164601385593e-08,0.015430065745022148,0.34335280396044254,72.87067413330078,0.007947267964482307,0.2341115802526474,0.00023966116714291275,0.0005772537435404957,9.942295916743239e-17,0.511535930633545,1.1538231730461121,0.2111394762992859,1.3398637771606445,0.7689865231513977,0.011171025410294532,0.0,14.371520042419434,0.0,0.27960221767425536,0.005866755731403828,0.007096810359507799,3.993525332646186e-09,3.6999376362700785e-08,3.544717230852257e-08,0.01208381038159132,0.29868720173835756
3,44.899147152900696,0.008219717536121607,0.23863341938704252,0.0006567144901055144,0.00042180735545116477,1.0654038023694254e-16,0.31924542784690857,3.273130849003792,0.2290485966950655,1.0125543363392353,0.9193532578647137,0.012493142276071012,0.0,8.789491191506386,0.0,0.28940883371979,0.009826383029576391,0.007391808874672279,4.221443000718139e-09,3.761670086532831e-08,3.4924596548080444e-08,0.014369040436577052,0.30715599842369556,35.694786643981935,0.00632702112197876,0.17688221633434295,0.0009307548054493964,0.00035294074914418163,1.0612102836954541e-16,0.2831563502550125,3.942611742019653,0.16273265779018403,1.041979682445526,0.9157209515571594,0.012940178066492081,0.0,6.974630117416382,0.0,0.22758747935295104,0.012682663835585117,0.0070258029736578465,4.1416782892156336e-09,3.993821664494135e-08,3.614049006728237e-08,0.01653980277478695,0.3461983799934387
4,14.142640769481659,0.007871029694797471,0.2296624993905425,0.0006285929539444624,0.00032736863977333996,1.0276832331995681e-16,0.24503517150878906,4.297353386878967,0.21441057976335287,1.110021110624075,0.9992099851369858,0.007628580657183193,0.0,2.6377621153369546,0.0,0.27795863430947065,0.010795015841722488,0.006041479529812932,4.15621101423902e-09,4.022149369120598e-08,3.1126546673476696e-08,0.01377813151339069,0.281817065551877,2.1679922342300415,0.005787184555083513,0.16106229424476623,0.0008321311441250145,0.0003905640071025118,1.045041390879325e-16,0.28760170340538027,8.330345916748048,0.15874317288398743,1.098743772506714,1.010091817378998,0.007323925383388996,0.0,0.26875861883163454,0.0,0.2196415275335312,0.010490399040281772,0.006371597945690155,4.131761865977523e-09,3.372939936241437e-08,2.962640586190446e-08,0.01499544084072113,0.3015910148620605
5,2.6415635496377945,0.006056388054275885,0.17654523346573114,0.00045798018254572526,0.0002888723292926443,1.0294967357027233e-16,0.22438009269535542,5.07189205288887,0.15841907495632768,1.0920458249747753,1.0116120241582394,0.002977426687721163,0.0,0.36070370115339756,0.0,0.23443101160228252,0.007979051326401532,0.0062101330840960145,4.194408487201429e-09,3.6074197851121426e-08,3.211607690900564e-08,0.01168257452081889,0.24627630785107613,1.5469178915023805,0.004482633015140891,0.12718973606824874,0.0005663315299898386,0.00021846132003702223,1.1432621932424108e-16,0.16288975328207017,5.90435643196106,0.10164620354771614,1.093952751159668,1.0051245212554931,0.003766085160896182,0.0,0.16485981941223143,0.0,0.18295536637306214,0.009030470438301564,0.00508977361023426,4.365249406390604e-09,3.8111789280037556e-08,3.294294899092165e-08,0.012013397365808486,0.2390452116727829
6,1.6446071416139603,0.004546678042970598,0.13222320238128304,0.00035731395837501623,0.00022427367457567016,1.0696405304770546e-16,0.1769282352179289,5.197539836168289,0.11590359103865921,1.1479943431913853,0.964622151106596,0.0014178766978147905,0.0,0.18131412146613002,0.0,0.19428590405732393,0.007270264643011615,0.005319097836036235,4.297253275442614e-09,3.601599019020796e-08,3.1228410080075264e-08,0.010809325729496777,0.22537345811724663,1.4965444087982178,0.004347604978829622,0.12810486257076265,0.0002342833118746057,0.00021044299646746367,1.110671899147642e-16,0.1626789763569832,7.1953285217285154,0.10324172228574753,1.3041284561157227,1.0945241689682006,0.0010962743777781724,0.0,0.14225073754787446,0.0,0.1897502839565277,0.006444465555250645,0.004923467058688402,4.279510612548165e-09,3.2104758673767717e-08,3.449515304509987e-08,0.009495668485760689,0.2070767343044281
7,2.0222980976104736,0.004395417709019966,0.12886308366432786,0.00031436904373549623,0.00017862192271422828,1.0274709248876472e-16,0.18194179655984044,5.2777601182460785,0.12249663914553821,1.0998695120215416,0.9401916302740574,0.0018327942379983142,0.0,0.2608380140736699,0.0,0.17705038469284773,0.0066969146428164095,0.004434378104633652,4.181569729366785e-09,3.5608536563813686e-08,3.301829565316439e-08,0.009662308439146727,0.20598414167761803,1.7373842477798462,0.004163914872333407,0.12139109373092652,0.0002774297463474795,0.00023525517026428132,1.1155955693211335e-16,0.24945781826972963,6.218863868713379,0.1346607141196728,1.0672324180603028,0.9686955332756042,0.0012342991773039102,0.0,0.20405712425708772,0.0,0.16956858485937118,0.0062388299964368345,0.004641468124464154,4.256737629049212e-09,3.4412369132041934e-08,3.341378445043119e-08,0.01009218543767929,0.2293331265449524
8,1.3605974614620209,0.00413123908219859,0.12146928068250418,0.0002614656359583023,0.00017847666958914488,1.0564690895650921e-16,0.14894615532830358,5.362243413925171,0.12126578250899911,1.0538470782339573,0.9675690606236458,0.0010598164844850544,0.0,0.13358473498374224,0.0,0.17101650033146143,0.005743151326896623,0.004168484258116223,4.252156626805004e-09,3.684544935822487e-08,3.2974639907479286e-08,0.008734877104870975,0.18482930678874254,1.3388681650161742,0.006428049225360155,0.19473786950111388,0.00014614345273002982,0.00015596687444485724,1.0428136677582665e-16,0.11711308285593987,6.1403731346130375,0.23654771447181702,1.080846381187439,0.9990366935729981,0.0006081377621740102,0.0,0.09710731580853463,0.0,0.24606670141220094,0.00395501502789557,0.004290004167705775,4.114395268928206e-09,3.282912075519562e-08,2.980749655989712e-08,0.007065704371780157,0.15382873713970185
9,1.6401277333498,0.004958420555340126,0.14704286213964224,0.00023947187401063275,0.00020507304725470021,1.0400055566691328e-16,0.1251931576989591,5.44793426990509,0.15244260104373097,1.1005484610795975,0.936523113399744,0.002168889712265809,0.0,0.1790687358006835,0.0,0.1919716214761138,0.005392834485974163,0.004540508540230803,4.232262929004804e-09,3.664172254502773e-08,3.282912075519562e-08,0.008662320178700611,0.17857621889561415,1.39429452419281,0.00320317002478987,0.0902109295129776,0.0004237774817738682,0.0001820454199332744,1.0653942691128657e-16,0.19188757836818696,5.521655607223511,0.08434917466947808,1.081082820892334,0.9592686772346497,0.003431906038895249,0.0,0.15082787722349167,0.0,0.1350915864109993,0.007298812735825777,0.004136095242574811,4.224583616263544e-09,3.4319236874580385e-08,3.259111593933994e-08,0.010022118501365185,0.19648362398147584
10,1.431550957262516,0.003883729033987038,0.11418852023780346,0.0002656743190527777,0.00014813108509770245,1.0553086626991598e-16,0.11513000633567572,5.305337190628052,0.12182294810190797,1.0183915458619595,0.9000923372805119,0.0017092359194066375,0.0,0.1561999956611544,0.0,0.15692795161157846,0.005611932720057666,0.003930326682166196,4.194282227087953e-09,3.6860001273453236e-08,3.263994585722685e-08,0.008397435391088948,0.16585735511034727,0.9684000730514526,0.003225156385451555,0.0940928652882576,0.00028499178297352045,0.00010747384731075726,1.0639944677581892e-16,0.06524518057703972,6.770825004577636,0.10087828487157821,1.0277902007102966,0.9408460021018982,0.003165211109444499,0.0,0.07161633074283599,0.0,0.1369190812110901,0.005805842392146587,0.0032198030967265368,4.193841451893832e-09,3.5943877207955666e-08,3.426749657364781e-08,0.007942487578839063,0.14981915950775146
11,1.0668604001402855,0.0034569533017929643,0.10153186460956931,0.00025761258439160883,0.00011796664330177009,1.0514117734743919e-16,0.10343673708848655,5.406184434890747,0.10800788388587534,0.9984851144254208,0.9032357633113861,0.001335355787887238,0.0,0.08967361459508538,0.0,0.14758188975974917,0.005296034883940592,0.0034436475107213482,4.23277693450963e-09,3.632158041000366e-08,3.1970557756721973e-08,0.007735193270491436,0.1543219741433859,0.9929784059524536,0.004399496968835593,0.13155081793665885,0.00022261982958298175,9.961965879483614e-05,1.0285663485923226e-16,0.06158949211239815,6.138018321990967,0.13969324976205827,1.0341176509857177,0.8391161084175109,0.0016891930485144258,0.0,0.06504419669508935,0.0,0.17092262506484984,0.0060839949175715445,0.0024036358343437316,4.186745217182874e-09,3.596457318622015e-08,2.9026220360606204e-08,0.0071193501353263855,0.1394657701253891
12,1.0259707495570183,0.0035081313544651493,0.104170938488096,0.00020016463031424792,0.00010524399658606853,1.0240919582598171e-16,0.09226966463029385,5.288793921470642,0.11201554210856557,1.0034902654588223,0.8809821382164955,0.0012179593977634795,0.0,0.08155219070613384,0.0,0.14679758297279477,0.005040956326411106,0.003130151904770173,4.1686512852745494e-09,3.5099219530820847e-08,3.2101524993777275e-08,0.007096518500475213,0.14740480110049248,0.8966431736946106,0.00286311125382781,0.08390121161937714,0.00021335436322260647,0.00011032839174731634,1.2106079167591384e-16,0.05426417738199234,6.5053764343261715,0.08630972728133202,0.9803261518478393,0.8328352570533752,0.0021302795968949793,0.0,0.06829173117876053,0.0,0.13085025250911714,0.005402903910726309,0.0032331060152500867,4.4687954670052935e-09,3.923455054177793e-08,3.1075130024760256e-08,0.007160084135830402,0.140890035033226
13,1.3447911106050014,0.0036582263273885474,0.10896334750577807,0.00019087009377471986,0.00010524103072384605,1.0365536451189847e-16,0.10894853575155139,5.344187259674072,0.11862713284790516,0.9725554138422012,0.8836919330060482,0.0013924118320574053,0.0,0.14375044591724873,0.0,0.14721617568284273,0.004403753104270436,0.003205464643542655,4.192943381386982e-09,3.576860763132572e-08,3.1737727113068104e-08,0.006768955092411488,0.14831945300102234,0.8398292064666748,0.0027997169876471163,0.0836891420185566,0.0001251560592208989,8.164955652318895e-05,9.841691298968783e-17,0.057358072698116304,6.52229413986206,0.08608043193817139,0.9953686475753785,0.8733197808265686,0.001186943461652845,0.0,0.054699378460645674,0.0,0.12483340352773667,0.004389987699687481,0.00274721197783947,4.0851643401396135e-09,3.772891261633049e-08,2.893826192007509e-08,0.005972519610077142,0.13071700185537338
14,1.0556439198553562,0.003045414588996209,0.08941462286747992,0.0002188583721363102,0.00011402367931623303,1.0340569989633404e-16,0.0985245278570801,5.441329628229141,0.09301644773222506,0.9937004297971725,0.9029268100857735,0.0008738119904592168,0.0,0.0929118765052408,0.0,0.1338723488152027,0.004608593677403405,0.0032527472503716126,4.185591734318095e-09,3.5201082937419415e-08,3.1679519452154636e-08,0.006805109209381044,0.14182705571874976,1.0599047064781189,0.002988507319241762,0.08571550026535987,0.0002974408387672156,0.00016444081993540748,1.0757595568722045e-16,0.07275558859109879,6.217641925811767,0.07753328196704387,0.97542724609375,0.7656144618988037,0.0010771370260044932,0.0,0.10250474289059638,0.0,0.13236000388860703,0.005432069581001997,0.0036182974465191363,4.272122122728206e-09,3.582487480002783e-08,2.8757171577353802e-08,0.007429504953324795,0.15066959261894225
15,1.0128827393054962,0.0032185603631660342,0.09492776333354414,0.00021492072482942604,0.00010825327535712859,1.038865983026443e-16,0.10503906710073352,5.498330771923065,0.09847553935833275,0.9977444410324097,0.8776165917515755,0.0006884981503390009,0.0,0.08264753432013094,0.0,0.13430223474279046,0.004398741890327074,0.0031327498727478087,4.196766711928035e-09,3.6539859138429165e-08,3.271270543336868e-08,0.006412001413991675,0.13652574503794312,0.8058300375938415,0.0023732103989459576,0.07054710686206818,0.00010951690055662766,9.197752151521855e-05,1.0448177477114703e-16,0.05105516240000725,6.067864227294922,0.06560216750949621,1.041817569732666,0.8570451378822327,0.0013324045459739864,0.0,0.05257956832647324,0.0,0.11308894753456115,0.003852890944108367,0.0029670484364032745,4.139680553905123e-09,3.6352624732671754e-08,3.024211352453676e-08,0.005823980271816254,0.12277469187974929
16,1.1329923272132874,0.0030593396004405804,0.09062662324868143,0.00016910736349018407,0.00011175288227605051,1.0473134326832428e-16,0.09727983619086444,5.997423976659775,0.09285688563250005,0.9988670088350773,0.8862959034740925,0.0010977235506288707,0.0,0.10828823037445545,0.0,0.13373606698587537,0.004444983147550374,0.003319317984278314,4.2510219233626856e-09,3.5608536563813686e-08,3.266904968768358e-08,0.0068228344025556,0.145111124496907,0.8088460803031922,0.002216836460866034,0.0653085581958294,0.00013160012749722228,9.595803858246655e-05,1.0278006043382251e-16,0.06911341995000839,8.507191181182861,0.06155493259429932,0.9921738386154175,0.8503519773483277,0.0006114900228567421,0.0,0.056407639384269716,0.0,0.1138564333319664,0.00439288429915905,0.0031786680221557615,4.090890204366815e-09,3.345517640696016e-08,3.042837803945986e-08,0.00645468458533287,0.14041687697172164
17,0.9326760359108448,0.002753155480604619,0.08140173181891441,0.0001671692439231265,9.590336503606522e-05,1.0369890399062081e-16,0.08740397915244102,6.507006287574768,0.08104519732296467,0.934835147112608,0.8464637883007526,0.0005593268051597988,0.0,0.07655272400006652,0.0,0.12364156311377883,0.004103171013412066,0.003015058391611092,4.200424424949389e-09,3.576860763132572e-08,3.12138581648469e-08,0.006032280012732372,0.12884244555607438,0.763139808177948,0.002307944209314883,0.06951647475361825,5.806418121210299e-05,7.725579125690274e-05,1.030461386288457e-16,0.04510614834725857,7.750488662719727,0.06921370178461075,1.012691855430603,0.92551109790802,0.0005464475194457919,0.0,0.04277424849569798,0.0,0.10077090263366699,0.0027222360484302046,0.0024605371057987214,4.060029690222677e-09,3.040768206119537e-08,3.0216243374070474e-08,0.00444212481379509,0.10308020859956742
18,0.9539675787091255,0.0023669351430726238,0.06912016356363893,0.0001962682808880345,8.738671454011637e-05,1.0550384310648448e-16,0.09887906559742987,6.394711524248123,0.07048440561629832,0.9752346947789192,0.8529932908713818,0.0006149719665700104,0.0,0.08359169703908265,0.0,0.10801473585888743,0.00383407661865931,0.0028151702717877924,4.190504998557998e-09,3.5390257835388184e-08,3.1679519452154636e-08,0.005812196526676416,0.12723496835678816,0.8103906154632569,0.0028334502596408127,0.08474892675876618,0.00013946713443147019,6.640171704930253e-05,1.10374462547698e-16,0.05715692564845085,7.9050346374511715,0.0945549339056015,1.0008947730064393,0.9289656162261963,0.0004904941422864794,0.0,0.04559480845928192,0.0,0.11955013573169708,0.002987544145435095,0.002698204992339015,4.118629126637075e-09,3.1680489698260315e-08,2.9828192538161605e-08,0.005205863527953625,0.11285485923290253
19,0.993494376540184,0.0032819031039252877,0.09784467169083655,0.0001689065720711369,9.071518297787406e-05,1.0244858368520965e-16,0.0805429860483855,6.26079124212265,0.10916783846914768,0.9651684947311878,0.8924336060881615,0.0007350803534791339,0.0,0.07902027829550207,0.0,0.13878459623083472,0.0041063467506319284,0.0030613445269409567,4.193193098300796e-09,3.540480975061655e-08,3.15631041303277e-08,0.006251237005926669,0.13194966921582818,0.985404098033905,0.003287803055718541,0.0990547075867653,9.39761972404085e-05,9.716968343127519e-05,1.1127745525600826e-16,0.09905204623937607,7.031622505187988,0.10636908411979676,1.0037822604179383,0.9139878034591675,0.0010078788851387798,0.0,0.07363832220435143,0.0,0.13351825922727584,0.003941804356873036,0.0029455987736582757,4.284658494668747e-09,3.733568689767708e-08,3.0557728791791305e-08,0.005816799122840166,0.13304146379232407
20,1.0319767259061337,0.002853799262084067,0.08382110251113772,0.00021246838059596485,9.730998112900124e-05,1.0653870850492457e-16,0.11403661291114986,6.27496537566185,0.08186018466949463,0.9523989446461201,0.8784586489200592,0.001107158044760581,0.0,0.09240463864989579,0.0,0.12034226302057505,0.0046119836188154295,0.0029971858311910182,4.23940890725838e-09,3.795139491558075e-08,3.243621904402971e-08,0.0066157707187812775,0.14278498431667686,0.6983051061630249,0.001714098104275763,0.0508864164352417,8.726461455808022e-05,6.277734537434299e-05,1.0449459408540812e-16,0.04827602058649063,6.932640647888183,0.04928181320428848,1.0060528755187987,0.8874196171760559,0.0004667891655117273,0.0,0.039405011013150214,0.0,0.0834435448050499,0.0032351727597415446,0.002339160209521651,4.108417961390387e-09,3.244624373621718e-08,3.0712948984046305e-08,0.00481475405395031,0.10377689450979233
21,0.9114017263054848,0.0023100072066881694,0.06833896890748292,0.00013908805567552918,7.899550223555707e-05,1.0352943370826278e-16,0.08972715679556131,6.161888808012009,0.07074041326995939,0.968179315328598,0.8640351966023445,0.0007086358982633101,0.0,0.07565113063901663,0.0,0.10696240095421672,0.003924284275854006,0.00275818161026109,4.169686262933681e-09,3.502645995467901e-08,3.2741809263825417e-08,0.005892506305826828,0.12851015059277415,0.8483186006546021,0.002500831987708807,0.07466826736927032,0.00010008537938119844,9.041579760378226e-05,1.0768133717377071e-16,0.05760702043771744,7.483288383483886,0.07826237753033638,0.9492371320724488,0.7521039366722106,0.001085525401867926,0.0,0.06663732901215554,0.0,0.11209437400102615,0.0037140377331525086,0.0026002245023846625,4.159899003042256e-09,3.520916749266689e-08,2.8576080879361144e-08,0.005304544232785702,0.12128941416740417
22,0.8708560168743134,0.00231255276594311,0.0683084933552891,0.00014894225296302466,7.643396816092718e-05,1.0480382331513801e-16,0.07764776307158172,6.125004827976227,0.06954919989220798,0.9312062039971352,0.8384057581424713,0.0009283348917961121,0.0,0.07055584411136806,0.0,0.10525413183495402,0.0038798283057985827,0.0026401830691611394,4.223559196825377e-09,3.5157427191734314e-08,3.2654497772455215e-08,0.005670688260579482,0.11987852305173874,0.7822922229766845,0.0031273570959456263,0.09455541372299195,0.00010182158439420164,5.768864211859181e-05,1.0514422203383787e-16,0.03963839747011662,7.241427898406982,0.10230411849915981,1.013620102405548,0.8454008460044861,0.0007815515738911927,0.0,0.039577478915452956,0.0,0.1352263107895851,0.004252929054200649,0.0018922684714198113,4.204353043490983e-09,3.5866267467099536e-08,3.0216243374070474e-08,0.0051226488314568995,0.10592874437570572
23,1.1154985316097736,0.002635026576172095,0.07873522466979921,0.00012810177713618032,6.860490896087867e-05,1.0154962612936356e-16,0.06395899341441691,6.105410307645798,0.0862446001265198,0.9470332935452461,0.8703531734645367,0.001022307940729661,0.0,0.11372081702575088,0.0,0.11003389302641153,0.003681237081764266,0.0022517991819768213,4.15687040344892e-09,3.6627170629799366e-08,3.073364496231079e-08,0.005175455764401704,0.11139065260067582,0.9336813807487487,0.0022676193388178945,0.06768013834953308,8.730917325010523e-05,8.70949552336242e-05,1.05245226742331e-16,0.09265792444348335,7.43094310760498,0.07380043268203736,0.9686729311943054,0.9160364508628845,0.0012813693145290017,0.0,0.0778661858290434,0.0,0.0987890750169754,0.003654868667945266,0.002471487829461694,4.083670646082283e-09,3.619223036821495e-08,3.019554739580599e-08,0.005368541274219751,0.12376339286565781
24,0.8625283427536488,0.0023926256399136037,0.07050746865570545,0.00016371387710023555,8.054796103351691e-05,1.04221146951898e-16,0.08347685751505196,6.042327702045441,0.07190170977264643,0.9337831884622574,0.8462438024580479,0.0011729670986824203,0.0,0.06733305845409632,0.0,0.09990696795284748,0.0038039126084186137,0.002739053961704485,4.1744107059926705e-09,3.6307028494775295e-08,3.221794031560421e-08,0.005636312533169985,0.1187873906455934,0.8163329839706421,0.002978849643841386,0.09013342261314392,6.538306042784825e-05,8.201101227314211e-05,1.0663307169756145e-16,0.049962326884269714,6.8822752952575685,0.09291722923517227,1.072606122493744,0.9918522357940673,0.00136822119820863,0.0,0.039707642048597336,0.0,0.11431392133235932,0.003009234322234988,0.00252505955286324,4.201879200138592e-09,3.7108030426225014e-08,3.1318308657546365e-08,0.004795546736568212,0.102996926009655
25,1.7537809386849403,0.0023658315476495773,0.07021074509248137,0.00013129134867995162,7.73775198013027e-05,1.0324560115672593e-16,0.08251285937149078,5.947582453489304,0.07224843115545809,0.979222446680069,0.8575276583433151,0.0015114163325051777,0.0,0.24348596401978284,0.0,0.09687690576538444,0.0036279217310948297,0.002600582258310169,4.1414128792993665e-09,3.624882083386183e-08,3.1781382858753204e-08,0.005473772500408813,0.11745582660660148,0.8465199112892151,0.002451463555917144,0.07310889326035977,0.00010216786904493347,9.026401276059914e-05,1.0505986152275829e-16,0.06163145862519741,5.786609649658203,0.06199474473833107,1.0353223085403442,0.8232416152954102,0.001345709664747119,0.0,0.06095813475549221,0.0,0.10073557198047638,0.003522356739267707,0.0025361513486132025,4.2172283443164815e-09,4.099888926134554e-08,2.9735060280700055e-08,0.005061223637312651,0.10954431295394898
26,1.108560286462307,0.00218224309355719,0.06453081895597279,0.00013309266068972647,7.482175965378701e-05,1.0430927394717879e-16,0.07677331636659801,6.066894829273224,0.06457193847745657,0.9614136628806591,0.8772198744118214,0.0011611346089921426,0.0,0.11696468119043857,0.0,0.09373875288292766,0.003525831416482106,0.002630926319397986,4.169310868773479e-09,3.4968252293765545e-08,3.172317519783974e-08,0.0052958727173972875,0.11162225157022476,0.7603225111961365,0.0023835056694224478,0.07174558490514756,9.151084886980244e-05,5.136185645824298e-05,1.1029460057566173e-16,0.05840191543102265,8.155234050750732,0.06635762676596642,1.0413872361183167,0.9029481887817383,0.0013587978901341558,0.0,0.040458273887634275,0.0,0.09989560097455978,0.003187663620337844,0.002335550915449858,4.187772351116337e-09,3.343448042869568e-08,3.15873570855274e-08,0.004638795647770167,0.1027622565627098
27,0.8413575738668442,0.0020192934753140435,0.05871732532978058,0.00018175034529122058,7.696783268329455e-05,1.0469760505268007e-16,0.06966153031680733,6.818587988615036,0.06060418579727411,0.9574202746152878,0.8635910376906395,0.0009964227756427135,0.0,0.06676412327215075,0.0,0.08932388457469642,0.0038766641227994114,0.002493076157406904,4.190366137413193e-09,3.504101186990738e-08,3.266904968768358e-08,0.0055477109854109585,0.11223266506567597,0.8130203723907471,0.0025572926504537465,0.07555684968829154,0.00017886339337565006,6.908479845151305e-05,1.046279078068831e-16,0.053640947490930554,8.300084686279297,0.08241812959313392,0.9673995494842529,0.8076764583587647,0.0019610451301559804,0.0,0.05619777739048004,0.0,0.10888693779706955,0.004047101456671953,0.0022810003720223904,4.123067665062763e-09,3.4598633646965026e-08,3.272564050860183e-08,0.005376816820353269,0.10762227922677994
28,0.83106579631567,0.002023122360697016,0.05890580080449581,0.00018691151308303233,6.715460187933786e-05,1.0553927704238442e-16,0.08897870080545545,6.719897508621216,0.05670891224872321,0.941265307366848,0.8445391394197941,0.0008346742088178871,0.0,0.06532712210901082,0.0,0.08869643555954099,0.003887156693963334,0.0023537279048468918,4.179147444771658e-09,3.4502591006457806e-08,3.2290699891746044e-08,0.005493377917446196,0.11392612429335713,0.7643925428390503,0.0016439799917861819,0.04920181334018707,6.022059169481508e-05,5.721711859223433e-05,1.1272332593859255e-16,0.06779409758746624,8.04295825958252,0.036101124770357276,1.0528729438781739,0.9533544540405273,0.0008993661729618907,0.0,0.047920535877346994,0.0,0.0765398234128952,0.0028559903148561716,0.0019203161355108023,4.145766219210145e-09,3.33103042038374e-08,3.165979336472446e-08,0.0040839988272637125,0.09206546694040299
29,0.864014495164156,0.0024495371035300195,0.07240774692036211,0.0001588478580742958,7.634557027813571e-05,1.0806136727367085e-16,0.06876259355340153,6.602852910757065,0.07925525936298072,0.961112730205059,0.8474870212376118,0.0011015781201422215,0.0,0.06612024432979524,0.0,0.10123333241790533,0.003604275712859817,0.0023726094514131546,4.256647589961915e-09,3.614695742726326e-08,3.227614797651768e-08,0.0052538434392772615,0.10682068392634392,0.7260581612586975,0.0023207415360957384,0.06943672448396683,0.00011148547637276351,5.5598566905246114e-05,1.0659389642375094e-16,0.047286945208907125,7.52968463897705,0.08106291741132736,0.9986106634140015,0.8846624851226806,0.0006015342893078923,0.0,0.03742179423570633,0.0,0.09996867030858994,0.0035439484287053346,0.002128391619771719,4.150532983970834e-09,3.9839910215278e-08,3.1038911885161724e-08,0.004806142300367355,0.09354460537433625
30,0.8467225916683674,0.001987336261663586,0.05798848927952349,0.000160815743583953,8.044663832151855e-05,1.030580685585122e-16,0.09386988100595772,6.437102347612381,0.04867229028604925,0.9734088443219662,0.8515190556645393,0.0006827156412327895,0.0,0.06721194472629577,0.0,0.08678632648661733,0.003571819164790213,0.0025276171800214797,4.128534999980893e-09,3.578315954655409e-08,3.2567186281085014e-08,0.005195052159251645,0.11140451952815056,0.6666264295578003,0.0015993178123608232,0.044730421528220175,0.00026831816066987815,5.491041083587334e-05,1.0309776528698086e-16,0.03885162994265556,7.420578670501709,0.034324145526625216,0.9956301808357239,0.8435690879821778,0.0018512143287807703,0.0,0.03812683783471584,0.0,0.07390577420592308,0.0036848035641014578,0.002088876534253359,4.086316618412411e-09,3.544717230852257e-08,3.080090706930605e-08,0.0050153197720646855,0.09350621402263641
31,0.9634255543351173,0.0018338519876124337,0.05262852646410465,0.00021014368121541338,7.124875901354244e-05,1.0396118848720065e-16,0.0791501987259835,6.416643559932709,0.04835292627103627,0.9612861014902592,0.8666888698935509,0.0009824380267673405,0.0,0.0931954151019454,0.0,0.0840520286001265,0.0040267396689159796,0.0023661732775508426,4.1899573116621625e-09,3.6452547647058964e-08,3.247987478971481e-08,0.00544848243589513,0.11090182233601809,0.7405350685119629,0.001553892029915005,0.04550625793635845,0.00012171709531685337,5.590916116489097e-05,1.096680251582871e-16,0.06045563295483589,7.9885906219482425,0.045695521496236326,1.0066223859786987,0.8803026080131531,0.0008452418143860996,0.0,0.04962692521512509,0.0,0.07466971427202225,0.0033876334317028524,0.002017644443549216,4.152790289424502e-09,3.409158040312832e-08,3.451067556170528e-08,0.004860989935696125,0.10745906233787536
32,0.8246785514056683,0.001947704098711256,0.057085836539044976,0.00013541054499910388,8.412214083364233e-05,1.047367815672615e-16,0.07198898342903703,6.497062176465988,0.05546982178930193,0.9710635729134083,0.8353889547288418,0.0008888971424312331,0.0,0.06470228522084653,0.0,0.08467777189798653,0.00314423737290781,0.0024662623327458277,4.157048913433492e-09,3.4648110158741474e-08,3.4153345040977e-08,0.004802645577001385,0.10343817854300141,0.6526991963386536,0.0018975850660353899,0.05700265169143677,6.783171484130435e-05,5.3667256725020704e-05,1.0549967941015314e-16,0.037569892778992656,7.562996196746826,0.058507413417100904,0.9430699110031128,0.8432773470878601,0.0008678212179802358,0.0,0.03228754699230194,0.0,0.08540141582489014,0.0027575353160500526,0.002037175721488893,4.142024234710107e-09,3.323269375243853e-08,3.2415199768820456e-08,0.003949400270357728,0.08664690107107162
33,0.7984712831676006,0.0018006268073804677,0.05288166832178831,0.00013580924792222504,6.0041552842449164e-05,1.0259408806368018e-16,0.07191307144239545,6.51189711689949,0.04881761618889868,0.9830976575613022,0.8777921609580517,0.0010066863906104118,0.0,0.05905865761451423,0.0,0.08401607954874635,0.0033110804797615856,0.0021539239678531885,4.1450478743820796e-09,3.553577698767185e-08,3.213062882423401e-08,0.004503228032262996,0.09826498897746205,0.6851612329483032,0.0019574745325371622,0.058351395279169084,0.00011212802419322543,4.322629793023225e-05,1.0357936307449904e-16,0.04993290677666664,7.813225364685058,0.05540549289435148,0.9690738677978515,0.8473110675811768,0.0015631030313670636,0.0,0.03649951629340649,0.0,0.08741518035531044,0.003267819574102759,0.0018757817102596163,4.161344424602475e-09,3.8049701345244105e-08,2.851399294456769e-08,0.0043277188669890165,0.09218332469463349
34,0.7976387590169907,0.0018423423171043396,0.05409542005509138,0.00012878185793852026,7.23642851880868e-05,1.0078461723883063e-16,0.07967420970089734,6.464189320802689,0.0489961935672909,0.9602544829249382,0.8687344677746296,0.0007490507050533779,0.0,0.05937680648639798,0.0,0.08450562553480268,0.003195199475158006,0.0024289695065817796,4.095767863754318e-09,3.6860001273453236e-08,3.3076503314077854e-08,0.004743396872072481,0.10153710516169667,0.6997820854187011,0.0020272205118089916,0.06020520031452179,9.045018960023299e-05,8.545907185180113e-05,9.977126308581029e-17,0.051300302520394324,7.579526042938232,0.06349199786782264,0.9422330975532531,0.8084311246871948,0.0007122730021364987,0.0,0.04122523702681065,0.0,0.09386728852987289,0.0030827788170427082,0.0025751219131052495,4.0165224923782715e-09,3.860332071781159e-08,3.100269374556319e-08,0.004696132428944111,0.09325481653213501
35,0.8130464553833008,0.002189644546888303,0.06464174203574657,0.00013945382011115726,7.636199018179468e-05,1.0198169978642757e-16,0.07509013474918902,6.417991459369659,0.06427036074455827,0.9409360624849796,0.8311010077595711,0.0010226632402918767,0.0,0.06048282003030181,0.0,0.09534740331582725,0.0033906642711372115,0.0025844611518550664,4.151250010409058e-09,3.474997356534004e-08,3.3163814805448055e-08,0.00495055629289709,0.10633039195090532,0.7428387880325318,0.002392726321704686,0.07095276266336441,0.0001327408681390807,8.204265759559348e-05,1.0182885037498982e-16,0.040700387209653854,7.439553070068359,0.058400412648916246,0.9548500418663025,0.7978809714317322,0.0015320128994062542,0.0,0.045868298038840294,0.0,0.10618485361337662,0.0037600769195705653,0.0026280507910996674,4.007841569730886e-09,3.333617399903233e-08,3.1044085702092164e-08,0.004962253849953413,0.1037701964378357
36,0.7910825125873089,0.0020606715261237696,0.06035523419268429,0.00016453259786430863,7.050637384509173e-05,1.0462095312044693e-16,0.06256044982001185,6.387579917907715,0.05954452871810645,0.9397679567337036,0.8538906648755074,0.0014783109509153292,0.0,0.057510982966050506,0.0,0.09021200938150287,0.004033422083011828,0.0023553325518150814,4.1926378341328174e-09,3.640889190137386e-08,3.361492417752743e-08,0.0054074901272542775,0.109047946985811,0.7478940844535827,0.002788154873996973,0.08322606235742569,8.038235100684687e-05,0.00013340021105250343,1.0594192589982644e-16,0.03143403232097626,7.528042793273926,0.09490831792354584,0.9555815815925598,0.8250313878059388,0.0021193915279582145,0.0,0.04075179807841778,0.0,0.11664939373731613,0.003224967885762453,0.002763659367337823,4.13536893617561e-09,3.2368633640089685e-08,3.0816429230640094e-08,0.005035416129976511,0.10055506974458694
37,0.8319070562720299,0.002135624374204781,0.06265456648543477,0.0001382863606522733,9.836631897996995e-05,1.0312965111436131e-16,0.07212805061135441,6.472547233104706,0.06424141977913678,0.9355591312050819,0.8381273113191128,0.0013802055909764022,0.0,0.06509535084478557,0.0,0.09020648896694183,0.0030866656015859917,0.002510962716769427,4.141096993093285e-09,3.463355824351311e-08,3.215973265469074e-08,0.0048016202345024794,0.10170043352991343,0.7582416892051697,0.0015432892716489733,0.04512237198650837,9.255192271666602e-05,8.87544143552077e-05,1.0330734903140015e-16,0.030344985239207745,7.4843676567077635,0.04251219702127855,0.934852683544159,0.799093234539032,0.001741543668322265,0.0,0.06076226606965065,0.0,0.07224057614803314,0.0030674066860228778,0.0023011201294139026,4.083700222423659e-09,3.559721832857576e-08,3.218754329736839e-08,0.004535334417596459,0.09631792157888412
38,0.916364461183548,0.0019188472724636085,0.05540385656058788,0.00019859454050674685,7.343270067394769e-05,1.0468121488243264e-16,0.10101181175559759,6.254270762205124,0.04970244818832725,0.9663781113922596,0.8519631996750832,0.0011111993717349833,0.0,0.08218335150741041,0.0,0.0862638889811933,0.004038802770082839,0.002351338989683427,4.174164652814838e-09,3.5841367207467556e-08,3.313471097499132e-08,0.005521744926227257,0.11864033248275518,0.6887200117111206,0.0015209418954327703,0.04432858414947986,0.00011867260036524385,6.936844838492106e-05,1.0744090819518156e-16,0.05625776089727878,7.053310489654541,0.03010211904766038,0.9385610818862915,0.8104325532913208,0.0006292392848990857,0.0,0.045774051919579506,0.0,0.076059989631176,0.003463104134425521,0.002242123708128929,4.192412728087902e-09,3.670963124591253e-08,2.917109256372896e-08,0.004615530092269182,0.09800231456756592
39,0.775575865060091,0.0014363406880875118,0.04125889844726771,0.00015383204708996345,6.401227597052639e-05,1.0432427486758744e-16,0.07184784393757582,6.1283875703811646,0.037835528841242194,0.9336132481694221,0.8427197076380253,0.0007169456221163273,0.0,0.06277874030638486,0.0,0.06902292068116367,0.0034569317795103416,0.002171153661038261,4.180083224003539e-09,3.525929059833288e-08,3.396417014300823e-08,0.004771821608301252,0.09930885024368763,0.8091003775596619,0.0015602434985339641,0.045054806396365166,0.00010686229143175296,0.00011398728311178275,1.0329256698298159e-16,0.027176286652684213,6.940677738189697,0.03887699391925707,0.9332155466079712,0.8066228151321411,0.0015391403809189796,0.0,0.0709978312253952,0.0,0.07269954532384873,0.0031231225933879615,0.0024514924036338924,4.0520733879390035e-09,3.5017728805541994e-08,3.142178890414016e-08,0.004772288724780083,0.10100123137235642
40,0.7218938581645489,0.0014779306038690265,0.043208636227063835,0.00011789014661189867,5.592402487764048e-05,1.0317994204124331e-16,0.05401970853563398,6.3939157128334045,0.042551036982331425,0.9389431327581406,0.8705005496740341,0.0010689295522752218,0.0,0.05053552333265543,0.0,0.07157585513778031,0.0032776962470961735,0.0020090464095119387,4.143112020127404e-09,3.5332050174474716e-08,3.323657438158989e-08,0.004467001621378586,0.09127061953768134,0.6295737028121948,0.001844936073757708,0.054960230737924574,8.760154451010748e-05,6.12512209045235e-05,1.0388786306180089e-16,0.02678296621888876,7.347446632385254,0.05797091946005821,0.9192450761795044,0.8205400109291077,0.0007105806143954396,0.0,0.030835531651973724,0.0,0.09059616774320603,0.0031736108008772134,0.0021678877528756857,4.0900441256042084e-09,3.6119794089017884e-08,3.0950953444630615e-08,0.004135322896763683,0.08498972654342651
41,0.7336807101964951,0.002046492612862494,0.060857119504362345,0.0001126668717006396,5.9609884146993863e-05,1.0290097496606949e-16,0.05884602852165699,6.557284951210022,0.05996310256887227,0.9441175311803818,0.8294480107724667,0.0007892725880083162,0.0,0.04676066024694592,0.0,0.0889601034577936,0.0029536501824622974,0.002082542639982421,4.141894757725417e-09,3.483728505671024e-08,3.2800016924738884e-08,0.004133287366130389,0.08854614244773984,0.7500980973243714,0.002235909993760288,0.06722258627414704,7.809482049196959e-05,6.128027816885152e-05,1.1212151829399125e-16,0.0522020198404789,7.40520133972168,0.07519532516598701,0.94246346950531,0.8905178308486938,0.0009705153875984252,0.0,0.04502366576343775,0.0,0.09254726320505142,0.002598363347351551,0.001989990845322609,4.1133528583259246e-09,3.7402949715215074e-08,3.114239213175551e-08,0.003855001134797931,0.0845746710896492
42,0.8366635665297508,0.0017721040312608238,0.05161567684262991,0.00014615054419664375,7.515261529533745e-05,1.0348786416016923e-16,0.07235991151537746,6.439799219369888,0.04985461535397917,0.9568543769419193,0.8743722513318062,0.0006729247979819775,0.0,0.06838859437266365,0.0,0.07916799234226346,0.0030173038103384897,0.002193194224673789,4.149753596305317e-09,3.731111064553261e-08,3.227614797651768e-08,0.004459035393665545,0.09838652471080422,0.6342338800430298,0.0016982916044071318,0.04975454062223435,0.00014719332539243625,4.563991169561632e-05,1.0654034541263876e-16,0.025743591040372847,7.442827224731445,0.05155203863978386,0.9687030792236329,0.8572214365005493,0.0010295992135070265,0.0,0.03051389679312706,0.0,0.08159468173980713,0.003433750383555889,0.0018819268792867661,4.196978675707897e-09,3.64457569901333e-08,3.0123111116608925e-08,0.004443543590605259,0.08070333451032638
43,0.7904925532639027,0.00193480836605886,0.05696556263137609,0.00015248161071212962,4.841824068080314e-05,1.0183030629558597e-16,0.06935783324297518,6.205323785543442,0.05783591803628951,0.9436296336352825,0.8476120419800282,0.0011276828809059225,0.0,0.0586593640036881,0.0,0.08395839249715209,0.0034668460430111736,0.0018647447868715972,4.103653389320172e-09,3.531749825924635e-08,3.322202246636152e-08,0.00457562695373781,0.0973261259496212,0.6512720108032226,0.001644808705896139,0.04640982113778591,0.0002709026710363105,3.438069179537706e-05,1.0637789375777824e-16,0.03590460680425167,7.413039207458496,0.03744518141029403,0.9291185140609741,0.8970210790634155,0.0013633606722578406,0.0,0.034995418041944504,0.0,0.07512368857860566,0.0041100344154983755,0.0016552759800106287,4.04681226306991e-09,3.4505501389503476e-08,3.1090651830822935e-08,0.004922722838819027,0.08732377737760544
44,0.9121197611093521,0.0020766729721799493,0.06143773812800646,0.00011996867647212639,7.597283934046573e-05,1.0133146840974096e-16,0.07229095930233598,6.265905857086182,0.06133193499408662,0.9278382547199726,0.8770128935575485,0.0007152713078539819,0.0,0.0804670350626111,0.0,0.08818763657473028,0.002803565264912322,0.0022888412859174423,4.1075002288337714e-09,3.563764039427042e-08,3.2101524993777275e-08,0.004333368968218565,0.09520265180617571,0.6851031184196472,0.001972195296548307,0.05937104374170303,4.060023929923773e-05,7.720065550529399e-05,1.0027215337219116e-16,0.052056345343589785,6.905178070068359,0.05418744832277298,0.9529418826103211,0.8585198402404786,0.0006413641152903437,0.0,0.036401303671300414,0.0,0.0869954213500023,0.0022055306704714893,0.0024236606899648906,4.05647799794906e-09,3.440202114290969e-08,3.556617400590767e-08,0.0037331478204578163,0.08868317455053329
45,0.746527161449194,0.0022629773084190674,0.06736039742827415,0.0001250135335340019,6.111304674050189e-05,1.0375409182672912e-16,0.04825756885111332,6.319830596446991,0.07314734975807369,0.928498663008213,0.8551972843706608,0.001163345848908648,0.0,0.04661183024290949,0.0,0.09514753404073417,0.003195588811649941,0.002075794131087605,4.171988615686573e-09,3.5885022953152657e-08,3.162131179124117e-08,0.004523755225818604,0.09373186761513352,0.7398896813392639,0.002514810860157013,0.07550692707300186,8.508498940500431e-05,7.839572208467871e-05,1.0498958690489374e-16,0.026013589277863503,7.272788429260254,0.08596339076757431,0.9406792640686035,0.8086566209793091,0.0010620705550536513,0.0,0.043922781199216845,0.0,0.10242397636175156,0.0028592025861144065,0.0020950238918885588,4.108616824538558e-09,3.718046670542208e-08,3.075951511277708e-08,0.004106863448396325,0.09096395969390869
46,0.7657778598368168,0.0019233430357417092,0.056862924015149474,0.00012847444031649502,5.557283111556899e-05,1.0234682351266307e-16,0.06855033710598946,6.474375784397125,0.05750750645529479,0.9294810555875301,0.8046534955501556,0.0010811430765897967,0.0,0.056026765843853354,0.0,0.0823613004758954,0.002919696082244627,0.002064295913442038,4.1278743756478775e-09,3.521563485264778e-08,3.326567821204662e-08,0.00418731156969443,0.09395231492817402,0.6610095858573913,0.0021797508699819444,0.06608033105731011,4.777601716341451e-05,5.168710849829949e-05,1.0556767630348295e-16,0.030903137288987637,7.160244464874268,0.06652139350771905,0.9996105790138244,0.8751837849617005,0.0008618309046141803,0.0,0.026991430297493936,0.0,0.08901471495628357,0.0020554165821522474,0.00199168911203742,4.049554824803181e-09,3.2384155446152364e-08,3.17011856765248e-08,0.0032825907692313194,0.0684004008769989
47,0.7804306969046593,0.0021217824396444485,0.06289196549914777,0.00012446576101865503,6.775354825094837e-05,1.0054983897916001e-16,0.06963979708962142,5.928623139858246,0.05984077323228121,0.9214162863790989,0.8371221534907818,0.0008881639041646849,0.0,0.055575970211066306,0.0,0.08962899632751942,0.003034314839169383,0.0022279028926277533,4.0857613681222205e-09,3.540480975061655e-08,3.2290699891746044e-08,0.004308281451812945,0.09387583984062076,0.6726580619812011,0.0016094387276098133,0.047907890379428865,7.982253009686247e-05,5.24912236869568e-05,1.0359701709400438e-16,0.04221745654940605,6.994162559509277,0.046922434063162655,0.9643392086029052,0.929919159412384,0.001228840951807797,0.0,0.035694900900125504,0.0,0.07201347425580025,0.0029397733975201844,0.0018169218441471458,4.021134358822564e-09,3.37656175020129e-08,3.2648030412474326e-08,0.00405960283242166,0.08336450383067132
48,1.0280412137508392,0.0015471929582417943,0.044857870088890195,0.00014410555218091758,6.290192220603785e-05,1.0499036205584576e-16,0.05655386461876333,6.075046092271805,0.04655245831236243,0.9401956535875797,0.8593034148216248,0.0009468413663853426,0.0,0.11141407117247581,0.0,0.06996825220994651,0.003067581375944428,0.0020299341122154146,4.189949970312412e-09,3.600143827497959e-08,3.243621904402971e-08,0.004403405633638613,0.09220339730381966,0.7489347100257874,0.001977141690440476,0.057914674654603,0.00016696923557901755,5.8145480943494475e-05,1.0401933183963762e-16,0.05006193108856678,6.494855213165283,0.05972050605341792,1.0187219619750976,0.9445738554000854,0.0011092593427747487,0.0,0.0437729736790061,0.0,0.07971009612083435,0.002960832417011261,0.0018180187791585923,4.039271850331261e-09,3.5286777588794395e-08,2.9129700607199992e-08,0.0042581419926136736,0.08676029443740844
49,0.8628797419369221,0.002096869095112197,0.061887471470981836,0.0001391042828799982,6.85936306581425e-05,1.0331067297397364e-16,0.09232187177985907,6.147056132555008,0.05463549226988107,0.9922710806131363,0.8542293682694435,0.0007866329397074878,0.0,0.06805719248950481,0.0,0.09339637588709593,0.0033562928874744102,0.0022242752165766433,4.1622244817407505e-09,3.483728505671024e-08,3.263994585722685e-08,0.004472528715268709,0.10331236151978374,0.7186319351196289,0.0023838409688323736,0.07211067415773868,6.942084946786054e-05,4.980570520274341e-05,1.0076019258057541e-16,0.053603342920541766,6.451301956176758,0.05851030181220267,1.0230043649673461,0.8963095426559449,0.0014908811543136835,0.0,0.03358347713947296,0.0,0.09849725812673568,0.0027653515338897706,0.0018297055969014764,4.061326697168965e-09,3.89603279415951e-08,3.4045014274397543e-08,0.0038739307783544064,0.08515086323022843
50,1.1296178437769413,0.0017431489468435757,0.05089119542390108,0.00014928883911125013,6.0472594782368105e-05,1.0214676822715589e-16,0.06554146454436705,6.867139309644699,0.051433396292850375,0.9329385682940483,0.8444423004984856,0.000942334361752728,0.0,0.12959495396353304,0.0,0.07817609724588692,0.003396180967683904,0.0019617538346210495,4.103215267559079e-09,3.605964593589306e-08,3.3673131838440895e-08,0.004602802262525074,0.09747717715799809,0.9485630989074707,0.0027109435293823482,0.07883590310811997,0.0002532743557821959,9.36156211537309e-05,1.0842539606092951e-16,0.11874084025621415,6.540419292449951,0.08010466620326043,0.9748809695243835,0.8388112187385559,0.0005604352103546262,0.0,0.07821840494871139,0.0,0.11486160159111022,0.004249536525458097,0.0026339976582676174,4.21175405662666e-09,3.4588285657832786e-08,3.4303715068517705e-08,0.005296530295163393,0.11294249296188355
51,1.349037729203701,0.00196138427418191,0.057972521521151066,0.00012794223209766642,6.0750507827833644e-05,1.0273946795146851e-16,0.06867788219824433,7.255668193101883,0.05872717418242246,0.9331012293696404,0.8375402502715588,0.000771279534092173,0.0,0.17059964581858367,0.0,0.08420985448174179,0.0030091363441897556,0.002046747649728786,4.149281085386036e-09,3.578315954655409e-08,3.226159606128931e-08,0.00420391334046144,0.09452573396265507,0.8838935852050781,0.0013117471826262772,0.03833135962486267,8.342153450939805e-05,7.209875730040949e-05,1.0403167602135487e-16,0.09120950549840927,7.512482929229736,0.03416759650936001,0.9812031269073487,0.8754997730255127,0.0013432169333100318,0.0,0.0813962895423174,0.0,0.06532404199242592,0.002909590443596244,0.001959574967622757,4.048601454087475e-09,3.844810052555658e-08,3.0795733252375615e-08,0.004162858985364437,0.10056896805763245
52,0.8905655592679977,0.0025190210981236305,0.07483963982667774,0.00014198508529261744,7.468259377674258e-05,1.0203289316735786e-16,0.06643896317109466,7.4014968276023865,0.07649494393263012,0.943330567330122,0.8501263409852982,0.0012716369565168861,0.0,0.07100693369284272,0.0,0.1041083917953074,0.003239752826630138,0.002194003864133265,4.108349244136278e-09,3.5885022953152657e-08,3.291643224656582e-08,0.004350737828644924,0.0940140807069838,0.724792766571045,0.002103262743912637,0.06275004372000695,8.670097595313564e-05,7.670562408748082e-05,1.016136060682027e-16,0.050371306389570235,10.342938804626465,0.05044471248984337,1.0423252820968627,0.9034268260002136,0.0013124586781486868,0.0,0.0369936641305685,0.0,0.09365774691104889,0.003178936056792736,0.00239020804874599,4.0355738306629975e-09,3.604218363761902e-08,2.9750582264398418e-08,0.00443351580761373,0.09034934788942336
53,0.8402510844171047,0.0017877983627840877,0.05102964967954904,0.00022020300457370467,7.260368897732405e-05,1.0431142461677142e-16,0.06899078655987978,7.775919437408447,0.04723411658778787,0.9293340183794498,0.8169613406062126,0.002630556482472457,0.0,0.0725892148911953,0.0,0.07921824278309941,0.004235926055116579,0.0026642736047506332,4.202979353440384e-09,3.5390257835388184e-08,3.408058546483517e-08,0.005881735880393535,0.11237704055383801,0.8299752235412597,0.002631047135218978,0.07816224545240402,8.771219581831247e-05,0.00013896850286982955,1.0425437951203375e-16,0.05139031857252121,10.048379707336426,0.07211648374795913,0.9582754611968994,0.86658616065979,0.0021841386216692625,0.0,0.05637933388352394,0.0,0.10984167903661728,0.003099711099639535,0.003659433173015714,4.072014192502138e-09,3.8903413468460714e-08,3.037146392159684e-08,0.005646860506385565,0.11404363214969634
54,0.7850428409874439,0.0016889637190615758,0.048895106418058276,0.0001346850922345766,9.61661348810594e-05,1.0302690949201793e-16,0.07167557429056615,8.138577491044998,0.04739351139869541,0.9572776332497597,0.8568068407475948,0.0020034385888720863,0.0,0.0595406104112044,0.0,0.07472815364599228,0.0034235275234095752,0.003068958700168878,4.1365531278092504e-09,3.636523615568876e-08,3.4269760362803936e-08,0.005655872490024194,0.10933655500411987,0.5970363616943359,0.001258558314293623,0.036552444845438,7.593043992528691e-05,8.826037737890147e-05,1.0441634676992754e-16,0.029599016718566417,9.60395860671997,0.032489508483558895,0.9461321592330932,0.848441219329834,0.001715472200885415,0.0,0.029287689924240114,0.0,0.06483855545520782,0.003022570488974452,0.002833041246049106,4.066331849017502e-09,3.453137153996977e-08,3.372422554548393e-08,0.004957450367510319,0.08997163027524949
55,0.7361266799271107,0.001736122379952576,0.05089490709360689,0.00010533431463954912,8.965819915829343e-05,1.0111849793973969e-16,0.06496423145290464,8.031886667013168,0.041960363276302814,0.9284738786518574,0.8470961153507233,0.0014154574455460533,0.0,0.05084448936395347,0.0,0.07706988579593599,0.0027670796698657796,0.002860841588699259,4.092321231885521e-09,3.5754055716097355e-08,3.4691765904426575e-08,0.004731939610792324,0.09693372715264559,0.6274959564208984,0.0018854294205084444,0.05656086355447769,3.809526824625209e-05,8.77347803907469e-05,9.99280131501446e-17,0.02888547405600548,9.028712368011474,0.04980690181255341,0.9558575868606567,0.8338095068931579,0.0014638448599725961,0.0,0.02742256410419941,0.0,0.08210725337266922,0.002068456239067018,0.0027735842391848563,3.979169438395047e-09,3.647680060225866e-08,3.366213690014774e-08,0.0040988406166434285,0.07962889075279236
56,0.7970871143043041,0.0019172206011717208,0.05580494028981775,0.0001587237666171859,8.320290498886607e-05,1.0270339832726783e-16,0.06909037043806165,7.695666342973709,0.053294632059987634,0.9350895285606384,0.880326896905899,0.0013298001613293309,0.0,0.05923305498436093,0.0,0.08614347269758582,0.003454674209933728,0.0027032653015339747,4.1267683992263215e-09,3.581226337701082e-08,3.230525180697441e-08,0.005201577965635806,0.10332288919016719,0.7247714400291443,0.0016552276909351348,0.04795289412140846,0.00011101447162218392,0.00011292993294773624,1.0599142306419264e-16,0.03097367361187935,8.723341751098634,0.038875664491206406,0.9552582263946533,0.8439370155334472,0.000913853757083416,0.0,0.05008362494409084,0.0,0.07857161611318589,0.0030090521089732648,0.0026252348441630604,4.106628193056849e-09,3.7139074748893106e-08,2.891756594181061e-08,0.004858795087784529,0.09887673556804658
57,0.7513699643313885,0.001606228845048463,0.046709224581718445,0.00013637433812618838,6.921700673956366e-05,1.012127547569498e-16,0.06666933151427656,8.00541803240776,0.04348557605408132,0.9529569521546364,0.8327459581196308,0.0008487414961564355,0.0,0.05512125394307077,0.0,0.07242845627479255,0.0029150089976610616,0.002337126737984363,4.103228284924043e-09,3.572495188564062e-08,3.215973265469074e-08,0.00442921178182587,0.0940590058453381,0.5729626059532166,0.001486324961297214,0.04453328400850296,5.357894697226584e-05,4.9273925105808304e-05,1.0271281263525542e-16,0.027133646979928018,8.06307954788208,0.03765511326491833,0.9433604836463928,0.8823811411857605,0.0009133851388469338,0.0,0.02035949509590864,0.0,0.07165399119257927,0.002380223525688052,0.0020908963400870562,4.051634316937225e-09,3.573174254256628e-08,3.3253390085974385e-08,0.0035393473226577044,0.06947005987167358
58,0.7687638103961945,0.001682824396993965,0.04917489399667829,0.00012625137719624036,7.325938531721476e-05,1.0438683619167605e-16,0.0731058509554714,7.731904834508896,0.04491384275024757,0.9254220835864544,0.8337387144565582,0.0010250971972709522,0.0,0.058439550339244306,0.0,0.07595698605291545,0.0029461022786563262,0.002345261433220003,4.154202218331626e-09,3.540480975061655e-08,3.258173819631338e-08,0.0042995891271857545,0.09255914064124227,0.6885716557502747,0.0021236832486465572,0.06412298306822777,6.431779620470479e-05,4.976222662662621e-05,9.778398482520879e-17,0.034542774222791194,8.482486343383789,0.07332146018743516,1.0059114933013915,0.8913783192634582,0.0013958298834040761,0.0,0.03190946467220783,0.0,0.08772003650665283,0.0023741708137094975,0.0019017848651856184,4.01465771737719e-09,3.304642923751544e-08,3.114756594868595e-08,0.0037519526667892933,0.0830286368727684
59,0.7558518499135971,0.001873954155598767,0.05467830318957567,0.0001676428460086754,5.997563016535423e-05,1.0285341787111198e-16,0.05948834563605487,7.37526547908783,0.04929899622220546,0.930482555180788,0.85262680798769,0.0008243373486038763,0.0,0.05323581723496318,0.0,0.08463713247328997,0.003202571169822477,0.0020823627928621136,4.151457289047755e-09,3.581226337701082e-08,3.2654497772455215e-08,0.004362417676020414,0.08666804106906056,0.6860171318054199,0.0016683435998857022,0.04970730021595955,6.423925951821729e-05,6.985085638007149e-05,1.0244973876021702e-16,0.052697650901973245,7.963675880432129,0.04768514931201935,0.9584161281585694,0.9064453125,0.0009041730954777449,0.0,0.03819680158048868,0.0,0.07652036547660827,0.0024348936043679715,0.002170171542093158,4.029090661106238e-09,3.737707956474878e-08,3.100269374556319e-08,0.0037385908886790275,0.07536706551909447
60,0.7445653937757015,0.0019337587618792895,0.05705315910745412,0.00010580193838904961,8.708888640285295e-05,1.0245232626389114e-16,0.058989349054172635,7.330655217170715,0.057313605153467506,0.9338275641202927,0.8374880068004131,0.0010505136488063727,0.0,0.05043258692603558,0.0,0.0812826284673065,0.0024904421443352476,0.0023204475146485493,4.135031012042489e-09,3.610330168157816e-08,3.3251126296818256e-08,0.0039927091711433604,0.08339140680618584,0.655074954032898,0.002491811313666403,0.0751821868121624,3.8407333704526536e-05,9.919064323185011e-05,1.0184277215557132e-16,0.02776050828397274,8.663668155670166,0.09113927334547042,0.9477638125419616,0.8576663374900818,0.0012463836348615587,0.0,0.024447071924805643,0.0,0.09837878197431564,0.0019511067774146795,0.002419049246236682,4.02269364485619e-09,3.5881789273162215e-08,3.0981997767298707e-08,0.003671904094517231,0.07131713926792145
61,0.753472525626421,0.0019149569925502874,0.05662405025213957,0.00012088962921552593,6.175142152642366e-05,1.0006170398326083e-16,0.061749041895382106,7.23250350356102,0.06040077528450638,0.9218366481363773,0.8444184437394142,0.0009362389591842657,0.0,0.052472493378445506,0.0,0.08215635712258518,0.002801089533022605,0.0021530155645450577,4.0976443071993884e-09,3.576860763132572e-08,3.217428456991911e-08,0.0041137117077596486,0.08671808103099465,0.6273554682731628,0.0021878315368667246,0.0661161370575428,4.160754469921813e-05,7.21684809832368e-05,9.531479378671186e-17,0.023257569782435893,8.145900535583497,0.0712512880563736,0.9827139139175415,0.8862298727035522,0.001511119189672172,0.0,0.020527105405926706,0.0,0.08855834007263183,0.002025635354220867,0.002267749886959791,3.95290671306725e-09,3.39570561891378e-08,3.075951511277708e-08,0.0034602555446326734,0.06956281438469887
62,0.7404175959527493,0.0021245113530312665,0.06312822503969073,0.00011505801921884995,6.705049054289702e-05,1.0316080852649434e-16,0.05392894009128213,7.170981973409653,0.06605044950265437,0.9299882017076015,0.8256556987762451,0.0008446558149444172,0.0,0.04791281814686954,0.0,0.090819122036919,0.002657178418303374,0.0022291906861937605,4.157221733525063e-09,3.620516508817673e-08,3.3673131838440895e-08,0.003986254567280412,0.08715582452714443,0.6628144145011902,0.002098156581632793,0.061829064041376114,0.00016835751885082572,4.589513446262572e-05,1.0585557486132081e-16,0.028489132039248945,7.981162357330322,0.050633089244365694,1.0414681553840637,0.9427498936653137,0.0013679993338882924,0.0,0.024773415736854078,0.0,0.08911648541688919,0.003558899834752083,0.0018574551213532686,4.137085962696574e-09,3.8173877214831006e-08,3.356383047048439e-08,0.004250166798010468,0.07704262137413025
63,0.7118965350091457,0.0017243922920897603,0.05026400845963508,0.00015747732004456338,5.533301202831353e-05,1.0439081617119334e-16,0.05500222241971642,7.2762157917022705,0.04612649464979768,0.952473372220993,0.8662057816982269,0.0012450926260498818,0.0,0.04504015913698822,0.0,0.07773637236095965,0.0038971738249529153,0.00203686307213502,4.1754319030085085e-09,3.710738383233547e-08,3.421155270189047e-08,0.005074376909760758,0.09719459572806954,0.7625350236892701,0.002549983700737357,0.07697662562131882,7.797491634846665e-05,6.021599547239021e-05,1.0707958114523962e-16,0.05383879039436579,8.239473342895508,0.09040191173553466,0.9782849073410034,0.919561767578125,0.0014352701604366303,0.0,0.04055831767618656,0.0,0.10436737537384033,0.003097364120185375,0.0021056919591501354,4.133126019212341e-09,3.680793767557589e-08,3.442789093810461e-08,0.004273934196680785,0.08901400417089463
64,0.6835405193269253,0.0018466667024767958,0.05425417562946677,0.00015494168201257708,4.4557671344591654e-05,1.0295259599937648e-16,0.05134976177942008,7.352023154497147,0.05400787608232349,0.9262129254639149,0.828794039785862,0.0011989884260401595,0.0,0.04034836916252971,0.0,0.08164403471164405,0.0036405669816304,0.0018360710892011411,4.1578257226060344e-09,3.613240551203489e-08,3.2887328416109085e-08,0.00449707021471113,0.08742013201117516,0.669286048412323,0.002093010593671352,0.06248566657304764,0.00011358202318660915,4.626155678124633e-05,1.0343982895481767e-16,0.02580811195075512,7.80192346572876,0.07072158381342888,1.004843270778656,0.8772474884986877,0.0012257493333891034,0.0,0.029836271330714224,0.0,0.08716226071119308,0.003117902250960469,0.0015652326634153723,4.096941097486706e-09,3.679241586951321e-08,3.133900463581085e-08,0.0041475027799606325,0.07870122045278549
65,0.7772988937795162,0.0022435054706875235,0.06639253720641136,0.00016031635141189327,5.0092466949536174e-05,1.0364589453465565e-16,0.05124310287646949,7.309684753417969,0.07510777213610709,0.947740726172924,0.8605133295059204,0.0012829591069021262,0.0,0.05183550121728331,0.0,0.09192715538665652,0.003284415346570313,0.001774014119291678,4.17765430582584e-09,3.675813786685467e-08,3.277091309428215e-08,0.004442980978637934,0.08896992588415742,0.7412119746208191,0.002647096011787653,0.07878491654992104,0.00016857759619597345,4.975983320036903e-05,1.0301175835561005e-16,0.035624835453927514,7.996460914611816,0.0928980827331543,0.9426156520843506,0.8989800333976745,0.0019205761374905706,0.0,0.03854350447654724,0.0,0.10392027199268342,0.003479171684011817,0.0017666652100160718,4.0266516343479e-09,3.58714409287586e-08,3.2694596541205104e-08,0.00453623840585351,0.0888785645365715
66,0.7797205783426762,0.002082816277834354,0.06164518487639725,0.00013451293807520415,6.02949700123645e-05,1.0387292376634788e-16,0.06743861676659435,7.053759306669235,0.05732318328227848,0.9609149135649204,0.867883313447237,0.0011574100062716752,0.0,0.053012870834209025,0.0,0.0891345099080354,0.0031392955570481718,0.0019515771346050315,4.13985794256444e-09,3.7238351069390774e-08,3.296008799225092e-08,0.0042315657483413815,0.09167937841266394,0.7219996333122254,0.0017655434785410762,0.05244179666042328,9.735244530020281e-05,5.531775386771187e-05,1.0827888053687821e-16,0.05570851732045412,7.27698392868042,0.055167469382286075,0.9091120481491088,0.8746031403541565,0.0012537259608507156,0.0,0.04746100381016731,0.0,0.08168062418699265,0.0028431623242795466,0.0017248018877580762,4.067422887388261e-09,3.540577964145086e-08,3.4521023195566156e-08,0.0037370990961790086,0.07463847622275352
67,0.6891247890889645,0.0018833331123460084,0.05591749516315758,0.00011968814919782744,4.470061981010076e-05,1.0195545210482034e-16,0.049959553172811866,6.677656978368759,0.05927630409132689,0.9322400242090225,0.8639497943222523,0.0008224006014643237,0.0,0.03929057333152741,0.0,0.0843818006105721,0.002915564677095972,0.0017883823529700749,4.125232572205206e-09,3.4371623769402504e-08,3.313471097499132e-08,0.003911675943527371,0.07771916082128882,0.6234094381332398,0.001436178490985185,0.04313482251018286,4.3063750854344105e-05,4.9383650912204756e-05,1.0595697793999696e-16,0.027665009163320063,7.500578308105469,0.038862364631495436,0.9946894884109497,0.8968329310417176,0.001290586742106825,0.0,0.02845867220312357,0.0,0.06652556210756302,0.002345862379297614,0.0016831623157486319,4.10102281023228e-09,3.583522314443144e-08,3.494529252634493e-08,0.003440389921888709,0.07062618806958199
68,1.110708575695753,0.002071468137728516,0.06099510728381574,0.00012591075778800587,8.878297194314655e-05,1.0182016588845668e-16,0.07168375351466238,6.690682917833328,0.06271306809503585,0.9407304413616657,0.8395986333489418,0.0014817453702562489,0.0,0.12125396495684981,0.0,0.08696717140264809,0.0034200282680103555,0.0022996848201728426,4.127372985052169e-09,3.5797711461782455e-08,3.322202246636152e-08,0.004989468143321574,0.10309796826913953,0.8092100381851196,0.0016647146083414554,0.04854961335659027,0.00010840479953913018,9.536443103570491e-05,1.0275073853546873e-16,0.07501598540693521,6.792749691009521,0.045113235790631735,0.9640300154685975,0.9807494878768921,0.0009555039694532752,0.0,0.059468606114387514,0.0,0.08063486441969872,0.003780539706349373,0.0022182025015354155,4.0472341034103465e-09,3.516260136393612e-08,3.1566661107262914e-08,0.0052198759280145165,0.09566856622695923
69,1.1598196737468243,0.002424645354039967,0.07129284949041903,0.00016850888096087147,8.956828946793394e-05,1.0200454941007843e-16,0.08367450337391347,6.831716567277908,0.06265554623678327,0.9614563323557377,0.8679177016019821,0.0012140213984821457,0.0,0.12442274735076353,0.0,0.10150102153420448,0.004004409318440594,0.0025409862646483816,4.112155366220449e-09,3.702007234096527e-08,3.396417014300823e-08,0.005396096326876432,0.11030511138960719,0.8270216464996338,0.002508726064115763,0.0760538175702095,3.9921838106238286e-05,7.452440986526199e-05,1.0694940276915848e-16,0.08116809874773026,9.696678161621094,0.07937243208289146,0.9818353176116943,0.8737861633300781,0.0017062671482563018,0.0,0.05424228869378567,0.0,0.09923810064792633,0.002245331648737192,0.002332352427765727,3.976842810615722e-09,3.172188165478929e-08,3.2146150985568055e-08,0.003849504375830293,0.0961623027920723
70,0.7346537597477436,0.0016874709763214923,0.04935243562795222,0.00014122682409833942,5.6050858688649896e-05,1.0261438087205763e-16,0.05949582369066775,7.375690966844559,0.04245244251796976,0.9412861950695515,0.8364334441721439,0.0017311783667537384,0.0,0.05142937833443284,0.0,0.07806688267737627,0.0037161585787544027,0.0019681997364386916,4.1210508616718045e-09,3.6496203392744064e-08,3.3163814805448055e-08,0.004687808788730763,0.09523040521889925,0.7236904859542846,0.0018897187779657542,0.05611638985574245,0.00010498158080736175,5.9344383771531284e-05,1.0973459533049638e-16,0.05339648053050041,8.457770252227784,0.0553713915986009,0.9788118481636048,0.8606101036071777,0.00196781107224524,0.0,0.043916233256459235,0.0,0.09018189460039139,0.00328473225235939,0.002098317886702716,4.039706347214178e-09,3.4086406230926515e-08,3.400362231786858e-08,0.004557215515524149,0.09769133776426316
71,0.7244686372578144,0.0019048756803385913,0.05523326946422458,0.0001883301397356263,6.61950393805455e-05,1.037789986485634e-16,0.05935366277117282,7.245810180902481,0.05008245911449194,0.9183086976408958,0.8112416155636311,0.0012153938005212694,0.0,0.04888899123761803,0.0,0.08562222099862993,0.003682601061882451,0.0021413037611637264,4.15463261016491e-09,3.6307028494775295e-08,3.290188033133745e-08,0.0048077512183226645,0.0908681214787066,0.7659890413284302,0.0019540049601346255,0.057744480669498444,0.00012977601145394146,5.886888684472069e-05,1.0365020414564705e-16,0.06304152868688107,7.711389446258545,0.0613509364426136,0.9728517532348633,0.8250638008117676,0.0015766673255711793,0.0,0.05308360941708088,0.0,0.08411411195993423,0.003166070766746998,0.0020665637450292705,4.0481347163279224e-09,3.339308847216671e-08,3.1545965128998435e-08,0.0044099481776356695,0.09064911007881164
72,0.7666568532586098,0.0021356813522288576,0.06309580663219094,0.00014195226049196208,6.54020600450167e-05,1.0226455667843191e-16,0.053676586016081274,7.445375382900238,0.06750878249295056,0.9259586036205292,0.8158278092741966,0.0012903322422062047,0.0,0.05365742091089487,0.0,0.09388794796541333,0.0034433536347933114,0.0021685553147108294,4.139673520642262e-09,3.610330168157816e-08,3.266904968768358e-08,0.004679753750679083,0.09213467966765165,0.8156491875648498,0.0026426286902278663,0.07992897629737854,6.615986276301556e-05,6.667444104095921e-05,1.0340126116244902e-16,0.07133746184408665,8.308904075622559,0.091352479159832,1.021256160736084,0.9069775700569153,0.0014255105750635266,0.0,0.048043059557676314,0.0,0.10495993643999099,0.002931429632008076,0.0020702058682218194,4.072457215897885e-09,3.685450380430666e-08,3.0097241321414006e-08,0.004331124946475029,0.09334208518266678
73,0.7812646217644215,0.0021106071217218414,0.06209709122776985,0.00016657060882607766,5.5544729775647284e-05,1.0140856826027581e-16,0.07404212770052254,7.552502512931824,0.05945955729112029,0.9441888257861137,0.8570034466683865,0.001134562862716848,0.0,0.05385480169206858,0.0,0.09347578324377537,0.003343400632729754,0.0019403150290600024,4.076310455847221e-09,3.517197910696268e-08,3.3905962482094765e-08,0.004334614030085504,0.08940755296498537,0.6680968165397644,0.0016138982493430376,0.046979743987321854,0.00016176720091607422,4.1639545452198944e-05,1.0688804449655276e-16,0.04717840440571308,9.172192192077636,0.04491873271763325,0.9401933550834656,0.8721910715103149,0.0016315247514285148,0.0,0.03780591432005167,0.0,0.0758177898824215,0.0034133899491280316,0.0016323263524100184,4.0460740535763765e-09,3.3594874793152484e-08,2.9838540527293844e-08,0.004138063546270132,0.08082164451479912
74,0.7892056964337826,0.001890301464300137,0.05576998787000775,0.00013431256297735672,5.431115914689144e-05,1.0035112496701609e-16,0.06572144129313529,7.377013295888901,0.05641243315767497,0.9338629394769669,0.8543315902352333,0.0011089378349424805,0.0,0.05893673561513424,0.0,0.08232925739139318,0.002875927028071601,0.0018655350941116922,4.079711693472099e-09,3.5841367207467556e-08,3.326567821204662e-08,0.003983065325883217,0.08406954817473888,0.6307082176208496,0.0018174156546592712,0.05379170626401901,0.00012209042615722864,4.778803850058466e-05,1.0608568856679918e-16,0.023586365021765233,8.934307384490968,0.05120561790827196,0.9207924365997314,0.8425043225288391,0.0017212780192494392,0.0,0.030452807992696763,0.0,0.08474888727068901,0.003662469610571861,0.001605056831613183,4.018421151386065e-09,3.1778795772652304e-08,3.1054433691224403e-08,0.00416313698515296,0.0762928768992424
75,0.7822358645498753,0.00199342449195683,0.05881454981863499,0.0001470237893954618,5.1750157240348926e-05,1.0528436313865273e-16,0.061098787758965045,7.486593991518021,0.0636359837371856,0.9222682863473892,0.8358430862426758,0.0015467487392015755,0.0,0.05758964875712991,0.0,0.08922548382543027,0.003729866919456981,0.0018684645692701451,4.217469221079462e-09,3.562308847904205e-08,3.253808245062828e-08,0.004740669304737821,0.096967161167413,0.6216555118560791,0.0017234414699487388,0.050854817032814026,0.0001316351888817735,3.9822867620387115e-05,1.0711168369394056e-16,0.032488785311579706,8.388052558898925,0.05542056742997374,0.9444117188453675,0.8251163363456726,0.0019414296140894294,0.0,0.02929316684603691,0.0,0.07875189930200577,0.003929066332057118,0.0018454540520906448,4.116861740399713e-09,3.599561750888824e-08,2.9579839733173686e-08,0.004982301313430071,0.08979175835847855
76,0.7308910973370075,0.0019357082201167941,0.05721592635381967,0.00012861380560025282,5.7454972875348176e-05,1.038652156838098e-16,0.05840824998449534,6.961209416389465,0.058148624608293176,0.941732607781887,0.8622368685901165,0.0015808198222657666,0.0,0.04640425357501954,0.0,0.08135487115941942,0.003556957235559821,0.0021383370403782465,4.153525245964573e-09,3.671448212116957e-08,3.3120159059762955e-08,0.004832887294469401,0.09365454129874706,0.6548525333404541,0.0020722267916426064,0.06131623685359955,0.00014126038586255164,5.3592376207234335e-05,9.964176895353185e-17,0.041028951108455655,8.189214134216309,0.05923173204064369,0.9054437637329101,0.8214028835296631,0.001596656022593379,0.0,0.033052445575594905,0.0,0.09092954993247986,0.003892051661387086,0.0021621436811983586,4.001380071727567e-09,3.618705619601315e-08,2.926422482119051e-08,0.0049466370604932305,0.08758508414030075
77,0.7181998640298843,0.0017980245647777338,0.0529155129333958,0.00011557941661521909,7.263720044647926e-05,1.0171867992628316e-16,0.061322246154304594,6.929742693901062,0.0511337264906615,0.893537912517786,0.8205096125602722,0.0013428952515823767,0.0,0.049175224266946316,0.0,0.07875465741381049,0.002973336828290485,0.002422478464723099,4.091561367491892e-09,3.448803909122944e-08,3.368768375366926e-08,0.004723039761302061,0.09444056870415807,0.6394580245018006,0.0018194781616330147,0.054388441145420074,5.725628798245452e-05,7.710279496677685e-05,1.0111932793276633e-16,0.036252142209559676,7.320081329345703,0.05983237624168396,0.939202356338501,0.8894868135452271,0.0010367638198658824,0.0,0.029091603681445123,0.0,0.0845566675066948,0.002451166883111,0.002355714701116085,4.016950594376567e-09,3.3305130031635597e-08,3.123552438921706e-08,0.003990759886801243,0.07330016046762466
78,0.7592873759567738,0.002078319223073777,0.06134059769101441,0.00012708627900792635,7.873352660681121e-05,1.018726856534992e-16,0.055322337662801147,6.812022715806961,0.06409142049960792,0.9321546480059624,0.8093241862952709,0.0010613683152769227,0.0,0.05300897790584713,0.0,0.08911562291905284,0.002642567327711731,0.002512360821128823,4.1138448481081724e-09,3.5433913581073284e-08,3.4546246752142906e-08,0.004209935708786361,0.08587374724447727,0.8547160267829895,0.0021265869261696936,0.0633429154753685,7.241228959173896e-05,9.967320802388713e-05,1.1118370723759293e-16,0.08277380578219891,7.973269653320313,0.0690932773053646,1.0120980381965636,0.9075646162033081,0.001604340225458145,0.0,0.06276558712124825,0.0,0.09206116199493408,0.002320820465683937,0.0027513762004673483,4.087799343466259e-09,3.2477287703613913e-08,3.321199812944542e-08,0.004277655575424433,0.10262766033411026
79,0.7832480035722256,0.001822863210691139,0.05355442990548909,0.00013771994986200298,5.9235397998236294e-05,1.0390033859979941e-16,0.06686351099051535,7.077002048492432,0.05456463573500514,0.9287416823208332,0.8876044414937496,0.0009654048008087557,0.0,0.057554514962248504,0.0,0.0800923986826092,0.003098069180850871,0.0020847961350227706,4.129937225538782e-09,3.474997356534004e-08,3.405148163437843e-08,0.004307882016291842,0.08822440262883902,0.7457329154014587,0.0019285598304122687,0.058146515674889085,5.892410481465049e-05,5.033158886362799e-05,1.0361443817944924e-16,0.04509543441236019,8.218761730194093,0.05786828888521996,1.015777826309204,0.9939258217811584,0.0015387152321636676,0.0,0.0410570926964283,0.0,0.08310494422912598,0.002463646978139877,0.0018777686869725584,4.052539681609346e-09,3.6238796496945726e-08,3.301021109791691e-08,0.0035999752581119537,0.07516449540853501
80,0.7735172584652901,0.0017486058131908067,0.05111713847145438,0.00013649739844368014,6.94787385100426e-05,1.0329435849075225e-16,0.07194759312551469,7.089191943407059,0.04692731099203229,0.9473279379308224,0.8249190934002399,0.0010689484515751246,0.0,0.05823060171678662,0.0,0.07693122699856758,0.0031337018590420485,0.002075705640891101,4.1259165389773145e-09,3.527384251356125e-08,3.377499524503946e-08,0.004236382141243666,0.08889021538197994,0.7995819091796875,0.001810411864425987,0.053490107879042625,8.311537094414234e-05,9.239516512025148e-05,1.0668399690653717e-16,0.06902129389345646,7.556859302520752,0.0439969714392646,0.9956741809844971,0.9222776174545289,0.0013412097003310918,0.0,0.05670116394758225,0.0,0.07918492779135704,0.0026417870074510576,0.0021634147502481937,4.097098482702677e-09,3.4960814687678976e-08,3.1437311065474206e-08,0.0038022524677217007,0.07680396810173988
81,0.812701627612114,0.0018754222764982842,0.05481246951967478,0.00012992180472792825,9.178625873573765e-05,1.0012649828141302e-16,0.06502292933873832,6.798050820827484,0.049993456224910915,0.9235301204025745,0.8697208873927593,0.0007946118876134278,0.0,0.0640338605735451,0.0,0.08295240439474583,0.0029722666658926755,0.0023066534122335725,4.0983484245193935e-09,3.5433913581073284e-08,3.2567186281085014e-08,0.004495426968787797,0.09182680631056428,0.6683277249336242,0.001253768731839955,0.03709843493998051,5.334397210390307e-05,6.454913382185623e-05,1.018982382552377e-16,0.047979811858385804,7.586165714263916,0.03651408242149046,0.9550361037254333,0.891946804523468,0.0009922423516400159,0.0,0.04087468665093184,0.0,0.06010693833231926,0.0023970634676516054,0.0018452894873917103,4.05702218486681e-09,3.454171952910201e-08,3.0433552211661664e-08,0.003554626926779747,0.07668005526065827
82,0.6869952082633972,0.0016032960775191896,0.04753988154698163,9.27046711467483e-05,5.1448596650516265e-05,1.0134764682175158e-16,0.05570114403963089,6.954963654279709,0.04795700474642217,0.9201450869441032,0.8524878993630409,0.0007492947370337788,0.0,0.04304351517930627,0.0,0.07194763654842973,0.0025810095976339653,0.001882260177808348,4.113471480104991e-09,3.4779077395796776e-08,3.4822733141481876e-08,0.003701946130604483,0.08158387755975127,0.5641149163246155,0.0012604930205270648,0.03749400340020657,4.665581000153907e-05,5.8762955268321095e-05,1.0204697988775351e-16,0.01976946573704481,7.510450553894043,0.03466312318923883,0.9376296281814576,0.8444208621978759,0.0006349170696921646,0.0,0.023639066703617574,0.0,0.06226037889719009,0.0021559773944318295,0.0017503337003290653,4.069606163170647e-09,3.625949247521021e-08,3.1783969944854104e-08,0.0031376305967569353,0.06391821503639221
83,0.686710562556982,0.001419362615706632,0.04154511250089854,0.00010592007572540751,5.775508384431305e-05,1.0170796173349601e-16,0.050660116772633046,6.845779895782471,0.0400151590583846,0.9293569251894951,0.8343391306698322,0.0006590063985640882,0.0,0.04608345951419324,0.0,0.06661739898845553,0.0024774175763013773,0.001875905567430891,4.120058155754336e-09,3.540480975061655e-08,3.319291863590479e-08,0.003559377553756349,0.07488847570493817,0.6926187872886658,0.0014120887033641338,0.04196191355586052,5.035239591961726e-05,7.05034559359774e-05,1.032867780421827e-16,0.05259809754788876,7.291101551055908,0.036006281756272074,0.958304476737976,0.9007030367851258,0.0005746845272369683,0.0,0.04316256996244192,0.0,0.06727407947182655,0.002096724393777549,0.002046612463891506,3.97594916989874e-09,3.259629011154175e-08,3.29584711522557e-08,0.003260197211056948,0.06921332776546478
84,0.7635804563760757,0.0017546558228787035,0.05127340811304748,0.00015245621375470364,5.560528359183081e-05,1.0375893579639623e-16,0.07229991239728406,6.695706695318222,0.04180862079374492,0.9404014311730862,0.8289023265242577,0.0008768148800299969,0.0,0.056416881969198585,0.0,0.07614737725816667,0.003055494191357866,0.0018457156911608763,4.1357038627065634e-09,3.67435859516263e-08,3.42406565323472e-08,0.003965771393268369,0.08508275961503386,0.6988802194595337,0.0019941859412938357,0.060034260898828504,5.108284458401613e-05,6.795066728955134e-05,1.0475401777783945e-16,0.06109996065497399,7.454452323913574,0.0499242290854454,0.9509183168411255,0.7988807439804078,0.0007590602152049541,0.0,0.04092222675681114,0.0,0.08654627352952957,0.0021627454087138178,0.0023027450311928987,4.046617885222759e-09,3.436062883110935e-08,3.254972398281098e-08,0.003506796946749091,0.0851614311337471
85,0.68564048781991,0.0018347384138905909,0.054303626995533705,9.820309378483216e-05,7.334784254453552e-05,1.0287039492600402e-16,0.05478101514745504,6.570471107959747,0.052890287013724446,0.937823448330164,0.8392220623791218,0.0007194219251687173,0.0,0.03990924870595336,0.0,0.07920907204970717,0.002429172054689843,0.002140921846148558,4.1356294083749745e-09,3.597233444452286e-08,3.3120159059762955e-08,0.003775211240281351,0.0790576203726232,0.5940271198749543,0.001644671562826261,0.049907092750072476,3.2950681998045184e-05,3.8897501690371426e-05,1.0216673711160548e-16,0.022407407127320766,7.101420879364014,0.05183379345871799,1.0153804540634155,0.8851965665817261,0.000499957986176014,0.0,0.01964565273374319,0.0,0.07088490054011345,0.0017655202886089683,0.0014815316768363117,3.989965557948949e-09,3.256524614414502e-08,3.028867965326754e-08,0.0026029628701508046,0.05693667232990265
86,0.6589655950665474,0.0018889858656621072,0.056501436862163246,9.718943988445972e-05,3.995220140495803e-05,1.0283671295864147e-16,0.042248912272043526,6.7261000871658325,0.06191546760965139,0.9261521063745022,0.8151991292834282,0.000682013733239728,0.0,0.03549272252712399,0.0,0.08073199284262955,0.0024013249640120193,0.0017127648752648383,4.137603704101878e-09,3.546301741153002e-08,3.208697307854891e-08,0.003421069632167928,0.07091746688820422,0.6515844225883484,0.002139698388054967,0.06499507836997509,4.988771688658744e-05,3.915046527254162e-05,1.0063346983422126e-16,0.03760726414620876,7.334173202514648,0.06747558196293539,0.962480616569519,0.9013087511062622,0.000548880099086091,0.0,0.025682481843978165,0.0,0.09311501979827881,0.00223650811240077,0.0016180184669792653,3.968570716494924e-09,3.709768279236414e-08,2.9067612317135172e-08,0.003004620783030987,0.05882138833403587
87,0.6956564672291279,0.001976905266928952,0.05881374119780958,0.00011180602950844332,5.2882177101309935e-05,1.0197411247225892e-16,0.054802545229904354,6.4010129272937775,0.05502134084235877,0.9312135949730873,0.8204547613859177,0.0005228523150435649,0.0,0.04111070337239653,0.0,0.08505404344759881,0.002479772076185327,0.0018790554895531386,4.1008055284841305e-09,3.578315954655409e-08,3.2756361179053783e-08,0.0034809784119715914,0.07423369446769357,0.6773955225944519,0.0019482721807435154,0.05894093364477158,4.6772560017416255e-05,5.0261176875210366e-05,1.008504214417927e-16,0.046757415682077405,7.020631790161133,0.045332800940377636,0.9610476970672608,0.8579656720161438,0.0008020582725293934,0.0,0.035008753463625905,0.0,0.08711283951997757,0.0022354803513735533,0.0019144396530464292,3.997963693436191e-09,3.635779819433083e-08,3.185640622405117e-08,0.0034093369729816915,0.07299772799015045
88,0.7321441508829594,0.001822458922106307,0.05392329429741949,0.00011052659510824014,6.100215659898822e-05,1.027678476911046e-16,0.05124913214240223,6.454151213169098,0.05570894980337471,0.93226308375597,0.8397300913929939,0.0007763314933981746,0.0,0.049701881129294634,0.0,0.07778009586036205,0.0028643972327699885,0.0019168812868883833,4.15002357478933e-09,3.600143827497959e-08,3.329478204250336e-08,0.004038775354274549,0.08155590295791626,0.6121962428092956,0.001837545749731362,0.05479796081781387,0.00010211184417130426,4.2285260860808194e-05,1.0742488868456661e-16,0.024935933575034142,7.506842708587646,0.05874277278780937,0.9327439665794373,0.8327309727668762,0.0010229508159682154,0.0,0.026426859945058823,0.0,0.08145807385444641,0.003227402875199914,0.0016158369369804859,4.159379063395363e-09,3.375526915760929e-08,3.3439654600897484e-08,0.003945430414751172,0.0724935233592987
89,0.734878521412611,0.001767133828252554,0.05185003345832229,0.00012996617601856997,6.544147788645205e-05,1.0297455847182037e-16,0.058172489632852376,6.3876809775829315,0.0535509844776243,0.9262684471905231,0.8123823925852776,0.0007633688692294527,0.0,0.05218101677019149,0.0,0.07752656028605998,0.003048994956770912,0.0018623913856572472,4.1431595793062215e-09,3.5099219530820847e-08,3.425520844757557e-08,0.004134136441280134,0.08616613922640681,0.7044908881187439,0.0018218843964859844,0.05389317162334919,4.8019007954280825e-05,0.00012433043448254467,1.0950511425275049e-16,0.04056623615324497,7.201867198944091,0.057168300822377206,0.9956944346427917,0.9303006529808044,0.0006541084090713412,0.0,0.03828893750905991,0.0,0.07999990433454514,0.002150845667347312,0.002165920380502939,4.17960626108993e-09,3.475902801142183e-08,3.1530443322935755e-08,0.003782718814909458,0.07440179958939552
90,0.7017185036092997,0.0016774990635894937,0.049688806699123234,0.00010792720149765955,4.6317145688590244e-05,1.0213160269780535e-16,0.0600825659930706,6.433091878890991,0.04961680475389585,0.9382003955543041,0.8267534077167511,0.0006220872510311892,0.0,0.04533599328715354,0.0,0.07564653106965125,0.002878771600080654,0.0016843933844938874,4.1183283172596674e-09,3.517197910696268e-08,3.298919182270765e-08,0.0038328860828187317,0.08332970435731113,0.6140920519828796,0.001277444849256426,0.03799684457480908,6.824523516115732e-05,3.8684415267198345e-05,1.003865213489162e-16,0.046140079572796824,6.853747940063476,0.031822766568802764,0.9435675144195557,0.850131380558014,0.0007550701557192951,0.0,0.032066541351377965,0.0,0.06420480087399483,0.0024726733565330504,0.0015948121435940266,3.968213801996967e-09,3.460380781916683e-08,3.126656835661379e-08,0.0032060681376606228,0.07140913978219032
91,0.6684293299913406,0.0014572591790056322,0.043027195730246603,0.00010254607400383975,4.064314373408706e-05,1.0221084618689762e-16,0.048078580759465694,6.323632031679153,0.042284038150683045,0.9375035986304283,0.8512599281966686,0.0005905164271098329,0.0,0.041010474087670445,0.0,0.06712222751230001,0.002448430321237538,0.0015427745529450476,4.147857141090228e-09,3.4880940802395344e-08,3.3163814805448055e-08,0.0032759387977421284,0.07024517678655684,0.6846255183219909,0.0016800146317109466,0.04980540052056313,7.045157690299675e-05,8.121862083498854e-05,1.0827934508151021e-16,0.018165373150259255,6.925806903839112,0.05027500316500664,0.9433779239654541,0.83399817943573,0.0011916449409909546,0.0,0.04293353799730539,0.0,0.07585814446210862,0.0022652352694422007,0.001917187124490738,4.192365832267342e-09,3.661649898845098e-08,3.07077748118445e-08,0.0032847755122929812,0.06285814642906189
92,0.7377605959773064,0.001624061624170281,0.04768949840217829,0.00011331475548104208,6.377930765211204e-05,1.0142182424318228e-16,0.057383610983379185,6.177503734827042,0.048545511439442635,0.9118755124509335,0.8212299048900604,0.0007139146255212836,0.0,0.054796712822280824,0.0,0.07331724115647376,0.0024578843876952305,0.0018333231273572892,4.115645518831812e-09,3.534660208970308e-08,3.2334355637431145e-08,0.003550297362380661,0.07715691230259836,0.5901381373405457,0.0016188153997063637,0.04878988247364759,6.0885515995323655e-05,3.2007524714572357e-05,1.0815786467500619e-16,0.02923822347074747,6.728505992889405,0.051996148948092014,0.9382223963737488,0.8629259705543518,0.0005647603305988014,0.0,0.02309548482298851,0.0,0.07683241516351699,0.002302652271464467,0.0014184087049216032,4.138097242645244e-09,3.572656908090721e-08,3.090956148810164e-08,0.0028404833283275366,0.05567830130457878
93,0.6958361193537712,0.0016158014768734574,0.04753510339651257,0.00012124924728595943,4.906697267870186e-05,1.0339504994594742e-16,0.0521106404485181,6.063189655542374,0.04711651592515409,0.92625767365098,0.8382373861968517,0.0007211859483504668,0.0,0.04546756867785007,0.0,0.07272203406319022,0.002557030435127672,0.001670044774073176,4.122657742966496e-09,3.537570592015982e-08,3.3120159059762955e-08,0.0033876264205900952,0.07184652145951986,0.7609286427497863,0.0014651286299340426,0.043329459801316264,5.605242258752696e-05,8.32493999041617e-05,1.0115486493537059e-16,0.06200586184859276,6.6131189346313475,0.04612615685909986,0.9520303726196289,0.8883404850959777,0.0009745607967488468,0.0,0.05666247233748436,0.0,0.06632738634943962,0.0018792443908751011,0.002055956143885851,4.03118223246679e-09,3.432958521898399e-08,3.254972398281098e-08,0.003287531342357397,0.0760655678808689
94,0.7858314923942089,0.001819682860514149,0.05350875901058316,0.0001120442118462961,8.138309658534126e-05,1.0158597203188883e-16,0.06525316485203803,5.886331140995026,0.05267224297858775,0.9329579174518585,0.8410486429929733,0.0005728300020564348,0.0,0.06011302024126053,0.0,0.08129906025715172,0.0025920139887603,0.0021263646849547513,4.119239088717919e-09,3.600143827497959e-08,3.194145392626524e-08,0.003921122071915306,0.08643860649317503,0.7126769602298737,0.0010883922572247685,0.031791155226528645,6.450842447520699e-05,6.542539413203485e-05,1.0400917406171547e-16,0.06780912782996892,6.13806381225586,0.024626386064846885,1.0025176405906677,0.9230189919471741,0.0006976198928896338,0.0,0.048379589803516865,0.0,0.057501836121082305,0.0020481051877141,0.0017679006792604922,4.069450021404464e-09,3.3812183630743674e-08,3.099234575643095e-08,0.003097028471529484,0.07081630751490593
95,0.6416675373911858,0.0014371983779710717,0.04232436150778085,9.35251300688833e-05,5.506074978711695e-05,1.0168950071658505e-16,0.04231650475412607,5.711664408445358,0.04076263983733952,0.930977176874876,0.829804290086031,0.0005232956946201739,0.0,0.03743197908625007,0.0,0.06747569004073739,0.0024718817439861596,0.0017938577220775187,4.132102646159375e-09,3.489549271762371e-08,3.351306077092886e-08,0.0034539030020823702,0.07104929769411683,0.6097090005874634,0.0011508128081914037,0.033930147625505926,5.32997386471834e-05,6.303693044173997e-05,1.0248298877386369e-16,0.01895160265266895,6.831410980224609,0.03106502090849972,0.9592822670936585,0.8807285189628601,0.0008691731374710799,0.0,0.032086766324937344,0.0,0.05897595807909965,0.002196578751318157,0.00173108292510733,4.0613922891452605e-09,3.300503728098647e-08,3.217719495296478e-08,0.0032029195688664915,0.06355042457580566
96,0.6897524371743202,0.0015691657354182098,0.04611274809576571,0.00011194247235835064,5.681682989688852e-05,1.0201851676831169e-16,0.05101274629123509,5.96605858206749,0.044380949868354946,0.9335090443491936,0.8483575917780399,0.0005839510467922082,0.0,0.04422767797950655,0.0,0.07213765243068337,0.002682026846741792,0.001653436011110898,4.1061558042621016e-09,3.5666744224727154e-08,3.1970557756721973e-08,0.003513579344144091,0.07392273540608585,0.6047680497169494,0.001833370211534202,0.05550063326954842,5.442207329906523e-05,3.450083422649186e-05,9.804481141595901e-17,0.03326076678931713,6.510194778442383,0.05424784068018198,0.917274022102356,0.8384915709495544,0.0006462763936724514,0.0,0.024968186765909194,0.0,0.0831638142466545,0.002147470274940133,0.0015390967251732945,4.0080758711980025e-09,3.446410943297451e-08,2.8415686514904338e-08,0.002928944630548358,0.06890080571174621
97,0.7472834568470716,0.0015050919355417136,0.04376045137178153,0.00013980080711917253,5.335905018455378e-05,1.0064268131752265e-16,0.07367624971084297,5.8831630647182465,0.042315104277804494,0.9465992972254753,0.8068713769316673,0.0004975274023308884,0.0,0.05695587885566056,0.0,0.07154405512847006,0.002815393090713769,0.0018205527012469247,4.0881326102137905e-09,3.493914846330881e-08,3.2741809263825417e-08,0.00366758115706034,0.07948487065732479,0.5768264889717102,0.0012838290655054151,0.03822588361799717,5.8497802820056676e-05,4.635667282855138e-05,9.849935576523528e-17,0.02508454825729132,6.418842887878418,0.03652898751788598,0.938233482837677,0.8042035937309265,0.0006205113721080124,0.0,0.027455842681229116,0.0,0.062057987600564954,0.0023103701416403053,0.001512703811749816,3.941145010344371e-09,3.3486220729628255e-08,3.243589574708494e-08,0.002943002711981535,0.06218852773308754
98,0.7207080088555813,0.0017035292112268507,0.05062223318964243,0.00010157562905988016,4.4235759219191095e-05,1.0384496423446297e-16,0.054787347791716456,6.410645991563797,0.05252437083981931,0.9471375681459904,0.8833588249981403,0.0007483896770281717,0.0,0.046318309381604195,0.0,0.07399825425818563,0.0024797572477837093,0.001598910392203834,4.1474730594348586e-09,3.5710399970412254e-08,3.243621904402971e-08,0.0033995376579696313,0.0744820311665535,0.7790745258331299,0.0022882361430674792,0.06921461597084999,4.898327970295213e-05,6.573021819349379e-05,9.819842745838848e-17,0.057963980548083785,8.254751682281494,0.07340969517827034,1.0043932318687439,0.9563892841339111,0.0005259571422357112,0.0,0.04452597871422768,0.0,0.09563855975866317,0.002203977690078318,0.0018215007847175002,3.978952589633877e-09,3.285499090566191e-08,3.3698355395017646e-08,0.003334838850423694,0.07111214101314545
99,0.7483133487403393,0.0018578328090370633,0.054886045632883906,0.0001227827099228307,5.7668747558636824e-05,1.0315844568507459e-16,0.05994367983657867,7.006496965885162,0.05441656953189522,0.9503178261220455,0.8445581905543804,0.000723704302799888,0.0,0.05118395481258631,0.0,0.08416480617597699,0.0028956475580343977,0.0018582821867312305,4.144027732078115e-09,3.562308847904205e-08,3.326567821204662e-08,0.0039013861096464097,0.0834870464168489,0.7301647543907166,0.0016567345825023948,0.04849243573844433,9.979712049243972e-05,9.129210375249385e-05,1.0696554271727061e-16,0.03771826475858688,8.59320421218872,0.044762466230167774,0.9076679229736329,0.845949399471283,0.0007942832773551345,0.0,0.052469052374362946,0.0,0.08001673817634583,0.0027393615338951348,0.0020535652292892337,4.175023704533487e-09,3.3812183630743674e-08,2.985406268862789e-08,0.003936485620215535,0.08394535779953002
100,0.7114539593458176,0.001600865933141904,0.04726883000694215,0.00010110161883858382,5.6099434459611075e-05,1.0293337935297595e-16,0.04666176624596119,7.066596955060959,0.048939184518530965,0.9130490608513355,0.8571328595280647,0.0007681199695070973,0.0,0.048471263609826565,0.0,0.0739160233642906,0.0027569185331230983,0.0016998904829961248,4.15034852319085e-09,3.671448212116957e-08,3.2567186281085014e-08,0.0037128652911633253,0.0751176297198981,0.8003868699073792,0.002113788668066263,0.06261650621891021,5.4367994016502054e-05,0.00013969498468213715,1.0133198878906432e-16,0.04592600166797638,9.070674324035645,0.0750291645526886,1.002650260925293,0.9086282134056092,0.0013396610971540212,0.0,0.053728611767292024,0.0,0.08757300078868865,0.002159185637719929,0.0022806682623922824,4.04788034202852e-09,3.525573362139767e-08,2.9414271196515073e-08,0.003909301664680243,0.08644415438175201
101,0.6855948492884636,0.001478220736316871,0.04354564950335771,0.0001097751294310001,4.217106959458761e-05,1.0289906707398664e-16,0.05762774287723005,7.487741529941559,0.044629269978031516,0.9454232566058636,0.8169640488922596,0.0006444742666644743,0.0,0.04464773298241198,0.0,0.06746738124638796,0.0025750395871000364,0.0016375213672290556,4.1369070252761375e-09,3.578315954655409e-08,3.176683094352484e-08,0.003507805522531271,0.08062279573641717,0.5758425235748291,0.001420289248926565,0.04298323467373848,3.981417175964452e-05,2.9901239940954838e-05,1.0366004958016991e-16,0.030462185479700567,7.487185859680176,0.04204003483537235,0.954917049407959,0.8613323092460632,0.0004845663206651807,0.0,0.02189516220241785,0.0,0.06537386700510979,0.0018851394997909665,0.0013116952031850815,4.03278637151061e-09,3.465554812009941e-08,2.9724712291567813e-08,0.002425927296280861,0.05196889713406563
102,0.6433708593249321,0.001606576086487621,0.04746410279767588,8.959022261478822e-05,6.639358082338731e-05,1.0262809718097499e-16,0.04259464249480516,6.957853525876999,0.04721666872501373,0.9343812465667725,0.8632050976157188,0.0006229896753211506,0.0,0.03388377744704485,0.0,0.07204643520526588,0.0023062123655108735,0.0017741804476827383,4.153530741568545e-09,3.582681529223919e-08,3.534660208970308e-08,0.00336460153630469,0.06701880414038897,0.6690173625946045,0.001479371462482959,0.04343692660331726,7.581410463899373e-05,8.575849569751881e-05,1.0489285706580628e-16,0.03817377313971519,8.383939647674561,0.032232280862808695,0.9998685121536255,0.8424030303955078,0.001016608881764114,0.0,0.03889556787908077,0.0,0.07139445394277573,0.00226674263831228,0.0021147526567801833,4.056012414821453e-09,3.500738046113838e-08,2.858642904612907e-08,0.0036646064836531878,0.07487713098526001
103,0.6824273411184549,0.0013361397177504841,0.03915828024037182,0.00010298341408088163,4.781991060553992e-05,1.0182367520220544e-16,0.05656349356286228,7.237889140844345,0.0379919606493786,0.9424851089715958,0.8339068107306957,0.0006806768615206238,0.0,0.04539560031844303,0.0,0.06392085854895413,0.0028102739743189886,0.001733774937747512,4.120977892263511e-09,3.5433913581073284e-08,3.243621904402971e-08,0.003781477178563364,0.08045613788999617,0.685968953371048,0.0017430567415431142,0.052112096548080446,7.18859169865027e-05,5.629173028864898e-05,1.0254209843869224e-16,0.02307407222688198,7.247334384918213,0.048523881332585006,1.0041913747787476,0.9072635889053344,0.0007086391211487353,0.0,0.03667030520737171,0.0,0.07798249199986458,0.0028424776159226895,0.0015361961908638478,4.066477465869411e-09,3.403466592999394e-08,2.8695083287288982e-08,0.003460746491327882,0.06849033311009407
104,0.7581172026693821,0.0019425672726356424,0.05763937742449343,0.00010877125964725565,6.324261937606934e-05,1.0133107839408215e-16,0.06712885678280145,6.817142456769943,0.05268025287659839,0.9431007541716099,0.8635948151350021,0.00053769090482092,0.0,0.05132521071936935,0.0,0.08504183124750853,0.0026055597845697775,0.0019603727996582165,4.089429350706553e-09,3.4822733141481876e-08,3.3760443329811096e-08,0.00368141480430495,0.08144503645598888,0.6695262551307678,0.0016930393176153302,0.05081739723682403,6.314292186289094e-05,4.7978604561649264e-05,1.0197146954748376e-16,0.056126334518194196,6.946429634094239,0.04172140078385382,1.0129947543144227,0.864036250114441,0.000386364763835445,0.0,0.03409916777163744,0.0,0.07763578444719314,0.0021811004495248198,0.0016868030186742544,4.110389273392912e-09,3.6719979590316144e-08,3.0997519573361386e-08,0.002836645068600774,0.06454648450016975
105,0.6730048060417175,0.0019142762903356925,0.057075257413089275,0.00010488771795280627,4.626601503332495e-05,1.0282540209094542e-16,0.03852394892601296,6.800104647874832,0.05581398424692452,0.9479752220213413,0.8656917735934258,0.0006706432013743324,0.0,0.035368788870982826,0.0,0.08330375724472106,0.002815182160702534,0.001710590411676094,4.090991573280078e-09,3.597233444452286e-08,3.3032847568392754e-08,0.0036180671449983492,0.07147640362381935,0.7385199189186096,0.0014812391251325606,0.043846570700407025,4.9741133261704816e-05,8.838177818688564e-05,1.0185273670410239e-16,0.05637297574430704,8.25500545501709,0.04442768841981888,1.0185717582702636,0.9393255352973938,0.0012017177417874337,0.0,0.047178981639444825,0.0,0.06690228283405304,0.0023009232711046932,0.002041223575361073,4.0584052563019665e-09,3.639919086140253e-08,3.232206751135891e-08,0.0036907650064677,0.07497211992740631
106,0.662120820954442,0.0015299128317565192,0.04511586402077228,9.37648483159137e-05,6.0330762153171236e-05,1.0428329096336758e-16,0.043964371958281845,6.6889075338840485,0.046342570101842284,0.9291232004761696,0.8160474039614201,0.0008537518442608416,0.0,0.040688150736968964,0.0,0.06922396481968462,0.0027223629149375483,0.0018567726001492701,4.159272259940394e-09,3.5608536563813686e-08,3.281456883996725e-08,0.0037664526607841253,0.07734071905724704,0.7606402397155761,0.0013327941182069481,0.038698790967464446,0.00010838958696695045,6.613220684812405e-05,9.862225627541493e-17,0.07393110617995262,6.941397094726563,0.029819634582963772,1.0054771304130554,0.9367069482803345,0.0005863573402166367,0.0,0.05403915774077177,0.0,0.0673629954457283,0.0028736681211739778,0.001893629413098097,3.998950415251557e-09,3.535404005106102e-08,3.165461954779403e-08,0.0038432679139077663,0.07541759088635444
107,0.6622544676065445,0.0015077927637321409,0.04478566278703511,8.683461521741265e-05,4.355967234914715e-05,1.0313473579358667e-16,0.054560785414651036,6.396078050136566,0.04216817859560251,0.9154104292392731,0.8508262299001217,0.000549154401596752,0.0,0.039691290352493525,0.0,0.06892331875860691,0.002175709443690721,0.0016692060817149468,4.132257674926976e-09,3.530294634401798e-08,3.239256329834461e-08,0.0030817707302048802,0.07043115491978824,0.623227322101593,0.0018101518275216223,0.054658205807209016,6.803833530284464e-05,2.9061509485472926e-05,1.0767637541358438e-16,0.03786384593695402,7.480107307434082,0.05698163062334061,0.9525285959243774,0.8674319863319397,0.0007105082739144563,0.0,0.026027127541601656,0.0,0.07579590007662773,0.0020638532238081097,0.0013511769473552703,4.172259959744906e-09,3.704594249143156e-08,3.1370048603207576e-08,0.0027275017462670805,0.06111655086278915
108,0.6973228640854359,0.0016679939180903602,0.049441031413152814,0.00010129065185537911,4.982812743037357e-05,1.0156908224455142e-16,0.04522698564687744,6.803396135568619,0.05089626449625939,0.9419078044593334,0.8561123944818974,0.0006204179026099155,0.0,0.043742622481659055,0.0,0.07419330137781799,0.002329540773644112,0.0017032181785907596,4.12479574107838e-09,3.6219717003405094e-08,3.166496753692627e-08,0.0032904235704336315,0.07319590635597706,0.5749439597129822,0.0016030853148549795,0.04858009070158005,4.262305556039792e-05,3.1747433240525424e-05,1.0427130164213311e-16,0.028671666979789734,7.070467758178711,0.05031770020723343,0.9358880400657654,0.8623581290245056,0.0006103188265115022,0.0,0.020229944586753847,0.0,0.07412016615271569,0.0020050149178132415,0.0014101770706474782,4.091313376974881e-09,3.5379909846255944e-08,2.9874758666892376e-08,0.0025673223193734885,0.05371453538537026
109,0.7112542912364006,0.001808520006306935,0.05384003045037389,9.63376973004415e-05,5.193490596866468e-05,1.0016107319024682e-16,0.05147232150193304,6.496773779392242,0.05502054584212601,0.949064526706934,0.8420247659087181,0.0007652133135707118,0.0,0.0447858129045926,0.0,0.07775343605317175,0.002294805999554228,0.0017016177080222405,4.07756568787665e-09,3.640889190137386e-08,3.338209353387356e-08,0.0031734078365843743,0.06942285131663084,0.6545254588127136,0.001998776802793145,0.06067240387201309,3.216011900804005e-05,5.381836854212452e-05,1.0062196209753942e-16,0.042755310982465745,6.779478073120117,0.06622615456581116,0.9596703171730041,0.8344293832778931,0.0007029117783531547,0.0,0.030729957297444342,0.0,0.08529862612485886,0.0018248052103444934,0.0016952687175944448,3.936408266014269e-09,3.595939972456108e-08,3.2508332026282005e-08,0.002861884655430913,0.07021021693944932
110,0.6912204772233963,0.0016999420731735881,0.050196572206914425,0.00012168472710527567,4.5090698790772876e-05,1.025972722954482e-16,0.05755642952863127,5.99810466170311,0.05078807414975017,0.9333838075399399,0.823824517428875,0.00043498715058376547,0.0,0.0435186856193468,0.0,0.07537558465264738,0.002491829356586095,0.0016418225568486378,4.1175463455500605e-09,3.573950380086899e-08,3.213062882423401e-08,0.0032836757018230855,0.07124571898020804,0.6210836470127106,0.0018465831992216409,0.05558548346161842,5.7695320720085874e-05,5.287775093165692e-05,1.0164854485378796e-16,0.017690710537135602,6.408665180206299,0.053412341931743865,0.9646403551101684,0.9070664167404174,0.0003718357998877764,0.0,0.024214026145637037,0.0,0.08372517675161362,0.0021091122413054108,0.001643673237413168,4.082206084277118e-09,3.6580281204123824e-08,3.207888852330143e-08,0.002890829648822546,0.0556219182908535
111,0.6661614589393139,0.0015375088842120022,0.045767302392050624,7.632680853930651e-05,5.003819694593403e-05,1.014658633389946e-16,0.05006441019941121,5.990530401468277,0.04661804682109505,0.919956061989069,0.8347178921103477,0.0006215976609382778,0.0,0.040751614316832274,0.0,0.06870330148376524,0.002203126816311851,0.0015956221541273408,4.0878868068361385e-09,3.65253072232008e-08,3.2741809263825417e-08,0.0030946417100494727,0.07134481240063906,0.6178588151931763,0.0020662863506004216,0.06211631298065186,8.856697895680554e-05,4.067027584824246e-05,1.08029948141592e-16,0.018642490170896052,6.284395027160644,0.06420410436940074,0.9322384357452392,0.8597773790359498,0.0005885449354536831,0.0,0.023974955454468726,0.0,0.09181599393486976,0.00270485351793468,0.0013879795093089341,4.133525610683364e-09,3.675619737464331e-08,3.133900463581085e-08,0.003049899358302355,0.05932347029447556
112,0.7017821073532104,0.0017010418596328236,0.05004961136728525,0.00012978546146769077,4.9060275159718e-05,1.025727927124003e-16,0.05141544190701097,6.3024649024009705,0.050459483405575156,0.9262536838650703,0.8247884958982468,0.0007163776463130489,0.0,0.04611864883918315,0.0,0.07491219160147011,0.0026078246883116663,0.0016450803450425155,4.125566471779862e-09,3.585591912269592e-08,3.304739948362112e-08,0.003540965641150251,0.07693276042118669,0.8055222511291504,0.0021809912053868175,0.06553280204534531,3.271430941822473e-05,0.00010581393726170064,1.0487806442947587e-16,0.056974679417908194,6.558066368103027,0.07312732413411141,1.0269081592559814,0.9007851839065552,0.001106332102790475,0.0,0.05300339497625828,0.0,0.0875304639339447,0.0018598472233861685,0.002076352550648153,4.036964673659327e-09,3.309816953844802e-08,2.935218326172162e-08,0.003311778185889125,0.08126850128173828
113,0.7037288956344128,0.0017059218807844445,0.050533213070593774,9.123020504375745e-05,6.546073802837782e-05,1.0261113377456306e-16,0.05280349001986906,6.101693570613861,0.04885226977057755,0.9500526152551174,0.8237939365208149,0.0004799833131983178,0.0,0.04540684539824724,0.0,0.07545433565974236,0.0022959428970352747,0.001786884618923068,4.133434275410686e-09,3.64816514775157e-08,3.333843778818846e-08,0.003323242795886472,0.07502967515029013,0.6698965489864349,0.001769296615384519,0.052416442334651946,7.870541958254762e-05,8.341152479260928e-05,1.0015890374365428e-16,0.015092064999043942,7.7534442901611325,0.054937306046485904,0.9281641721725464,0.8740265011787415,0.0011200056731468066,0.0,0.037845101580023764,0.0,0.07995113581418992,0.002241756860166788,0.0019787827041000128,4.007059262178814e-09,3.18874501914479e-08,2.9181440552861204e-08,0.0034459186252206566,0.05756734162569046
114,0.6216551996767521,0.0013951170476502739,0.040923586348071694,9.948221395461587e-05,5.5520784712825844e-05,1.0205700093272041e-16,0.04006015555933118,6.191815674304962,0.04108966269996017,0.9120220020413399,0.8310755155980587,0.0005341163268894888,0.0,0.03469633054919541,0.0,0.06811379711143672,0.002770599108771421,0.0017752771091181785,4.142987591881919e-09,3.6307028494775295e-08,3.3120159059762955e-08,0.0037821649602847174,0.0745371279772371,0.6380940079689026,0.001808256027288735,0.05438148900866509,3.5700299486052244e-05,7.592967685923213e-05,1.0569825966719201e-16,0.02817058712244034,7.109871196746826,0.05789748877286911,0.9614281415939331,0.8422520637512207,0.0011395984329283237,0.0,0.030206780694425107,0.0,0.07971206158399582,0.0022690572310239076,0.001713823969475925,4.036924439176914e-09,3.264285624027252e-08,3.0666382855315534e-08,0.0033048801589757202,0.0674355871975422
115,0.7151841893792152,0.0016450845068902709,0.04845104843843728,0.00011114826065750094,5.862317050286947e-05,1.0223030850594007e-16,0.06363460060674697,6.1669385731220245,0.04750196461100131,0.9132553786039352,0.8359792456030846,0.0008212961329263635,0.0,0.04908779892139137,0.0,0.07460016361437738,0.002892033662647009,0.0018041135190287605,4.117937407732697e-09,3.541936166584492e-08,3.291643224656582e-08,0.0038669749774271622,0.08202901412732899,0.6213134527206421,0.002014140714891255,0.06057397127151489,8.829620492178947e-05,3.599647952796658e-05,1.047946660948848e-16,0.013943133130669593,7.22332239151001,0.0654482014477253,0.9262734055519104,0.8559682488441467,0.001318099070340395,0.0,0.0256573754362762,0.0,0.0858845591545105,0.0027196228504180906,0.001379459467716515,4.093181837916404e-09,3.6673413461585366e-08,3.114756594868595e-08,0.0032050058245658873,0.057354457676410675
116,0.6493153460323811,0.00156938805594109,0.04601799661759287,0.00012609164673449413,4.944396874861923e-05,1.0448849420741698e-16,0.036055286473128945,6.178603559732437,0.04755746980663389,0.9248593188822269,0.8277501203119755,0.0007283595878107008,0.0,0.03786953794769943,0.0,0.07304043276235461,0.002871998105547391,0.0016165352790267207,4.149499494010556e-09,3.565219230949879e-08,3.319291863590479e-08,0.003649495920399204,0.0717208981513977,0.6137891590595246,0.0012644857401028276,0.03755866028368473,3.4090726694557814e-05,7.526904155383818e-05,1.0006591805489148e-16,0.023467566072940826,6.404050064086914,0.03253694422746776,0.9915700197219849,0.8213447093963623,0.001470355037599802,0.0,0.032390594482421875,0.0,0.0648039497435093,0.0021813854575157164,0.0017629774753004312,3.920162372494929e-09,3.1633923569529544e-08,3.123552438921706e-08,0.003323420276865363,0.0737823873758316
117,0.6823470517992973,0.0015089877415448427,0.04403295333031565,0.00012966179679096967,5.338267106935746e-05,1.0256055995191156e-16,0.052322405157610774,5.878683149814606,0.04035363654838875,0.9295086562633514,0.8147554062306881,0.0009199642445310019,0.0,0.04509329842403531,0.0,0.07106485031545162,0.0027354030462447554,0.001682457594142761,4.0732799494458405e-09,3.531749825924635e-08,3.333843778818846e-08,0.003508728521410376,0.0716067214962095,0.560947835445404,0.0013962512370198966,0.040343758463859555,0.00014254230773076416,5.3459638002095745e-05,1.017656180419883e-16,0.018295173719525337,6.441863250732422,0.031182067107329202,0.9086890816688538,0.8480754375457764,0.0006028844421962276,0.0,0.023158173821866513,0.0,0.07534983307123184,0.003113054297864437,0.0017793309642001986,4.05784046364488e-09,3.7149422382753985e-08,3.200645224410437e-08,0.0036624378990381956,0.058073023706674574
118,0.6554221399128437,0.0013152226529200561,0.03811946604400873,0.00011116391033283435,6.566523347828479e-05,1.018387294757636e-16,0.04605206218548119,5.635553956031799,0.03364738548407331,0.9283500909805298,0.8237191811203957,0.0006082749041524949,0.0,0.04217299132142216,0.0,0.06274377158842981,0.002430747641483322,0.0018444480010657571,4.113200766098224e-09,3.451714292168617e-08,3.3673131838440895e-08,0.003475359466392547,0.07221626723185182,0.6685333251953125,0.0011481433524750174,0.0337451808154583,6.750627726432867e-05,5.56446670088917e-05,1.0108026118505218e-16,0.05033949594944716,6.396600341796875,0.02875613776341197,0.9667227029800415,0.9147027134895325,0.0005660831404384226,0.0,0.04113016482442618,0.0,0.05788806229829788,0.002108180592767894,0.0016802210360765458,3.994176145383221e-09,3.7521951412600175e-08,3.029902764239978e-08,0.003050593612715602,0.06731643304228782
119,0.7279134020209312,0.0018037138434010558,0.05350296257529408,0.00010931116844403732,5.149996894715514e-05,1.0282984984109912e-16,0.061628974275663495,6.020555913448334,0.05597374704666436,0.9366782940924168,0.8249402157962322,0.0005551294689212227,0.0,0.04911589913535863,0.0,0.07905197446234524,0.0024367114674532786,0.0015892065202933736,4.11947945200275e-09,3.476452548056841e-08,3.204331733286381e-08,0.0032253527315333486,0.07378258579410613,0.5646879255771637,0.0016286675818264484,0.048517363145947456,7.917370385257527e-05,5.224856140557676e-05,1.0687657381756236e-16,0.024707637913525104,6.156477069854736,0.0490877277621621,0.9136186718940735,0.8753908514976502,0.0005901890690438449,0.0,0.01892224345356226,0.0,0.07712986767292022,0.002449646033346653,0.0015828675590455533,4.135264841664821e-09,3.7056290125292436e-08,3.099234575643095e-08,0.003027211828157306,0.05285736843943596
120,0.6634670831263065,0.0015197656393866055,0.04485025361645967,9.652442213337054e-05,5.430772557701857e-05,1.0352595127788393e-16,0.052484785905107856,5.805108726024628,0.04387157747987658,0.914461188018322,0.8538023196160793,0.0004852142428717343,0.0,0.04000998369883746,0.0,0.07090471708215773,0.002339011858566664,0.0016956096515059471,4.144276186113238e-09,3.5666744224727154e-08,3.194145392626524e-08,0.003173819277435541,0.06801096606068313,0.6620821475982666,0.0013465623371303082,0.03763833921402693,0.00023184899473562836,4.182393531664275e-05,1.0526847912022212e-16,0.03633390441536903,6.027393245697022,0.04090030114166439,0.9422355175018311,0.783065116405487,0.0011938042822293936,0.0,0.044988039508461954,0.0,0.06197376027703285,0.0025601018685847523,0.0015545498812571169,4.050617397055589e-09,3.301021109791691e-08,3.103373771295992e-08,0.0034529044758528473,0.07640138566493988
121,0.6422258950769901,0.0015365183353424072,0.045275496784597635,0.00011325322179800423,4.385157217257074e-05,1.0268923906313246e-16,0.04525958641897887,5.484916687011719,0.04272447410039604,0.946449588984251,0.8643604218959808,0.0010345255250285845,0.0,0.03423997078789398,0.0,0.06935615604743361,0.0027942669112235308,0.001820315963414032,4.153908356174796e-09,3.616150934249163e-08,3.3862306736409664e-08,0.0037586733524221927,0.07353026885539293,0.6132686734199524,0.001519771898165345,0.04495852813124657,9.463835594942793e-05,4.8988355047185905e-05,1.0568237912291997e-16,0.02851932942867279,6.261473560333252,0.03416597548784921,0.95271235704422,0.826770031452179,0.0019617324229329824,0.0,0.030413111299276353,0.0,0.07328405976295471,0.0034182901959866284,0.0019464489072561265,4.1200236999827665e-09,3.477972398968632e-08,3.16235755803973e-08,0.004276842251420021,0.08037647008895873
122,0.7054212316870689,0.0014054584098630585,0.04081892583053559,0.00012687516755249817,5.6477253224329615e-05,1.0089654180674426e-16,0.04009528865572065,5.554838180541992,0.04113021650118753,0.9286304526031017,0.8477192930877209,0.0015491772865061648,0.0,0.050264526857063174,0.0,0.06382794585078955,0.003445312089752406,0.0019615302517195232,4.123479252493567e-09,3.688910510390997e-08,3.207242116332054e-08,0.0047125038981903344,0.08529735868796706,0.5846678912639618,0.001758531981613487,0.052635574340820314,9.589905821485444e-05,2.9362086934270337e-05,1.0762062873425422e-16,0.023995595052838326,5.967344093322754,0.05749146038360777,0.9469604134559632,0.8624424457550048,0.0012498448137193917,0.0,0.020398324728012084,0.0,0.07736576423048973,0.00339141977019608,0.0014025889337062835,4.1936632833028394e-09,3.749608197267662e-08,2.7722368756144532e-08,0.004169977502897382,0.06949139758944511
123,0.7041116803884506,0.0015480569018109236,0.045494251884520054,0.00011039803166568163,5.596945527486241e-05,1.0285359985084674e-16,0.0616734956856817,6.192346155643463,0.043741803034208715,0.9228981509804726,0.8335652984678745,0.0011753923354262952,0.0,0.04789015126880258,0.0,0.06895451294258237,0.0029153660289011896,0.0018785032370942645,4.164883077306669e-09,3.750028554350138e-08,3.277091309428215e-08,0.004028274459415115,0.08273625723086298,0.686699366569519,0.001834882068214938,0.055125567503273486,4.381674370961264e-05,7.323469981201924e-05,1.0019460088842513e-16,0.03938439609482884,6.745977783203125,0.06532935844297753,0.9514016032218933,0.901194441318512,0.0011342887184582651,0.0,0.037218280136585236,0.0,0.07676332965493202,0.0023149651242420077,0.0018501041689887644,4.055479241316107e-09,3.5157427191734314e-08,2.7758586895743063e-08,0.0037121729459613562,0.07769759297370911
124,0.6681722514331341,0.0012457957600418013,0.036297676037065685,8.944173350755591e-05,6.53577662887983e-05,1.0326543198473128e-16,0.04646886792033911,6.526337593793869,0.03164086351171136,0.9355605840682983,0.8143130280077457,0.0009088498845812865,0.0,0.04537266667466611,0.0,0.06238923850469291,0.0027233396031078883,0.0018286660269950517,4.128656069801728e-09,3.6612618714571e-08,3.323657438158989e-08,0.003746956179384142,0.07694916590116918,0.5800489723682404,0.0012963088287506253,0.039038194715976714,4.062771768076345e-05,3.586424500099383e-05,9.896909773846984e-17,0.0336688132956624,6.371017646789551,0.037765920498895864,0.9753947138786316,0.8830072283744812,0.0007226986926980317,0.0,0.022786102630198,0.0,0.06351847276091575,0.0021203666925430297,0.00154578797519207,3.996445396836634e-09,3.656993285972021e-08,3.0247287696738566e-08,0.002911310363560915,0.06130089163780213
125,0.6551607996225357,0.0015173929641605355,0.04452294041402638,0.00013012460703976103,3.762492053738242e-05,1.0347046731111633e-16,0.051754973363131285,6.195971190929413,0.04223602690035477,0.9326664544641972,0.8505532667040825,0.0007930758583825082,0.0,0.03784309874754399,0.0,0.07251304993405938,0.0029408596819848754,0.0016228828026214615,4.177547197059539e-09,3.633613232523203e-08,3.2698153518140316e-08,0.00363773838034831,0.0716345189139247,0.6494027733802795,0.001478567556478083,0.044095051288604734,3.1051173573359846e-05,8.498501247231616e-05,1.109149397129622e-16,0.01890503093600273,6.237198829650879,0.04671484120190143,0.942408812046051,0.8178250551223755,0.0013243341818451881,0.0,0.03904018793255091,0.0,0.06964033469557762,0.002024290896952152,0.001834334502927959,4.084489990674456e-09,3.527125542746035e-08,2.94815336587817e-08,0.003273637546226382,0.07138160169124604
126,0.6354708354920149,0.0013214801292633638,0.03846104827243835,0.00010833893043127318,5.865004652605421e-05,1.0257989033564632e-16,0.047951714077498764,6.0293163657188416,0.034311940835323185,0.9386264830827713,0.8286601155996323,0.0007619417410751339,0.0,0.037271694862283766,0.0,0.06647556158713996,0.002669281791895628,0.0017792809376260266,4.181801599445478e-09,3.6627170629799366e-08,3.336754161864519e-08,0.0036395067727426067,0.07260367716662586,0.672624671459198,0.0016109047166537494,0.04834734536707401,5.468962190207094e-05,5.135716055519879e-05,1.0059769725057854e-16,0.053896498307585715,5.683003616333008,0.04222321655033738,0.9682184457778931,0.8841315269470215,0.0007416808512061834,0.0,0.03704028520733118,0.0,0.07445982918143272,0.002200163435190916,0.0017002510838210582,3.959907202144564e-09,3.271011834726778e-08,3.21254546520322e-08,0.0029412272851914167,0.07016169652342796
127,0.6246382817626,0.00147185464084032,0.04390406759921461,7.641707975380996e-05,3.847801008305396e-05,1.0377346853257818e-16,0.047686328645795584,5.689709007740021,0.04183117928914726,0.9267757013440132,0.8353647477924824,0.0008712367198313586,0.0,0.03310490772128105,0.0,0.06780867674387991,0.002279253749293275,0.0015497281856369227,4.111520887639664e-09,3.6350684240460396e-08,3.377499524503946e-08,0.0031551963329548016,0.06932306126691401,0.6213495671749115,0.001854282571002841,0.0551603440195322,9.579217439750209e-05,5.903583696635906e-05,1.0545311377387783e-16,0.01795829264447093,5.575270462036133,0.048550393836922015,0.9228577733039856,0.8321484327316284,0.0005387782875914127,0.0,0.02930500917136669,0.0,0.08441999405622483,0.0026321647223085166,0.001680735871195793,4.031097544654471e-09,3.696315786783089e-08,2.9165918746798524e-08,0.003183482075110078,0.05649944320321083
128,0.6570357400923967,0.0016178004079847597,0.04748726752586663,0.00011194586704732501,6.569045285687025e-05,1.013712913659711e-16,0.03585796247352846,5.925627291202545,0.05123176996130496,0.913576103746891,0.8318765312433243,0.0006442784888349706,0.0,0.03912592778215185,0.0,0.07506228075362742,0.0025843089388217777,0.0018398643805994652,4.114848517478009e-09,3.544846549630165e-08,3.3163814805448055e-08,0.0036196945584379137,0.0713316963519901,0.697063434123993,0.0019717365968972443,0.058918435126543045,5.020882163080387e-05,9.681741066742688e-05,1.0661264232166487e-16,0.03103836104273796,6.209494781494141,0.07246571630239487,0.927843177318573,0.8344748616218567,0.000611122720874846,0.0,0.041737929731607434,0.0,0.08598740249872208,0.0022109259851276876,0.002176360273733735,4.200169989587721e-09,3.3527612686157227e-08,3.345000223475836e-08,0.0036507196724414825,0.08133731931447982
129,0.6062744297087193,0.0013465584670484532,0.039706919400487095,0.00010365062530581781,3.210899353689456e-05,1.0287939630542982e-16,0.04098217922728509,5.607089668512344,0.0388195549021475,0.9331365637481213,0.8258786797523499,0.0005279256747598993,0.0,0.03158273553708568,0.0,0.06260272464714944,0.0024573662522016093,0.0014193748502293602,4.124877509004143e-09,3.507011570036411e-08,3.259629011154175e-08,0.0031056947773322463,0.06497286423109472,0.6919947624206543,0.0017108136089518666,0.049665292724967,0.00017207221389980987,5.258988385321572e-05,1.0609194205223009e-16,0.05844680070877075,5.779099750518799,0.03915465715108439,0.9429365992546082,0.8506182312965394,0.0007963171286974102,0.0,0.04254731647670269,0.0,0.0771631196141243,0.0024418654153123497,0.0017410372849553824,4.015790100453387e-09,3.3113691699782065e-08,3.2368633640089685e-08,0.0034876124933362006,0.07926173657178878
130,0.6520130708813667,0.001570121599797858,0.0467525499407202,9.645735485719342e-05,3.1624009466213465e-05,1.0329272853135522e-16,0.046225891332142055,5.604762703180313,0.05032906634733081,0.9233967736363411,0.8580319695174694,0.0005568559572566301,0.0,0.036646000866312534,0.0,0.06989774038083851,0.002298791012435686,0.0014668401927337982,4.127956643174002e-09,3.504101186990738e-08,3.3076503314077854e-08,0.0031415142584592104,0.06594617455266416,0.6672897160053253,0.0016203825362026691,0.04873169586062431,5.580097931670025e-05,4.4209945190232244e-05,1.0400239118069253e-16,0.041172103490680456,5.62303409576416,0.0430164422676171,1.051411759853363,0.9247143507003784,0.0005396122520323843,0.0,0.03138369489461183,0.0,0.0779121145606041,0.002368973148986697,0.001543731614947319,4.183598267815114e-09,3.309299536624621e-08,3.125104655055111e-08,0.002900224784389138,0.055150090157985686
131,0.735162828117609,0.0018309028673684224,0.054945242358371615,7.337767067383538e-05,4.7472198843934166e-05,1.0155289556073467e-16,0.06945420475676656,5.355359643697739,0.053025416913442314,0.9427246674895287,0.8661753684282303,0.00047554522279824596,0.0,0.047943279962055385,0.0,0.0774612391833216,0.0021457616676343605,0.0016577566275373101,4.0927578964788935e-09,3.527384251356125e-08,3.287277650088072e-08,0.00310232954507228,0.07571210153400898,0.6637413263320923,0.0017731559346430004,0.052517960965633395,0.00010909846896538511,5.4226631982601246e-05,1.02576538268932e-16,0.04150415193289518,5.440872859954834,0.044525580869230905,0.9537609815597534,0.813088345527649,0.0006486577680334449,0.0,0.0375059075653553,0.0,0.08299753218889236,0.002751319110393524,0.001713632047176361,4.131950692709552e-09,3.4629677969633124e-08,3.014898126707522e-08,0.00336696426384151,0.06864893808960915
132,0.7096092365682125,0.0016183719999389723,0.047403720673173666,0.0001392108015352278,4.517667787240498e-05,1.0337420830323353e-16,0.058641036972403526,5.346872627735138,0.048297626548446715,0.9224345609545708,0.8182059116661549,0.000687691264829482,0.0,0.04909931920701638,0.0,0.07546359952539206,0.0029976157820783556,0.0014890693200868554,4.1267361194918806e-09,3.66999302059412e-08,3.332388587296009e-08,0.0037329448095988482,0.07614265335723758,0.782976257801056,0.0025422964710742233,0.0747796967625618,4.0801554496283644e-05,0.00022796505072619766,1.0661634544383114e-16,0.04620049372315407,6.3474503517150875,0.08540413305163383,1.0077032804489137,0.867956817150116,0.0016158615006133914,0.0,0.04714463017880917,0.0,0.09860651642084121,0.0016294734552502633,0.002746826549991965,3.987775665237336e-09,3.4738332033157346e-08,3.183053607358488e-08,0.003577133035287261,0.0765612080693245
133,0.7202192954719067,0.0017762889619916677,0.05236999155022204,0.00012155738181718334,5.810699246922013e-05,1.0059586909870675e-16,0.05436438147444278,5.3536050617694855,0.055146323749795556,0.9266431666910648,0.7981646806001663,0.0007260953352670185,0.0,0.04993700748309493,0.0,0.07773906015790999,0.0024786226349533536,0.001872110260592308,4.102419653984057e-09,3.5113771446049213e-08,3.483728505671024e-08,0.003499167403788306,0.07471230393275619,0.7650224924087524,0.0016214559494983406,0.04760581087321043,0.00010064363086712547,7.664464865229093e-05,1.0429262437309126e-16,0.05857007345184684,5.620525360107422,0.050755541771650314,1.0170276641845704,0.9534157514572144,0.00048817733768373727,0.0,0.05083591789007187,0.0,0.07068807631731033,0.0020135849947109817,0.0020048089092597364,4.028627920149574e-09,3.047494416819063e-08,3.1411440915007914e-08,0.0034677712246775627,0.07300877645611763
134,0.5985392890870571,0.0012106633475923445,0.03550370683660731,9.951648235073662e-05,3.560739185104467e-05,1.0228292794624641e-16,0.040970821981318295,5.159056842327118,0.034907747380202636,0.947263814508915,0.8289165310561657,0.0006605579583265353,0.0,0.03118409326998517,0.0,0.05766478227451444,0.002350937698793132,0.00169660834944807,4.115081220223971e-09,3.507011570036411e-08,3.3483956940472126e-08,0.0034712320775724947,0.06859852885827422,0.6548698544502258,0.0015774553408846258,0.04654739946126938,0.00010994882832164876,4.696565301856026e-05,1.0439277675468122e-16,0.036047997791320084,5.742439270019531,0.052424917370080946,0.9696913361549377,0.9369702100753784,0.0007309805951081216,0.0,0.0326437808573246,0.0,0.07138371467590332,0.0022848280612379314,0.00190193688031286,4.157652089276098e-09,3.4846986096681575e-08,3.1820188084452636e-08,0.0035363332834094765,0.06284575536847115
135,0.6517905183136463,0.0015037429511721712,0.04434841999318451,0.00010226749827779713,4.890667275958549e-05,1.0365712061633892e-16,0.04288707964587957,5.229221165180206,0.043270209338516,0.9330080412328243,0.8400905393064022,0.000594762503169477,0.0,0.03818811854580417,0.0,0.06785547104664147,0.00234956596250413,0.001838110176322516,4.127646419105346e-09,3.527384251356125e-08,3.377499524503946e-08,0.0034203341783722863,0.06930063501931727,0.6545076608657837,0.0015704461722634733,0.04631617069244385,8.378115162486211e-05,7.406278018606827e-05,1.0363420845783375e-16,0.02492111474275589,5.663456153869629,0.048116810899227855,0.9107941627502442,0.7887330532073975,0.0005405724223237485,0.0,0.04145837165415287,0.0,0.07291869968175888,0.002330996701493859,0.0019087418913841248,4.073693782302712e-09,3.206336671723875e-08,3.386392393167625e-08,0.003302866732701659,0.06771201491355897
136,0.6486973874270916,0.0015228014162858017,0.04441937291994691,0.00014621910167988972,3.961228321713861e-05,1.016542632360806e-16,0.04427571262931451,5.279867500066757,0.04325237649027258,0.9102884419262409,0.8465712890028954,0.0008504496709065279,0.0,0.03811624157242477,0.0,0.06915803928859532,0.002496798668289557,0.0015538017614744604,4.103320405679511e-09,3.479362931102514e-08,3.338209353387356e-08,0.00329422892536968,0.06335906591266394,0.538497370481491,0.0012184209190309048,0.03564692642539739,0.00011050805514969397,3.1100172782316805e-05,1.0165038450347028e-16,0.012834856100380421,5.782742500305176,0.03784159325296059,0.9608093857765198,0.8698513031005859,0.0008585775853134691,0.0,0.017905063927173615,0.0,0.05709703043103218,0.001953560533002019,0.001242913189344108,3.968646478114124e-09,3.423645296152245e-08,2.9797148393129193e-08,0.0025951659306883814,0.04781056344509125
137,0.6585080698132515,0.0015754649211885408,0.04673610581085086,8.294749659398803e-05,5.7273149309367e-05,1.0174240263907057e-16,0.045882883307058364,5.018476128578186,0.04382598714437336,0.9385048784315586,0.8346439860761166,0.0006607233990507666,0.0,0.03847563802264631,0.0,0.07145919604226947,0.0022892863416927867,0.0016551683220313862,4.1130402694822266e-09,3.5885022953152657e-08,3.263994585722685e-08,0.0030966780614107847,0.06684275600127876,0.585124546289444,0.0014894526335410773,0.04479806628078222,5.3671409477829e-05,3.799291152972728e-05,9.911072032376178e-17,0.020013296417891978,5.654963779449463,0.044391588871076235,0.9340649366378784,0.8317825675010682,0.0008460139273665845,0.0,0.0257815295830369,0.0,0.06877821981906891,0.0020925134886056185,0.0013523270376026631,3.95720016754808e-09,3.0935431638567935e-08,3.3015385270118716e-08,0.002694182749837637,0.055441880226135255
138,1.039033517241478,0.0013471614292939194,0.0395205884706229,9.578807816978951e-05,5.3639568591279385e-05,1.0430572079285756e-16,0.056039556046016514,5.524151682853699,0.03958991158287972,0.9403625763952732,0.8615719974040985,0.000574465113459155,0.0,0.11589784920215607,0.0,0.0650865042116493,0.002404263294010889,0.0016224633727688342,4.152709884297501e-09,3.614695742726326e-08,3.271270543336868e-08,0.003339398797834292,0.07251117890700698,0.5946091055870056,0.0014589476049877703,0.043576892092823984,5.578167983912863e-05,5.4250633183983155e-05,1.03938362107325e-16,0.013331022625789047,7.612968158721924,0.03912586460937746,0.9949133038520813,0.8644462347030639,0.0005458054540213198,0.0,0.024366883095353842,0.0,0.07050962001085281,0.002124538947828114,0.0016584941884502768,4.045375945338492e-09,3.5452345770181634e-08,3.3672485244551353e-08,0.002774329809471965,0.05433355569839478
139,0.6568169258534908,0.0013252056342025753,0.03835932072252035,0.0001331086027676065,4.836164271182497e-05,1.0320347160735768e-16,0.05129801877774298,5.8338465094566345,0.03563870512880385,0.9406585209071636,0.8484148345887661,0.0004890709205938037,0.0,0.04060682258568704,0.0,0.06285593193024397,0.0026287805230822414,0.0015073707036208361,4.165736977590484e-09,3.5841367207467556e-08,3.333843778818846e-08,0.0032981010881485417,0.06788985338062048,0.619233250617981,0.0016796755604445933,0.04908481985330582,0.0001448103110305965,5.4197739154915324e-05,1.0378572279976284e-16,0.028644367307424545,6.851419830322266,0.03962289560586214,0.9399748325347901,0.8170725703239441,0.0005518766760360449,0.0,0.03067156709730625,0.0,0.08416040688753128,0.003198825195431709,0.0016987664392217993,4.029829980822797e-09,3.638884251699892e-08,3.297916748579155e-08,0.003739641327410936,0.06616624742746353
140,0.6409456431865692,0.0017398394520569127,0.05179482279345393,0.00010689549753806205,3.578456801278662e-05,1.032093702323058e-16,0.035631826089229435,5.844371974468231,0.054576321388594806,0.956760760396719,0.85774827003479,0.0005446802897495218,0.0,0.03139206382911652,0.0,0.0773536916822195,0.002479693270288408,0.0014354731574712787,4.140630727178518e-09,3.4822733141481876e-08,3.341119736433029e-08,0.003233125156839378,0.06324757379479706,0.6140941977500916,0.0012325110845267772,0.03674374297261238,4.470608691917732e-05,5.2900605805916714e-05,1.0943038344749e-16,0.017472724243998528,6.268966484069824,0.028505577905161773,1.09444659948349,0.8838552832603455,0.0013323400868102907,0.0,0.026478357054293154,0.0,0.057003503292799,0.00248493617400527,0.0015339852310717107,4.082674021077537e-09,3.667858763378717e-08,3.434510702504667e-08,0.0034875079523772,0.06700942218303681
141,0.7148068696260452,0.0020303711789892986,0.060046692844480276,0.0001403387400387146,5.2648799055532436e-05,1.0258216508233084e-16,0.0511522323358804,5.861569315195084,0.06223224732093513,0.941216453909874,0.8328309543430805,0.0010720652353484184,0.0,0.04371255880687386,0.0,0.084731032140553,0.003696219966514036,0.0018013008520938456,4.107078857562563e-09,3.5564880818128586e-08,3.373133949935436e-08,0.004690779693191871,0.0882725715637207,0.6881635427474976,0.0023692841175943615,0.07096564397215843,8.549386984668672e-05,7.998356813914143e-05,1.1104243405339172e-16,0.033575758524239066,6.094599342346191,0.08587775081396103,0.9265573978424072,0.8581601738929748,0.0009766137111000717,0.0,0.03394362926483154,0.0,0.09807215481996537,0.0031148722395300866,0.00210722868796438,4.178596313408889e-09,3.753229975700378e-08,3.0842299381106386e-08,0.004406926780939102,0.07670516520738602
142,0.695197269320488,0.0021140211829333566,0.06309665529988706,0.00010520330374674813,5.733014427278249e-05,1.0297902400635724e-16,0.039148659619968385,5.972803115844727,0.06715681869536638,0.9239553511142731,0.8324985504150391,0.001109924487536773,0.0,0.03966555563965812,0.0,0.08742341166362166,0.003247084008762613,0.001820097939344123,4.148230148270926e-09,3.595778252929449e-08,3.333843778818846e-08,0.00432310470205266,0.08319849404506385,0.6730242133140564,0.0018212978495284915,0.05437656790018082,7.759497239021585e-05,6.131595655460842e-05,1.0241631139904702e-16,0.0372121999040246,6.845124053955078,0.05901508554816246,0.9553032040596008,0.8934181094169616,0.0009383560274727643,0.0,0.0350746713578701,0.0,0.08200225830078126,0.003099494660273194,0.0017889707814902067,4.027658473404472e-09,3.461932962522951e-08,3.0811255058438294e-08,0.004061022959649563,0.07497400939464569
143,0.749561283737421,0.001738129027216928,0.05119919590651989,0.00012560611889966822,5.324748258317413e-05,1.0249355501357232e-16,0.0640776539221406,5.495300382375717,0.05242522887419909,0.9354776106774807,0.8349953927099705,0.00090889805869665,0.0,0.05406143586151302,0.0,0.07608985807746649,0.0030087282793829218,0.0017125597223639488,4.126140804028289e-09,3.4691765904426575e-08,3.323657438158989e-08,0.00394423003308475,0.08129305113106966,0.6044047594070434,0.0011357885436154903,0.03274478185921907,0.00010028362448792905,6.402727249223971e-05,1.0243821911213436e-16,0.027449715323746203,6.228681659698486,0.03232396896928549,0.964313805103302,0.8598071813583374,0.0010008677490986884,0.0,0.03190405610948801,0.0,0.06276620477437973,0.003512117313221097,0.001537546911276877,4.045538348762534e-09,3.4971162676811216e-08,2.9579839733173686e-08,0.004161426797509193,0.07505513578653336
144,0.8745910786092281,0.0017405854487151373,0.050555299036204815,0.00013846922183802235,8.838742508032738e-05,1.0235996410387409e-16,0.06001086282776669,5.518324822187424,0.05047056346666068,0.9384544230997562,0.8433333113789558,0.001341697348834714,0.0,0.07904083048924804,0.0,0.07502648094668984,0.003670105623314157,0.001988360905670561,4.109671478125243e-09,3.5986886359751225e-08,3.253808245062828e-08,0.004826910240808502,0.10315260710194707,0.7073747992515564,0.0016642098082229495,0.04849615022540092,0.0001516305172117427,5.4659795205225235e-05,1.0703976397927377e-16,0.030284838937222957,6.800596904754639,0.056179235130548476,0.9409914135932922,0.8916506767272949,0.0015543576795607806,0.0,0.04527358300983906,0.0,0.07732071280479431,0.004189068265259266,0.0017217656364664435,4.165469214001405e-09,3.426232275671737e-08,3.119930624961853e-08,0.005201078299432993,0.10297852158546447
145,0.7384643107652664,0.0016456048433610704,0.047650059685111046,0.00017159313802039833,5.265274626253813e-05,1.014052202467465e-16,0.054265645681880414,5.595749139785767,0.04759809479583055,0.9330870620906353,0.8366376310586929,0.0016183140469365753,0.0,0.05371660727541894,0.0,0.07629998843185604,0.004227376062772237,0.001885824247437995,4.10116010596262e-09,3.703462425619364e-08,3.2654497772455215e-08,0.005165789450984448,0.09828740125522017,0.604830676317215,0.0012796913739293813,0.03742947056889534,7.63716350775212e-05,7.302573740162189e-05,1.0760086242633665e-16,0.01897054212167859,6.891505336761474,0.03505024014448281,0.9912723422050476,0.8483229398727417,0.0019772654864937066,0.0,0.029627428762614726,0.0,0.06799202784895897,0.003360259486362338,0.0019191569183021784,4.075724024943383e-09,3.2751510659068114e-08,3.1230350217015256e-08,0.0043566164560616015,0.07925030440092087
146,0.6593285873532295,0.0016591887469985522,0.048821566510014236,0.00012301758670218987,5.1201386440880015e-05,1.0516302608254885e-16,0.04728580545634031,5.421817451715469,0.05280824925284833,0.9156582057476044,0.844717513769865,0.0011733521532732993,0.0,0.03806287667248398,0.0,0.07333734631538391,0.003319621057016775,0.001766094719641842,4.165519817966867e-09,3.467721398919821e-08,3.377499524503946e-08,0.004335497636930086,0.08357395464554429,0.7135778546333313,0.001814093883149326,0.05408563911914825,9.262676903745159e-05,5.079144102637656e-05,1.0291988042712357e-16,0.05756597202271223,5.455062770843506,0.051063960790634154,0.9958137750625611,0.9191444158554077,0.0008188539650291204,0.0,0.04019949901849031,0.0,0.08061862736940384,0.0028683960437774656,0.0019338065991178154,4.140278786479712e-09,3.329995621470516e-08,3.3206823957243614e-08,0.0038258419837802647,0.07649301812052726
147,0.6251797266304493,0.0016984537469397765,0.050595072912983596,9.857753843789396e-05,3.855531372209953e-05,1.0429632857059233e-16,0.043489125673659146,5.344052374362946,0.05391971464268863,0.9190125688910484,0.828862015157938,0.0010157681681448594,0.0,0.03117534884950146,0.0,0.07580371480435133,0.0027095209661638364,0.0017561348795425147,4.177794804549606e-09,3.568129613995552e-08,3.199966158717871e-08,0.0036565148184308782,0.0729380939155817,0.668736481666565,0.0016460638493299485,0.04883389547467232,0.00010631380864651873,3.9958400520845316e-05,1.0630031215725464e-16,0.04682518113404512,6.003463459014893,0.05093246102333069,0.9519556879997253,0.8718673706054687,0.0012696850812062622,0.0,0.03732318673282862,0.0,0.07159739285707474,0.002677978575229645,0.0016945011680945753,4.111595153233338e-09,3.327925988116931e-08,3.388461990994074e-08,0.0036246767733246086,0.07595319598913193
148,0.7570708729326725,0.0018649235353223048,0.05509887239895761,0.00010819300268849474,7.272417997228331e-05,1.0383488338433779e-16,0.05495402606902644,5.175035148859024,0.055053304648026824,0.9540515132248402,0.8465622700750828,0.0010154048577533104,0.0,0.05317307752557099,0.0,0.08034162316471338,0.002767101177596487,0.0019601233798312023,4.161018543613615e-09,3.5943230614066124e-08,3.3309333957731724e-08,0.003947917808545753,0.08233137428760529,0.7334741353988647,0.0017277850536629557,0.05103314816951752,8.31894030852709e-05,8.535656816093251e-05,1.0441677822733506e-16,0.06255881413817406,5.274693202972412,0.05457316637039185,0.9851490259170532,0.862925124168396,0.0010311496211215855,0.0,0.04788939617574215,0.0,0.07707624733448029,0.0027252431493252514,0.0018417587503790855,4.121141738977485e-09,3.4184712660589864e-08,3.316543200071464e-08,0.0038684781175106764,0.08241038173437118
149,0.7309434935450554,0.0016321510665875394,0.048302898881956935,9.943994643890619e-05,5.347889327822486e-05,1.037221841617805e-16,0.05867702572140843,4.979460448026657,0.05264937598258257,0.9393261112272739,0.8075095787644386,0.0006380118120432599,0.0,0.05278545484179631,0.0,0.07145103137008846,0.002360284088354092,0.0016893073479877785,4.123766356167735e-09,3.642344381660223e-08,3.3251126296818256e-08,0.0033447546884417534,0.07668997254222631,0.6541192889213562,0.001798306405544281,0.05308209657669068,0.00012789994070772082,4.979345812898828e-05,1.0953272090938609e-16,0.01706947647035122,5.702311325073242,0.04980315119028091,1.0306013822555542,0.8975638151168823,0.0005528144189156592,0.0,0.02977241752669215,0.0,0.08425189554691315,0.0031901957467198373,0.0015078891068696977,4.239804152206261e-09,3.809109330177307e-08,3.1318308657546365e-08,0.003619715292006731,0.062392931431531906
150,0.608984936028719,0.0016021948868001346,0.04767042840830982,0.00010152111872230307,3.165312136843568e-05,1.0510068396132257e-16,0.03928885457571596,5.160772949457169,0.04768719570711255,0.9406138062477112,0.8359018974006176,0.0007389094243990257,0.0,0.02825238718651235,0.0,0.07272648368962109,0.0027646164235193282,0.0014116913080215454,4.188783014891229e-09,3.563764039427042e-08,3.2930984161794186e-08,0.0033330986043438315,0.06750306067988276,0.6051106154918671,0.001748384488746524,0.05277417078614235,5.7831865706248206e-05,3.721801840583794e-05,1.0305375663141508e-16,0.026526820100843906,5.832141017913818,0.056639958173036575,0.9222584724426269,0.8186952829360962,0.0007985001080669463,0.0,0.02711475482210517,0.0,0.07757738083600998,0.0025325524620711803,0.0013363148318603635,4.0815163249163785e-09,3.733051343601801e-08,2.9305617132990848e-08,0.0030068687163293363,0.06375424563884735
151,0.6372259184718132,0.001281049280805746,0.03706182981841266,0.00013254665805106924,4.4166550765112333e-05,1.0299999675719822e-16,0.04426685650832951,5.251126676797867,0.03459374431986362,0.9279154762625694,0.8059910647571087,0.0006442310259444639,0.0,0.03982826037099585,0.0,0.06229062448255718,0.0028446243741200306,0.0014729457179782912,4.133343917134269e-09,3.6452547647058964e-08,3.290188033133745e-08,0.0034920898033306003,0.06945000542327762,0.582692950963974,0.001494020689278841,0.04485638178884983,4.8658261948730794e-05,4.855901570408605e-05,9.661203400985469e-17,0.016719022020697593,5.7577282905578615,0.04133184730708308,0.9181418657302857,0.8227092146873474,0.0005653138447087258,0.0,0.026418260671198367,0.0,0.07138876989483833,0.002193597028963268,0.001477821939624846,3.9452257016847625e-09,3.520916749266689e-08,3.2234109426099164e-08,0.0029138851910829543,0.05851755365729332
152,0.6233807131648064,0.0013909909030189738,0.04099707561545074,9.76443545823713e-05,4.393174850747528e-05,1.0158485202933943e-16,0.040071914554573596,5.257866561412811,0.03997698816237971,0.93579226359725,0.8379163593053818,0.0007608292653458193,0.0,0.03398133342852816,0.0,0.0648990529589355,0.0025218947557732463,0.001502108119893819,4.103189954474118e-09,3.562308847904205e-08,3.290188033133745e-08,0.0032451145380036905,0.06742552760988474,0.7042944669723511,0.0014611269463784993,0.0424808956682682,0.00015105023921933026,3.6552482561091894e-05,1.0273997195261574e-16,0.03121042428538203,5.923683071136475,0.040262261260068044,0.9784739494323731,0.8732626438140869,0.001498813508078456,0.0,0.04663908928632736,0.0,0.06528127193450928,0.0027022911701351402,0.0014617324341088533,4.081187743310011e-09,3.328443405337112e-08,3.170635949345524e-08,0.0033641505520790814,0.06827309206128121
153,0.686528954654932,0.0014269905732362531,0.04136191867291927,0.00014825531661699642,4.339730912761297e-05,1.0470891881550827e-16,0.050296910922043025,5.1839602291584015,0.04291739751351997,0.9197036251425743,0.8413288779556751,0.0006566509691765532,0.0,0.046543348114937544,0.0,0.06470119534060359,0.0027104771870654076,0.0015145389479584992,4.1854607002456135e-09,3.6583514884114265e-08,3.3585820347070694e-08,0.003445709589868784,0.07027919287793338,0.7325115203857422,0.0014314802479930221,0.042481429874897,2.802051130856853e-05,9.827680114540271e-05,1.0097785357824016e-16,0.060387568268924954,5.7021716117858885,0.045593686184292895,0.9927549958229065,0.9341049671173096,0.0009582128026522696,0.0,0.048117994144558904,0.0,0.06428187415003776,0.0017650065943598746,0.0018322111573070288,4.010262255604858e-09,3.2042670738974266e-08,3.4521023195566156e-08,0.0030630451161414384,0.07260566130280495
154,0.6560073513537645,0.0016118711337185232,0.04791112896054983,8.288418712254497e-05,5.424099106221547e-05,1.0297333507169441e-16,0.043765366019215435,5.010050714015961,0.04801304353168234,0.9220680966973305,0.8394874073565006,0.0005043181226938032,0.0,0.03800958121428266,0.0,0.06983446422964334,0.0022608708750340156,0.0014326300915854517,4.133547032436624e-09,3.585591912269592e-08,3.2741809263825417e-08,0.0030813291086815298,0.06866860366426408,0.5758847892284393,0.0017882452346384525,0.05405902527272701,5.719681503251195e-05,3.457492857705802e-05,1.0472267358832411e-16,0.018406461272388697,5.3967790603637695,0.0630228217691183,0.9139595985412597,0.8525452852249146,0.00037948799435980616,0.0,0.020082064159214496,0.0,0.08020802140235901,0.0021702582016587257,0.0013152791419997812,4.096657058028086e-09,3.513673121346983e-08,2.9114178445865946e-08,0.002790667535737157,0.051934828609228136
155,0.6773918680846691,0.0016607815814495552,0.04913778428453952,0.0001059308835920092,5.0498816847266426e-05,1.0301786468560997e-16,0.04821302986238152,4.858246386051178,0.04849127330817282,0.9323430843651295,0.8606263212859631,0.000396603454646538,0.0,0.04037931014318019,0.0,0.07529710279777646,0.0024580820827395655,0.0015256183905876242,4.13077053118549e-09,3.573950380086899e-08,3.338209353387356e-08,0.003109617086010985,0.06866059987805784,0.5605981051921844,0.001654061151202768,0.05013210475444794,3.882993696606718e-05,3.7422792775032573e-05,1.0173530882085537e-16,0.01666871178895235,5.239323425292969,0.05256883533220389,0.9490582108497619,0.8240045666694641,0.0006047945003956557,0.0,0.018561055045574905,0.0,0.07366614565253257,0.0019317951519042253,0.0012305982643738389,4.003760478710205e-09,3.586109329489773e-08,3.3155083656311036e-08,0.002412504004314542,0.05101372972130776
156,0.6216615289449692,0.0016650043362460565,0.04951338889077306,0.00010140307722394937,3.871323639259572e-05,1.0417867205462401e-16,0.038970955822151154,4.87241804599762,0.05320995394140482,0.9301067925989628,0.8330001123249531,0.00042043160101457033,0.0,0.0305958436219953,0.0,0.07518852734938264,0.002311290016223211,0.0015213557271636091,4.180062490588554e-09,3.581226337701082e-08,3.3993273973464966e-08,0.0030403766286326572,0.06304854131303728,0.5882296442985535,0.0013301187951583414,0.0391427468508482,3.6323340827948415e-05,0.00010307223183190218,1.0136712212752966e-16,0.011278686579316854,5.23664436340332,0.03887493750862632,0.92898588180542,0.886664617061615,0.0008368693175725639,0.0,0.027192826196551324,0.0,0.06006416827440262,0.0017547708237543702,0.0017497821128927172,4.0503816745030005e-09,3.333100018210189e-08,3.037663809379865e-08,0.002885742951184511,0.05395202189683914
157,0.6549132689833641,0.0014168176130624488,0.04135892214253545,0.00010536950924233679,6.54586701784865e-05,1.0017871447117074e-16,0.0434180359588936,4.9786438047885895,0.03892997890943661,0.9290210120379925,0.8450290560722351,0.0008030306598811876,0.0,0.040055904362816364,0.0,0.06856851768679917,0.0023934910059324466,0.0016830632084747776,4.052652824437786e-09,3.544846549630165e-08,3.3483956940472126e-08,0.003326648016809486,0.06745410850271583,0.570340371131897,0.0013678950257599355,0.040849563851952556,6.0822692466899754e-05,4.285612048988696e-05,1.0176842780909302e-16,0.0248606001958251,5.30857629776001,0.040317353285900026,0.9230915665626526,0.8338703155517578,0.00087242575827986,0.0,0.024699431844055653,0.0,0.07088411971926689,0.0023696090094745157,0.0014995537698268891,4.003784770389985e-09,3.672515376251795e-08,3.033524578199831e-08,0.0031000131275504827,0.05738991796970368
158,0.6307535879313946,0.0014783535880269483,0.043729780125431716,9.725905010782299e-05,4.2686390884227876e-05,1.0272510354654122e-16,0.03962725953897461,4.804477840662003,0.04141476342920214,0.9465714544057846,0.8335220590233803,0.0006377419376804028,0.0,0.03418650332605466,0.0,0.06983151007443666,0.0024965319244074635,0.0014968732721172273,4.119786206624454e-09,3.5564880818128586e-08,3.194145392626524e-08,0.0031265907309716567,0.06438244413584471,0.5682094693183899,0.0010026064119301736,0.02936516869813204,6.61987389321439e-05,4.817657718376722e-05,1.0520915769715676e-16,0.03158061392605305,5.065302467346191,0.023632844301027946,0.9704795956611634,0.9296516299247741,0.0005980841931886971,0.0,0.02316547930240631,0.0,0.0569567434489727,0.0024521494284272193,0.0014421875588595868,4.118554475240898e-09,3.854123278301813e-08,2.944531551918317e-08,0.0030902373604476453,0.056539350748062135
159,0.5967035088688135,0.0013241462329460774,0.038989967899397016,9.969676398213778e-05,3.754095627073184e-05,1.012506115048639e-16,0.03827123041264713,4.820902585983276,0.034931673610117286,0.9213657155632973,0.8404474593698978,0.0005164908143342473,0.0,0.030152681516483426,0.0,0.06437877868302166,0.002511842605599668,0.00137903504219139,4.098714936895398e-09,3.5885022953152657e-08,3.181048668920994e-08,0.0031184823892544955,0.06473617535084486,0.5204421043395996,0.0011959444382227957,0.035978976637125015,4.469371124287136e-05,2.8326246501819695e-05,1.0326223790951396e-16,0.013454960426315665,5.117987823486328,0.03491499555602786,0.9514459490776062,0.8467367768287659,0.0005817657569423318,0.0,0.015607751766219735,0.0,0.06367218196392059,0.002157779666595161,0.0011247577145695685,4.035094658405569e-09,3.3113691699782065e-08,2.7142879055475078e-08,0.002648452762514353,0.04956265464425087
160,0.6654720827937126,0.0015510435532632982,0.0456042853766121,0.00010821657201631751,5.698777465568128e-05,1.023757334750718e-16,0.04645589686697349,4.87609726190567,0.04434692393988371,0.9186905138194561,0.821382537484169,0.0005496171634149505,0.0,0.04165165266022086,0.0,0.07615962019190192,0.002867084913305007,0.0016172796094906516,4.097404818215189e-09,3.5754055716097355e-08,3.13011696562171e-08,0.003593730987631716,0.07143471715971828,0.6699120461940765,0.0015487540978938342,0.046274252235889435,3.3350937519571745e-05,8.245740100392141e-05,1.0088293427207745e-16,0.008229185920208692,5.4608924865722654,0.049063840508461,0.9458187341690063,0.8235132694244385,0.0009040959179401397,0.0,0.042459605075418946,0.0,0.07066147029399872,0.0019111510366201401,0.001626215479336679,4.0092970277072485e-09,3.637332071093624e-08,3.157183527946472e-08,0.0027619530912488697,0.0601382851600647
161,0.6725101117044687,0.0015431196261488367,0.045604387181811035,9.683662756287958e-05,5.198486917379341e-05,1.0143417694485984e-16,0.051884687040001154,4.851953387260437,0.04530176299158484,0.9319532141089439,0.8387636281549931,0.0007893518632045016,0.0,0.04160838550888002,0.0,0.0691155765671283,0.0021126358333276585,0.0015565222929581068,4.0744833340600195e-09,3.576860763132572e-08,3.373133949935436e-08,0.0030194628925528377,0.06777405738830566,0.5838619351387024,0.0014624138944782316,0.043464699387550355,8.889052114682272e-05,3.5784964347840285e-05,1.0437098815560209e-16,0.03355756029486656,5.101793479919434,0.03792950240112987,0.919182562828064,0.867754054069519,0.0002719884039834142,0.0,0.02486916333436966,0.0,0.07498404234647751,0.002511884877458215,0.0015015709912404418,4.060315372811374e-09,3.511603523520534e-08,3.1670141709128076e-08,0.002808537008240819,0.053566543757915495
162,0.7241525202989578,0.0016955014507402666,0.04989874979946762,0.0001226388530994882,5.481415348640439e-05,1.025662426827198e-16,0.06300311273662373,4.67544424533844,0.049705740122590214,0.9354006610810757,0.8233348987996578,0.0006382963274518261,0.0,0.05021744279656559,0.0,0.07691214606165886,0.002573996469436679,0.0016809702501632273,4.117552354632181e-09,3.604509402066469e-08,3.179593477398157e-08,0.00346117616572883,0.07512345793657005,0.7218678712844848,0.0017057017306797207,0.050664623454213145,3.876299342664424e-05,0.00010871231752389577,9.998931583621314e-17,0.04239094257354736,4.981695365905762,0.044611291785804495,0.9441299796104431,0.7707165002822876,0.0007862960337661207,0.0,0.05201890543103218,0.0,0.07746188640594483,0.0019360954640433193,0.0021802588598802686,3.978923102110344e-09,3.545751994238344e-08,3.2741162669935875e-08,0.0031956029590219258,0.08242515474557877
163,0.6926189512014389,0.0014941892004571855,0.04382870823610574,0.00010037611900770571,6.570107484549226e-05,1.0213574563190332e-16,0.05507742310874164,4.820836037397385,0.04160456208046526,0.9344410821795464,0.8191331513226032,0.0005305460290401243,0.0,0.04695657582487911,0.0,0.0681274775415659,0.0023959923128131777,0.0017707128645270132,4.090296407133209e-09,3.5011908039450645e-08,3.166496753692627e-08,0.003417822328628972,0.07528811017982662,0.7044492900371552,0.0015425156918354333,0.04454669207334518,9.677601046860218e-05,0.00012131022995163221,9.67269684398632e-17,0.025514169968664645,5.192599678039551,0.04710997510701418,0.9478787541389465,0.8089825272560119,0.0009265574452001601,0.0,0.04993950687348843,0.0,0.07812890261411667,0.00288469921797514,0.0021175533765926957,3.985413243867697e-09,3.287051271172459e-08,2.864334334162777e-08,0.004183765221387148,0.07612836807966232
164,0.6497249752283096,0.0011985103665210772,0.03464968811022118,0.00011523955822667631,5.1702691393984423e-05,1.0149270452269133e-16,0.05762668198440224,4.649428427219391,0.031615630199667066,0.9535708762705326,0.8236473575234413,0.0005865074854227714,0.0,0.041193847719114274,0.0,0.05962696741335094,0.002327889764274005,0.0015504364855587482,4.123127284039185e-09,3.5564880818128586e-08,3.383320290595293e-08,0.003207395042409189,0.06810779264196754,0.6759388446807861,0.001239788788370788,0.03607648424804211,7.540629303548485e-05,8.172493653546553e-05,9.793458860671958e-17,0.030138584971427917,5.424045658111572,0.030465811389694862,0.9606354713439942,0.8841888546943665,0.0010696371551603078,0.0,0.044099839963018896,0.0,0.06676568239927291,0.002171559608541429,0.002040677913464606,4.067695247300662e-09,3.559204415637396e-08,3.051633647999097e-08,0.0033794597256928682,0.06304216831922531
165,0.6447344124317169,0.0014806671679252759,0.04361730901291594,9.731424324854743e-05,5.49107518281744e-05,1.0207611045923161e-16,0.0425763062085025,4.691557556390762,0.047414798580575734,0.9185887090861797,0.818657211959362,0.0005218306378083071,0.0,0.03858803876210004,0.0,0.06896057189442217,0.00217992967372993,0.0016352879320038483,4.141369691623709e-09,3.637978807091713e-08,3.255263436585665e-08,0.003118856213404797,0.06575289065949619,0.5959277212619781,0.0013648729771375656,0.040441738069057466,4.036823884234764e-05,8.425333362538368e-05,9.823610586616251e-17,0.014851532876491547,5.199541854858398,0.038132134676561694,0.9712641835212708,0.8735597848892211,0.0012475140392780304,0.0,0.026902674324810506,0.0,0.06468138918280601,0.0019974638009443877,0.001987240999005735,3.985940910666841e-09,3.616636021774866e-08,3.3403436106027585e-08,0.0032820981461554764,0.06551427990198136
166,0.6518806256353855,0.0016260044649243355,0.04836476652417332,9.22500921660685e-05,4.384137389479292e-05,1.027330887345845e-16,0.044341460219584405,4.629998713731766,0.0494336667470634,0.9094225391745567,0.8313743956387043,0.0009432552869839128,0.0,0.03786027804017067,0.0,0.0721175151411444,0.0024652825231896713,0.0016554597314097919,4.1402275496871255e-09,3.576860763132572e-08,3.2698153518140316e-08,0.0034088179527316242,0.07178480084985495,0.5656536281108856,0.0015373831731267274,0.046319608204066755,4.837951055378653e-05,4.09050229791319e-05,1.0362321688185415e-16,0.027873304672539234,5.106853771209717,0.04715512433685944,0.9205490827560425,0.8444539189338685,0.0009996813954785467,0.0,0.02106743771582842,0.0,0.0704399086534977,0.0021198384230956433,0.0017991916509345173,4.029461697641068e-09,3.1359700614075336e-08,3.1566661107262914e-08,0.003207128494977951,0.06180488616228104
167,0.6135698575526476,0.001528435132058803,0.04513554822187871,8.833894571580458e-05,6.139042909580894e-05,1.0300162009915035e-16,0.03636868949979544,4.524831771850586,0.04682152858003974,0.9184288084506989,0.8157611601054668,0.001104813207348343,0.0,0.03213643794879317,0.0,0.07157949707470834,0.002653206742252223,0.00209106949478155,4.133145409257466e-09,3.5332050174474716e-08,3.323657438158989e-08,0.004044698798679747,0.0790023822337389,0.6411916613578796,0.0016826631326694041,0.050540545210242274,6.0758183826692404e-05,4.737605559057556e-05,1.0777921977175983e-16,0.035017410106956956,4.903362274169922,0.0510428207271616,0.9546014070510864,0.9077041745185852,0.001331282127648592,0.0,0.03027493692934513,0.0,0.07581181898713112,0.002534324722364545,0.0018690399127081036,4.191995994773379e-09,3.734603524208069e-08,3.2301371177823055e-08,0.003588403807953,0.0697206862270832
168,0.6650520004332066,0.001515742489573313,0.044121143873780966,0.00014331456395666464,4.7810311343710055e-05,1.0180566086282526e-16,0.05147386295720935,4.471599251031876,0.043773495650384575,0.9188350886106491,0.8305583894252777,0.0010974593715218361,0.0,0.04167009494267404,0.0,0.06957902479916811,0.0029607791002490558,0.0019560878499760292,4.113066429112244e-09,3.499735612422228e-08,3.326567821204662e-08,0.004027331728138961,0.0791440112516284,0.6239282011985778,0.0014142700587399305,0.04141923021525144,0.0001213693612953648,4.017335595563054e-05,1.0670453216155216e-16,0.036045031156390905,4.88980712890625,0.044193626643391326,0.9214517831802368,0.8854065418243409,0.0016345125855877995,0.0,0.032766375318169595,0.0,0.06532995849847793,0.0027746033389121293,0.0015533699421212076,4.1043501930460025e-09,3.6254318303008405e-08,3.405018844659935e-08,0.003645297233015299,0.06955805644392968
169,0.7074894532561302,0.0017218179091287311,0.05083500931505114,0.00011399468849049299,5.542834571770072e-05,1.0020007971921237e-16,0.05638323869789019,4.488941043615341,0.04640184133313596,0.9414848424494267,0.8686203323304653,0.0010813281623995863,0.0,0.044776552240364254,0.0,0.07521185511723161,0.0026322769263060763,0.0019095658863079734,4.0676471080303145e-09,3.544846549630165e-08,3.2567186281085014e-08,0.003664210351416841,0.07612259336747229,0.6193863093852997,0.0020374786807224156,0.06049287468194962,8.529789629392326e-05,9.26330205402337e-05,1.1307138501150916e-16,0.017245439067482948,4.665808486938476,0.0633263073861599,0.9145295977592468,0.8212177515029907,0.0009942659991793335,0.0,0.027566594537347555,0.0,0.08824180215597152,0.0027520191855728627,0.002101838542148471,4.25832631378853e-09,3.5918007057489374e-08,2.953327360444291e-08,0.0037869395688176154,0.06548549085855485
170,0.6742490828037262,0.0016106850234791636,0.0471658946480602,0.00012179160398773092,6.256446761199186e-05,1.0402847880285123e-16,0.04262272536288947,4.480139672756195,0.050408870563842356,0.9121169336140156,0.8257445581257343,0.0009704789335955866,0.0,0.04302242922130972,0.0,0.07296840357594192,0.00277980378450593,0.0019930719645344652,4.164054101529757e-09,3.527384251356125e-08,3.231980372220278e-08,0.004031949516502209,0.0807162462733686,0.6338733553886413,0.0015116692753508686,0.04394534882158041,0.00014385691902134566,5.056949812569656e-05,1.0499504364995863e-16,0.02192489132285118,5.058302211761474,0.04863024011719972,0.9276420474052429,0.8489717602729797,0.0014681311789900065,0.0,0.035425322502851485,0.0,0.06606611832976342,0.0025862880516797303,0.0017108860658481718,4.127817021526425e-09,3.695798440617182e-08,3.179431793398635e-08,0.003792315348982811,0.07534814924001694
171,0.7016838453710079,0.00171872319697286,0.05061225208919495,0.00012488474749261513,5.299321026086545e-05,1.0324981522835658e-16,0.0565980423707515,4.41631805896759,0.04815338191110641,0.9443140514194965,0.847761582583189,0.0008505500336468685,0.0,0.04441936721559614,0.0,0.07637010863982141,0.002586040041933302,0.0018896392793976702,4.141333831420013e-09,3.6176061257719994e-08,3.277091309428215e-08,0.0036672910500783473,0.08163782418705523,0.5543383717536926,0.001393160957377404,0.04192944541573525,5.7699922763276845e-05,2.6202815570286474e-05,9.96284811241718e-17,0.026991271413862705,5.083891105651856,0.038971539805061184,0.949423360824585,0.8788820028305053,0.0009037275449372828,0.0,0.018180829472839832,0.0,0.0705939695239067,0.002155244955793023,0.0013536225305870175,3.933763892405296e-09,3.4769376355825444e-08,2.8415686514904338e-08,0.0027700909879058598,0.056248991191387175
172,0.6382790505886078,0.0014972510762163438,0.04391987971030176,0.00011887158257195551,4.7455303956667194e-05,1.0470774421903844e-16,0.04150417260825634,4.325834304094315,0.045774164958857,0.9273514114320278,0.8369329050183296,0.0007633880923094694,0.0,0.03621869027847424,0.0,0.06944414181634784,0.0023941796462167986,0.0018370030229561962,4.1454819299513446e-09,3.536115400493145e-08,3.400782588869333e-08,0.003453807337791659,0.07055026874877512,0.6040037989616394,0.0013936732197180391,0.04167883023619652,6.427610642276705e-05,3.739329640666256e-05,1.0021358766133342e-16,0.023457431700080633,4.490381240844727,0.04401082624463015,0.9805998086929322,0.8517688155174256,0.00045051122433505955,0.0,0.028270258475095032,0.0,0.06731278598308563,0.002246680995449424,0.001475226879119873,4.032073963600169e-09,3.260663810067399e-08,2.8757171577353802e-08,0.002965187281370163,0.055546267330646514
173,0.6221650987863541,0.0014548774706781842,0.04243333428166807,0.00013158852289052447,4.6269395284070924e-05,1.0310853195255191e-16,0.04214568162569776,4.278406232595444,0.043538545665796846,0.8905148692429066,0.8183822780847549,0.0006247082546906313,0.0,0.03582343470770866,0.0,0.07015850115567446,0.0025820437949732877,0.0018144415662391111,4.155277427697612e-09,3.569584805518389e-08,3.3483956940472126e-08,0.003473267875961028,0.06657937564887106,0.707466471195221,0.0016510603949427606,0.0485398393124342,0.00011324122606310993,6.296095016296021e-05,1.0374112783857888e-16,0.05132845640182495,4.566128063201904,0.04488792117190314,0.9246156692504883,0.927094554901123,0.0008692780276760459,0.0,0.04424610827118158,0.0,0.07445612847805023,0.002448098035529256,0.0017883361782878638,4.11288327839543e-09,3.5571348178109476e-08,3.2394503435284604e-08,0.003457598015666008,0.06616549268364906
174,0.6010259855538607,0.0013437109973892802,0.03967732930323109,9.35906548420462e-05,3.825686195568778e-05,1.0143268098872203e-16,0.03856131978682242,4.193333834409714,0.04021643623127602,0.9117177575826645,0.8318422734737396,0.0006513235130114481,0.0,0.031526811071671546,0.0,0.06219587032683194,0.0022100081987446174,0.0015876479228609242,4.086100305333851e-09,3.5288394428789616e-08,3.4502591006457806e-08,0.0030963217286625877,0.06263784132897854,0.5517005681991577,0.0015064748877193779,0.045320685394108294,4.226206947350874e-05,4.9740346366888846e-05,1.0363597134515522e-16,0.015958670992404222,4.52606086730957,0.048297563212327074,0.9529590845108032,0.8456260561943054,0.0006072092917747795,0.0,0.01792845781892538,0.0,0.07126240283250809,0.0019504672149196268,0.0016577537870034575,4.074003179255214e-09,3.2611812272875794e-08,3.0526684469123214e-08,0.0027777261566370726,0.05389716476202011
175,0.6246311813592911,0.0012670841824728996,0.03743632626719773,7.337869192269864e-05,4.950684405002903e-05,1.0285349438531864e-16,0.03839658497599885,4.144816175103188,0.03409248875686899,0.9302737563848495,0.8498096205294132,0.0005779342372989049,0.0,0.03577764180954546,0.0,0.06017787824384868,0.0022955000240472145,0.0016726075409678742,4.1378357684696e-09,3.3949618227779865e-08,3.364402800798416e-08,0.003300220618257299,0.06809520185925066,0.592258071899414,0.0014209319953806699,0.04234303217381239,7.643867575097829e-05,3.728533956746105e-05,1.0471967059182829e-16,0.02356506120413542,4.5160585880279545,0.04708641033503227,0.9536548018455505,0.8621114134788513,0.0011288323905318976,0.0,0.026260306313633918,0.0,0.06788399219512939,0.002247985848225653,0.0015808507334440947,4.104681838867919e-09,3.621809980813851e-08,3.0821603047570534e-08,0.003060300415381789,0.0666848212480545
176,0.6097137574106455,0.0012609384539246093,0.03643355832900852,0.00012825262047044816,4.878310642197903e-05,1.0191513614894512e-16,0.03912280063377693,4.108053743839264,0.03500988380983472,0.8937295265495777,0.809872530400753,0.0005264081137283938,0.0,0.03622590727172792,0.0,0.06094171013683081,0.002610646821267437,0.0015928829088807106,4.108772544419992e-09,3.562308847904205e-08,3.277091309428215e-08,0.0034265207505086437,0.06550145172514021,0.8320173382759094,0.0016412595636211337,0.04860129579901695,6.935749988770112e-05,8.249262027675286e-05,1.0267991996363338e-16,0.07536790762096643,4.589765739440918,0.05179373962455429,0.9618463754653931,0.9218555331230164,0.0007220215396955609,0.0,0.06682157255709172,0.0,0.07591204643249512,0.00249249623157084,0.002060312731191516,4.058277180973846e-09,3.468659173222477e-08,3.078021109104156e-08,0.0038751838728785515,0.08628483712673188
177,0.6485205795615911,0.001467477635742398,0.0435679949587211,8.609432779849158e-05,4.215976218802098e-05,1.0165055622616544e-16,0.042240661452524364,4.109740629792213,0.04768452176358551,0.9091117829084396,0.8549853377044201,0.0006274426359595964,0.0,0.03841856715735048,0.0,0.06516687967814505,0.0021993550108163618,0.0014964095098548569,4.108704029781585e-09,3.688910510390997e-08,3.2610842026770115e-08,0.003094815125223249,0.06687774253077805,0.606869500875473,0.001645422645378858,0.049672295525670054,5.6865457736421376e-05,3.2188266231969465e-05,1.0363895845978327e-16,0.03150329198688269,4.339133930206299,0.04622594069878687,1.013335633277893,0.9066153168678284,0.000513215980026871,0.0,0.021777375601232052,0.0,0.07255592942237854,0.002064212108962238,0.001291340054012835,4.042793744218897e-09,3.488320459155147e-08,2.9026220360606204e-08,0.002631939621642232,0.05526905357837677
178,0.6753312349319458,0.001538968313980149,0.045757093001157045,8.248868493865302e-05,4.7572965456765814e-05,1.0295843258577865e-16,0.044574743951670825,4.144001603126526,0.04513888421934098,0.928766131401062,0.827252097427845,0.0005026429535064381,0.0,0.043141652771737427,0.0,0.06926069757901132,0.0021162960765650496,0.0016016982044675387,4.133076214607456e-09,3.5754055716097355e-08,3.2741809263825417e-08,0.0030454719089902937,0.07215319504030049,0.7083889126777649,0.0015554401441477239,0.046918857470154764,2.9037066633463836e-05,5.7615494733909144e-05,1.0233178280486696e-16,0.050855154357850554,4.416808795928955,0.049343946110457185,0.9864710807800293,0.9463556051254273,0.0005042360397055745,0.0,0.04186499230563641,0.0,0.0683421291410923,0.001649052812717855,0.0015692515531554817,4.033762923683071e-09,3.5762786865234374e-08,3.1168262282221805e-08,0.0026364419609308243,0.06468234956264496
179,0.6659411750733852,0.0011483388152555563,0.03323844994883984,0.00011149521651532268,4.5841691417081165e-05,1.0322278337952865e-16,0.05624355189502239,4.013964802026749,0.031565572251565754,0.9194211587309837,0.8788480013608932,0.0003777944166358793,0.0,0.04435667407233268,0.0,0.060445396695286036,0.0024904406964196824,0.001504517495050095,4.132845926596573e-09,3.629247657954693e-08,3.2145180739462376e-08,0.0031617674831068143,0.0678714425303042,0.6559867918491363,0.0012904637260362506,0.03793993853032589,5.403444229159504e-05,8.359452403965406e-05,1.044741475041548e-16,0.017612429335713387,4.489946460723877,0.033798431707873534,0.9734514117240906,0.8417924284934998,0.000705062539782375,0.0,0.041198963019996884,0.0,0.06517955809831619,0.0019023393746465445,0.0016164624597877265,4.0316438187915086e-09,3.6176707851609535e-08,3.0392159899861326e-08,0.0029793035704642535,0.06690737381577491
180,0.5946843605488539,0.0014140314742689952,0.04201063408982009,8.300599210997461e-05,3.86168263730724e-05,1.025968570507807e-16,0.03408749942900613,4.062903344631195,0.045375490066362545,0.9110787399113178,0.8277744092047215,0.0004914785204164218,0.0,0.029656020808033645,0.0,0.06571185635402799,0.0022239389872993343,0.001409768778103171,4.132812786439288e-09,3.521563485264778e-08,3.162131179124117e-08,0.0029661034495802596,0.06306086387485266,0.6130995631217957,0.0017741514137014746,0.05348189473152161,6.107178633101285e-05,4.004843758593779e-05,1.0163196550733443e-16,0.03327791877090931,4.0273740768432615,0.05309592656822133,0.9661587834358215,0.8793989777565002,0.00031206477724481373,0.0,0.02437621895223856,0.0,0.08211634680628777,0.0022767214104533195,0.0013506358256563545,4.0144855883994525e-09,3.680276350337408e-08,3.091990947723389e-08,0.002633426059037447,0.05131680890917778
181,0.6517643444240093,0.0017864274050225504,0.05313301214482635,9.082817950911704e-05,5.892102331017668e-05,1.0296048027138503e-16,0.04543571197427809,3.885843500494957,0.052740352344699204,0.9262020327150822,0.8349921815097332,0.0004939607733831508,0.0,0.03516273107379675,0.0,0.07842641579918563,0.002321154453966301,0.0016182737963390537,4.1379327048174375e-09,3.608874976634979e-08,3.259629011154175e-08,0.003066833145567216,0.06650658510625362,0.6305897951126098,0.0017616330878809094,0.053021489083766936,3.955477623094339e-05,6.63874663587194e-05,9.71132803147712e-17,0.03600995503365993,4.073319625854492,0.055323033779859546,0.9434561967849732,0.8416350722312927,0.0006837337976321578,0.0,0.0303314171731472,0.0,0.07904263436794282,0.001876712590456009,0.0017340497113764286,3.933860659444121e-09,3.5416127985854476e-08,3.1276916345746034e-08,0.002740722242742777,0.05896904990077019
182,0.6789644546806812,0.0017796046158764511,0.05307487235404551,0.00010302930320449377,3.6495504332378914e-05,1.0407231317146195e-16,0.04527205973863602,4.149879217147827,0.05914522195234895,0.9250903837382793,0.8366396836936474,0.00048510759916098323,0.0,0.04049580474384129,0.0,0.07698741042986512,0.0024082765012281016,0.0013926684623584151,4.152603580442893e-09,3.633613232523203e-08,3.2756361179053783e-08,0.003105180090642534,0.0639949084725231,0.7012070655822754,0.0018548468651715666,0.055730801075696945,4.578224979923107e-05,7.218117352749686e-05,1.0850880895389936e-16,0.04168430976569652,4.744498252868652,0.057819903178369714,0.9920518636703491,0.8541520953178405,0.0010284379008226097,0.0,0.04051492102444172,0.0,0.07786444574594498,0.0018598343711346387,0.0017245451686903833,4.155929200777564e-09,3.454689334603245e-08,3.1395919108945235e-08,0.002876726724207401,0.06812745705246925
183,0.61242257617414,0.0012401415842759889,0.035818447824567556,0.00011605391796365438,5.9008849575548084e-05,1.0252408790434288e-16,0.04238191631156951,4.506638377904892,0.03491199226118624,0.9262800216674805,0.8418293185532093,0.0006606565075344406,0.0,0.034225794253870845,0.0,0.06195304146967828,0.0027331956807756796,0.001594484296219889,4.10318044818947e-09,3.470631781965494e-08,3.2421667128801346e-08,0.003581683660740964,0.06873611593618989,0.6806434035301209,0.0011260451516136526,0.032914059422910216,7.949870632728562e-05,5.3390704852063206e-05,1.0653373458518323e-16,0.05430979896336794,4.735848236083984,0.029177082380192586,0.9682785391807556,0.9323255896568299,0.0006081445375457406,0.0,0.04329018257558346,0.0,0.06083476319909096,0.003117038728669286,0.0015036424389109015,4.126620645195089e-09,3.031972397593563e-08,3.409675457533012e-08,0.003948231320828199,0.07591072916984558
184,0.6131339017301798,0.001426712846296141,0.04210206679999828,0.00010253079472022364,3.9204491486088955e-05,1.0469111292564245e-16,0.04030931502347812,4.587259501218796,0.0415205285535194,0.9178067333996296,0.8311465345323086,0.0006908750037837308,0.0,0.03258362814085558,0.0,0.06632851110771298,0.002687132167920936,0.0014620578585891053,4.152374166732642e-09,3.5710399970412254e-08,3.317836672067642e-08,0.0034258251544088125,0.06747704488225281,0.5692380845546723,0.0013324692146852613,0.03962649330496788,5.288690954330377e-05,5.9116535703651606e-05,9.898750879367181e-17,0.026653469167649747,4.819012546539307,0.034465859235569954,0.9647551536560058,0.861161756515503,0.0006546699674800039,0.0,0.022306153550744057,0.0,0.06325819417834282,0.0022869249805808067,0.0015470340149477124,4.004398856949365e-09,3.536438768492189e-08,3.123552438921706e-08,0.0029594005085527898,0.05878996029496193
185,0.7396566588431597,0.0013834845267410856,0.04026730009354651,0.00011741718128632783,5.7297389503219165e-05,1.0278855739851078e-16,0.07025815162342042,4.6138176918029785,0.040745738660916686,0.9186569415032864,0.8341558873653412,0.0006495137386082206,0.0,0.057281663932371885,0.0,0.06457215663976967,0.002821970309014432,0.001647422213864047,4.138986889334895e-09,3.498280420899391e-08,3.298919182270765e-08,0.0037087837990839034,0.08085491345264018,0.6218226313591003,0.0015702832373790444,0.04696282297372818,7.363878103205934e-05,4.075839424331207e-05,1.0240129244610102e-16,0.032917451858520505,5.145913028717041,0.048159049858440994,0.9143543481826782,0.7929124474525452,0.000782785820774734,0.0,0.034131540730595586,0.0,0.07537367939949036,0.002664914634078741,0.001540293637663126,4.072810888544609e-09,3.440202114290969e-08,2.9259051004260073e-08,0.003300112672150135,0.06778894811868667
186,0.6543357409536839,0.0015358156961156055,0.04525778419338167,0.00010804920316331845,4.878429479049373e-05,1.0291157487202905e-16,0.04782649374101311,4.5484514236450195,0.049098644754849374,0.9251379445195198,0.7967789359390736,0.0006277722477534553,0.0,0.04025390243623406,0.0,0.07068714639171958,0.0026456621271790937,0.0017368888366036117,4.134795533738966e-09,3.4735421650111675e-08,3.290188033133745e-08,0.0035768474481301382,0.07460467447526753,0.5945512115955353,0.0015713244385551662,0.047575352154672144,4.690690220741089e-05,2.8807063154090427e-05,1.0458349813415635e-16,0.02857448663562536,4.579339981079102,0.04605228933723993,0.9744836926460266,0.8579277992248535,0.0007602470694109797,0.0,0.023734801448881626,0.0,0.06998991817235947,0.002232830133289099,0.0012535203131847084,4.1065981726262635e-09,3.479524650629173e-08,3.447963123903719e-08,0.0028264011722058057,0.05967758893966675
187,0.7031608205288649,0.0018708965908444952,0.05590618378482759,8.512078534295142e-05,5.431995060689587e-05,1.0222894696665181e-16,0.052733315620571375,4.361236721277237,0.0517014468787238,0.9369091056287289,0.8495953306555748,0.0007726136718702037,0.0,0.04292128572706133,0.0,0.08093818370252848,0.002757664376986213,0.0016464394502690993,4.118860058577312e-09,3.671448212116957e-08,3.3251126296818256e-08,0.0035902023228118196,0.07723528402857482,0.706033217906952,0.0017113275127485395,0.05161974020302296,3.371575730852783e-05,6.17119439993985e-05,1.0484963059222772e-16,0.05235255043953657,4.483761835098266,0.04982782407078048,0.9539235711097718,0.8853987216949463,0.0008948085829615593,0.0,0.04313656724989414,0.0,0.07573388889431953,0.002133734570816159,0.001612403173930943,4.097046168993757e-09,3.577830867129705e-08,3.3155083656311036e-08,0.0029543352779001,0.06923835948109627
188,0.625767432153225,0.0016966987896012142,0.05032503779511899,8.30231929285219e-05,6.848510713552969e-05,1.0201432420337697e-16,0.03934530937112868,4.312204748392105,0.05202055920381099,0.9294791892170906,0.8291844874620438,0.0006952582352823811,0.0,0.03136721748160198,0.0,0.07479337090626359,0.0025684102438390255,0.0015292048774426803,4.13799074172605e-09,3.576860763132572e-08,3.208697307854891e-08,0.0032819432963151485,0.06579820462502539,0.6253516554832459,0.0018632223480381071,0.05608721636235714,7.20324351277668e-05,3.947960376535775e-05,1.0767506912996104e-16,0.032777434773743154,4.403316354751587,0.04335798613437873,0.9832187175750733,0.8955933094024658,0.0006254109262954444,0.0,0.02447246741503477,0.0,0.08624733090400696,0.002379212202504277,0.001359272631816566,4.016814747487274e-09,3.615601187334505e-08,3.173740381612333e-08,0.0030045130755752326,0.061700539290905
189,0.5850867182016373,0.0012905217336083297,0.037930402788333595,0.00010401628742329194,3.436855962490881e-05,1.0356867970601567e-16,0.028131912229582667,4.267935827374458,0.04004022711887956,0.9310543090105057,0.8402055911719799,0.0005079918682895368,0.0,0.028347254963591695,0.0,0.06328124739229679,0.0025288640608778223,0.0013748734127148055,4.162004282881604e-09,3.537570592015982e-08,3.336754161864519e-08,0.003259708857513033,0.06353897717781365,0.5655522584915161,0.0011622049263678492,0.03479471895843744,4.5272031638887714e-05,3.6970412475056945e-05,1.0031817373100667e-16,0.023214724473655225,4.252016019821167,0.032007426100790326,0.947181499004364,0.8671669602394104,0.0006378207588568329,0.0,0.024274362437427043,0.0,0.06029987186193466,0.0021918128943070768,0.0012306326534599066,3.973298046133778e-09,3.412779818745548e-08,3.3170605462373716e-08,0.0026890299282968043,0.05541888549923897
190,0.6455256938934326,0.001581130472914083,0.04703034181147814,8.357139370218647e-05,4.874212123695543e-05,1.0149858991274965e-16,0.048329061712138355,4.086069837212563,0.04313600133173168,0.935034953057766,0.8174464255571365,0.0007192454941105098,0.0,0.03668139880755916,0.0,0.07105172821320593,0.0020907752113998868,0.0016007382000680082,4.073535758708502e-09,3.42406565323472e-08,3.291643224656582e-08,0.002912064010160975,0.06848568003624678,0.6053726434707641,0.0015893591335043311,0.047896372899413106,3.651803272077814e-05,5.5066210006771146e-05,1.0344569465797741e-16,0.013409350346773864,4.365886116027832,0.052544693083473246,0.9185847997665405,0.8506898164749146,0.0007088529935572296,0.0,0.028877945616841316,0.0,0.07294188514351845,0.0018604066455736757,0.0015025729080662131,4.0741099383012624e-09,3.5555826372046796e-08,3.101304173469543e-08,0.0027535422705113888,0.05488831698894501
191,0.5983538180589676,0.0014362987494678237,0.04236001195386052,0.0001084356731553271,3.59143188006783e-05,1.0314761251418229e-16,0.03398568113334477,4.064746513962746,0.04288124787854031,0.9121707193553448,0.8339311555027962,0.0004405563449836336,0.0,0.02998542267596349,0.0,0.07067822408862412,0.00261768664495321,0.001510246038378682,4.141362891507683e-09,3.4880940802395344e-08,3.255263436585665e-08,0.003275206239777617,0.06196336750872433,0.5744664430618286,0.0012553046457469464,0.037794001027941705,3.1315964224631895e-05,4.338018425187329e-05,1.0207821290419454e-16,0.022001557052135468,4.2363526821136475,0.036034319080681596,0.9659795880317688,0.9029203057289124,0.0007212172145955265,0.0,0.022666528448462488,0.0,0.06354551687836647,0.0019609753508120775,0.0014470530673861503,4.058318570088204e-09,3.528677723352303e-08,3.159770542993101e-08,0.0026857354678213596,0.051505763083696365
192,0.5912404302507639,0.0013404084820649587,0.03983202367089689,7.741197669020039e-05,3.7297377332379256e-05,1.0359225724860557e-16,0.03350660495925695,4.069542303681374,0.03939144662581384,0.9043282568454742,0.8586584515869617,0.0005804892443848075,0.0,0.028968026919756085,0.0,0.06505618174560368,0.0023051585085340776,0.0014239570300560445,4.159362229638752e-09,3.65253072232008e-08,3.2843672670423985e-08,0.0029682465246878564,0.0598642083350569,0.6302904486656189,0.0014394258381798864,0.04268932491540909,4.653687865356915e-05,8.232166292145848e-05,1.0409877691264517e-16,0.01886016996577382,4.432347774505615,0.04404160901904106,0.9258235335350037,0.8523619890213012,0.0009731446858495474,0.0,0.03546629976481199,0.0,0.06745787337422371,0.0021007319213822485,0.0018422514665871858,4.115670382276449e-09,3.8080744957369464e-08,3.537990949098457e-08,0.0031056149862706663,0.058803740888834
193,0.6127439141273499,0.0013898499310016632,0.040966407919768244,9.360211424791487e-05,4.766065410422016e-05,1.014636096854157e-16,0.03554857097333297,4.061878338456154,0.0402355786645785,0.9149524420499802,0.8404428288340569,0.0005767933889728738,0.0,0.03302022418938577,0.0,0.06479585566557944,0.002264144284708891,0.0014836569171166047,4.121165034232099e-09,3.486638888716698e-08,3.1257513910532e-08,0.0030275020690169185,0.061796480091288686,0.6073156118392944,0.0014682288514450193,0.0434960151091218,8.427116554230452e-05,5.033405468566343e-05,1.0531450741997151e-16,0.017590505443513392,4.257800579071045,0.04310109135694802,0.9613921642303467,0.8010679125785828,0.0006434717099182308,0.0,0.031273606419563296,0.0,0.07092677652835847,0.0021463003475219013,0.0015466254437342287,4.04700344347475e-09,3.351726469702499e-08,2.8834781673481302e-08,0.0027905717492103578,0.06288521066308021
194,0.5953699108213186,0.0011908780652447604,0.03485276352148503,0.00010476272007053922,3.286770669319594e-05,1.0263792780896487e-16,0.040569082368165255,4.004997819662094,0.03188647702336311,0.9124825447797775,0.8058738261461258,0.0005470411251735641,0.0,0.03340687893796712,0.0,0.058213442796841264,0.0022598971700062975,0.0013221428962424397,4.113917012604773e-09,3.592867869883776e-08,3.2843672670423985e-08,0.002854561520507559,0.0597470230422914,0.6520239531993866,0.001577841816470027,0.046330606937408446,9.720062807900831e-05,7.496529251511674e-05,1.0379301390055413e-16,0.01681773690506816,4.288868761062622,0.04333277287423698,0.9264350295066833,0.8255671501159668,0.0003304471960291266,0.0,0.03950647031888366,0.0,0.07675489410758018,0.002706083049997687,0.001683806930668652,4.158688948763256e-09,3.544717230852257e-08,2.7991417539396933e-08,0.0033066065981984137,0.0576010175049305
195,0.7091406881809235,0.0014466889879258815,0.04226125811692327,0.00011683734885536978,5.556936798711831e-05,1.0264217414063941e-16,0.06131162925157696,3.879666283726692,0.03707360336557031,0.9294348731637001,0.8376313298940659,0.0004098350600543199,0.0,0.050344317161943763,0.0,0.06887767161242664,0.0025388728754478507,0.0017167597397929057,4.142757609182368e-09,3.629247657954693e-08,3.40223778039217e-08,0.0034355329553363845,0.07174156373366714,0.5780583620071411,0.0012430533883161844,0.037220205180346966,4.014627811557148e-05,4.7483600974373984e-05,1.0190122536986576e-16,0.023392986319959164,4.212122917175293,0.032847465726808876,0.9598717451095581,0.858177924156189,0.00041187859605997803,0.0,0.025638136267662048,0.0,0.06148748695850372,0.0019186562625691296,0.0014696914004161954,4.04046609503439e-09,3.2534201821476924e-08,3.015415543927702e-08,0.002630639588460326,0.055783509463071826
196,0.5659655388444662,0.0010869737634493504,0.03189041558653116,8.329518664140778e-05,3.708966357862664e-05,1.0049601599106241e-16,0.03857217129552737,3.8897355049848557,0.029003454139456153,0.8928018994629383,0.8208391293883324,0.0003835394327325048,0.0,0.029055365768726915,0.0,0.055929725989699364,0.002149790321709588,0.001425750262569636,4.106339684950555e-09,3.553577698767185e-08,3.3032847568392754e-08,0.0028625407576328143,0.05908683966845274,0.5555114150047302,0.001213964750058949,0.03643174022436142,4.3386665493017065e-05,3.6691154673462736e-05,1.0548442090570174e-16,0.02725332826375961,3.9679673671722413,0.03192947533161714,0.961726725101471,0.8678437232971191,0.0003989503078628331,0.0,0.020892974734306336,0.0,0.061175908893346786,0.0019212662009522319,0.0014539186842739582,4.13734726478765e-09,3.282394658299381e-08,3.245141755314762e-08,0.0025772846303880213,0.05042906254529953
197,0.6217889487743378,0.001524871440778952,0.04525730980094522,9.06267531490812e-05,4.362022946224897e-05,1.0144378340690372e-16,0.04476555483415723,3.741687908768654,0.040643802436534315,0.9328109547495842,0.8307991810142994,0.0004803641568287276,0.0,0.03245047794189304,0.0,0.06893043033778667,0.0022413474071072415,0.0014862690586596727,4.105556200562077e-09,3.5201082937419415e-08,3.291643224656582e-08,0.002876693819416687,0.06151338596828282,0.5770431160926819,0.0015436819288879634,0.0462096244096756,5.9873665304621684e-05,4.976081800123211e-05,1.0896680496243568e-16,0.00882879626005888,3.9830134391784666,0.045825022459030154,0.9268198609352112,0.8605605483055114,0.0005622589553240687,0.0,0.023501573037356137,0.0,0.07195495367050171,0.0022218725178390743,0.0013580382335931062,4.199674652483054e-09,3.503325061160467e-08,3.319130179590957e-08,0.0027888223994523287,0.049584584683179854
198,0.6027498431503773,0.0016906407581700478,0.0505454953527078,9.084565658667998e-05,3.3445635779116856e-05,1.0128544614841005e-16,0.030688226164784282,3.7810208201408386,0.053584454813972116,0.9222817607223988,0.8435492143034935,0.0004945304317516275,0.0,0.026830934279132634,0.0,0.07512253103777766,0.002458458344335668,0.0012684371213254053,4.0706849280258695e-09,3.613240551203489e-08,3.332388587296009e-08,0.0029890582663938403,0.05606344877742231,0.6286816954612732,0.0014973100274801253,0.044739147648215294,4.387009248603135e-05,6.796077032049652e-05,1.0162400869158616e-16,0.013679081574082375,3.8907790660858153,0.03885464501545357,1.0009831070899964,0.8869198203086853,0.00047764681512489914,0.0,0.030301681160926817,0.0,0.07070504650473594,0.002090876270085573,0.0014682445442304015,4.03882411958989e-09,3.443306511030641e-08,3.053703245825545e-08,0.00270135598257184,0.05138579830527305
199,0.6314398162066936,0.001814763483707793,0.0544581952271983,8.425156420344138e-05,3.571319780348858e-05,1.0324280818138764e-16,0.03689745889278129,3.855954110622406,0.06017789989709854,0.9422375336289406,0.8222956024110317,0.0005085489829070866,0.0,0.030701365612912923,0.0,0.0766476180870086,0.0022985942850937136,0.0012904775285278447,4.157278049587987e-09,3.565219230949879e-08,3.221794031560421e-08,0.002929489695816301,0.05897994223050773,0.6337122917175293,0.001861325348727405,0.05649068653583526,3.215943688701372e-05,4.8533821245655415e-05,9.796972723914084e-17,0.034870075061917305,5.209821033477783,0.04743266320510884,0.943248701095581,0.8562324166297912,0.0003982242342317477,0.0,0.02887560985982418,0.0,0.08002561777830124,0.0018587538041174411,0.0015043874736875296,3.975834417246915e-09,3.620257800207583e-08,3.2767032465130794e-08,0.0026524672750383614,0.06321724429726601
200,0.6683845445513725,0.001850008779001655,0.05522309092339128,9.907688979637896e-05,4.273524484688096e-05,1.0310995304884428e-16,0.03858446056256071,4.533312499523163,0.06005770526826382,0.9251610338687897,0.8558642417192459,0.0004730540749733336,0.0,0.036916577781084925,0.0,0.07802534871734679,0.0022613630353589542,0.0014432969837798737,4.150551874415598e-09,3.502645995467901e-08,3.461900632828474e-08,0.003045789126190357,0.06345136556774378,0.6144616007804871,0.00152868572040461,0.046355973929166794,3.585710655897856e-05,3.302850345789921e-05,1.0364900374114212e-16,0.03603159952908754,5.730549335479736,0.04799533025434357,0.9607878208160401,0.8719331860542298,0.0005922804994042963,0.0,0.027656176313757896,0.0,0.06957398056983947,0.001998800132423639,0.0013835516758263112,4.031654743386071e-09,3.272564050860183e-08,3.4055361908258416e-08,0.0026326458901166916,0.05939058139920235
201,0.6558655127882957,0.0015235400351230055,0.04530431318562478,8.822031577437883e-05,4.01415140345307e-05,1.0337102407146551e-16,0.045070342312101275,4.771638125181198,0.04574553016573191,0.9206489771604538,0.8145318701863289,0.00045778226194670424,0.0,0.04011568031273782,0.0,0.07154735387302935,0.002515147141821217,0.001550326487631537,4.1358354241349815e-09,3.651075530797243e-08,3.346940502524376e-08,0.0032269992225337774,0.06875451817177236,0.592837929725647,0.0016378082218579948,0.04923453405499458,5.47337498574052e-05,4.776752975885756e-05,1.1266975110467872e-16,0.014839671179652214,5.526087379455566,0.04449085845044465,0.9322537779808044,0.8530797243118287,0.0005798429134301841,0.0,0.024977557361125946,0.0,0.07712028175592422,0.002238698280416429,0.001528499205596745,4.120786822880973e-09,3.605253198202263e-08,3.230654535002486e-08,0.0027890336699783803,0.05479206442832947
202,0.5991601087152958,0.001425799890057533,0.04245901195099577,8.449569065760443e-05,3.1556538317545346e-05,1.0267309621988818e-16,0.036002285429276526,4.692226260900497,0.042977168573997915,0.9491658844053745,0.8549176603555679,0.00034697439332376234,0.0,0.02758466819068417,0.0,0.06607916508801281,0.0022259487232076935,0.0013845263019902632,4.120898899895309e-09,3.512832336127758e-08,3.221794031560421e-08,0.00285014949622564,0.0573214003816247,0.6148302912712097,0.0017240317771211266,0.05193183720111847,3.5307066355017014e-05,6.556952212122269e-05,1.0557033122237701e-16,0.015527476370334626,5.342262935638428,0.04982940182089805,0.9823086500167847,0.8550386071205139,0.0007449267548508942,0.0,0.02615187708288431,0.0,0.07677331715822219,0.001793364528566599,0.0017720244592055678,4.065326653091006e-09,3.4200234466652543e-08,3.165979336472446e-08,0.002781454985961318,0.05394978374242783
203,0.5864279456436634,0.0012797606323147193,0.03785815753508359,6.675124586763559e-05,5.421022103746509e-05,1.0128469258687201e-16,0.02919755468610674,4.718934804201126,0.03567123506218195,0.9280778728425503,0.8236569240689278,0.0005370005492295604,0.0,0.02933784102788195,0.0,0.06068959832191467,0.0020863322788500227,0.0016355224288417958,4.107664153263357e-09,3.601599019020796e-08,3.300374373793602e-08,0.003011635926668532,0.060340493684634566,0.5829198718070984,0.0011533666343893855,0.03420389387756586,4.703577142208815e-05,5.6329073413508016e-05,9.882685708382421e-17,0.027542788814753295,5.231968402862549,0.03421308528595546,0.9394779205322266,0.8854223012924194,0.0004216892586555332,0.0,0.0271770641207695,0.0,0.05749939456582069,0.0020886547630652786,0.0016643408220261336,4.024709010508332e-09,3.439167315377745e-08,3.0071371170947714e-08,0.0031438049394637347,0.06305032894015312
204,0.5826311316341162,0.0012197492542327382,0.035700990236364305,0.00010962370129163901,3.112540429128785e-05,1.0132335624947366e-16,0.034826784569304436,4.545930624008179,0.034460325085092336,0.9027643352746964,0.8334376029670238,0.0005648088645102689,0.0,0.029895642248447984,0.0,0.05939576053060591,0.0023758305251249112,0.0013905785672250204,4.106246953572423e-09,3.6263372749090195e-08,3.338209353387356e-08,0.0031380698492284864,0.06293739844113588,0.6090327978134156,0.0012196488329209386,0.036526519991457465,4.694159943028353e-05,3.856482580886222e-05,9.884985402834216e-17,0.03927447060123086,4.912290477752686,0.03712006510404535,0.9378218412399292,0.8784112095832824,0.00044644691224675624,0.0,0.03136913161724806,0.0,0.05895286947488785,0.001764199137687683,0.0013967717299237848,3.968703765622195e-09,3.313956149497699e-08,3.275151030379675e-08,0.0025236378889530895,0.05436018109321594
205,0.6043929886072874,0.0013868116511730477,0.040786972153000534,8.546025844680116e-05,6.148566239971842e-05,1.004262792887502e-16,0.03292186389444396,4.429580092430115,0.04123548185452819,0.9098010174930096,0.8139557838439941,0.0005155944727448514,0.0,0.032710716885048896,0.0,0.06536590284667909,0.0022279861877905205,0.0015439962153322995,4.074253587282861e-09,3.553577698767185e-08,3.300374373793602e-08,0.0030359711672645062,0.06046716752462089,0.5345478296279907,0.0011807768139988184,0.034859322011470795,3.9350580482278016e-05,7.696676202613162e-05,1.0403376183998748e-16,0.01174481026828289,5.092241477966309,0.03324318994527857,0.9294482588768005,0.8708629488945008,0.0007185891678091139,0.0,0.018882185220718384,0.0,0.05983535498380661,0.001997789624147117,0.0014577160822227598,4.0834003289802466e-09,3.6901069933037436e-08,3.0852647370238626e-08,0.00273290011100471,0.04627673625946045
206,0.6079340223222971,0.0012358483691059519,0.036422105273231864,9.115165232742584e-05,3.4794660507486697e-05,1.0135062467195677e-16,0.03806822479236871,4.481029182672501,0.036387990694493055,0.9263119995594025,0.8498669341206551,0.0006267837088671513,0.0,0.03292828146368265,0.0,0.05946697806939483,0.0022343176824506372,0.0012958383449586108,4.10603762102113e-09,3.6307028494775295e-08,3.1956005841493607e-08,0.0028454674902604893,0.05887311510741711,0.6684653997421265,0.0015965681755915283,0.048435140401124954,2.1512931562028824e-05,4.9052001850213854e-05,1.0334312029155389e-16,0.04460922405123711,4.837686777114868,0.04671972393989563,0.9809212327003479,0.8908609986305237,0.0009864756488241256,0.0,0.0358895905315876,0.0,0.06867197751998902,0.0014729677233844996,0.0015063224360346793,4.041794188225367e-09,3.6021487659354535e-08,3.259111593933994e-08,0.0024206409696489574,0.06349810510873795
207,0.6289917249232531,0.0012744271880364977,0.037208607187494636,0.00010954800507079199,4.369431417217129e-05,1.0048077146596336e-16,0.04458877770230174,4.339227050542831,0.035296385700348765,0.9244214333593845,0.8138295896351337,0.0005652136933349539,0.0,0.038114310533273965,0.0,0.06286126794293523,0.0024918940325733274,0.0015196476233541034,4.097294628579995e-09,3.664172254502773e-08,3.2654497772455215e-08,0.003245267565944232,0.0670611746609211,0.6548359036445618,0.0014553655870258807,0.04297042638063431,8.784504098002799e-05,5.521553721337114e-05,1.0218094608929567e-16,0.0459451949223876,5.060286045074463,0.037554621793606205,0.9684352278709412,0.8890933156013489,0.00029147591849323364,0.0,0.03595555648207664,0.0,0.07092379778623581,0.0025588024873286486,0.001601880439557135,4.075222381771937e-09,3.765647633713343e-08,2.8555384901096658e-08,0.003146733995527029,0.061026328802108766
208,0.596367971971631,0.001441578129742993,0.04279620316810906,9.094170923162892e-05,3.523961407836396e-05,1.0246404782676133e-16,0.036435393150895834,4.279832482337952,0.04100585408741608,0.9263434819877148,0.8420763239264488,0.00043672766605595825,0.0,0.02839782857336104,0.0,0.06630132300779223,0.002286525101226289,0.001384462353598792,4.1418879576093914e-09,3.651075530797243e-08,3.313471097499132e-08,0.0029178776749176905,0.06034734263084829,0.6478091180324554,0.0017011700314469636,0.05097403302788735,6.263062605285085e-05,5.485206347657368e-05,1.0038190501935367e-16,0.02651625033468008,5.049963760375976,0.04687803467641061,0.9573334097862244,0.8567853808403015,0.0005560198856983334,0.0,0.03371667619794607,0.0,0.07499287202954293,0.0020755480509251356,0.0014405619353055955,4.0301527004515945e-09,3.763060618666714e-08,3.1763273966589625e-08,0.002769980393350124,0.06026098281145096
209,0.7288149036467075,0.0015568532362522092,0.045638388488441706,0.00011223939986848563,6.26980169045055e-05,1.0210056233172899e-16,0.06306041998323053,4.381014406681061,0.043718028580769897,0.9267123602330685,0.8198333606123924,0.0005256246931821806,0.0,0.053488111356273293,0.0,0.07197860116139054,0.0025857853252091445,0.0017316517114522867,4.056565500176745e-09,3.440072759985924e-08,3.189779818058014e-08,0.0035082846734439954,0.07653130916878581,0.6498276889324188,0.0019045569701120258,0.05660256072878837,5.317053874023259e-05,0.00010940983884211164,1.0675878594531277e-16,0.020566659979522228,5.035470867156983,0.06768331080675125,0.9094897150993347,0.7887987852096557,0.000791718577966094,0.0,0.03648963309824467,0.0,0.08213559538125992,0.0021511150524020197,0.0020051859552040695,4.104746231803347e-09,3.401396995172945e-08,3.042320422252942e-08,0.003380222013220191,0.06916494518518448
210,0.5909425634890795,0.0012032741051370976,0.035501719277817756,8.07524905894752e-05,3.923270401173795e-05,1.0248112869282024e-16,0.034761304093990475,4.337263107299805,0.0375403601792641,0.9591046012938023,0.8429922722280025,0.00040157440071197925,0.0,0.029021952184848487,0.0,0.058998564491048455,0.002204346725193318,0.0014091147531871684,4.117088503452493e-09,3.546301741153002e-08,3.258173819631338e-08,0.003011065346072428,0.06112321838736534,0.560498982667923,0.001484862744109705,0.044969973526895045,4.13666002714308e-05,2.935151060228236e-05,1.0663868196734804e-16,0.016036133095622063,4.7934887409210205,0.0484223452196602,0.9452971696853638,0.8611845970153809,0.00041861095814965665,0.0,0.0194628207013011,0.0,0.06534455269575119,0.0017057308694347739,0.0012174982810392975,4.0995421279887975e-09,3.258594212240951e-08,3.0216243374070474e-08,0.002358936471864581,0.048861843347549436
211,0.5820827130228281,0.0013824942870996892,0.04107123683206737,9.218439799951739e-05,2.6888049262652203e-05,1.0137651914744244e-16,0.03343264677096158,4.271722704172134,0.03877163806464523,0.9228977710008621,0.8457121402025223,0.000437438295193715,0.0,0.02637903654249385,0.0,0.06334418803453445,0.0022016151779098436,0.0012542704098450486,4.113522050763763e-09,3.6612618714571e-08,3.268360160291195e-08,0.0026794862060341984,0.055919414618983865,0.5665196597576141,0.0013283802662044763,0.04018974490463734,2.9937128056189975e-05,3.6065778294869234e-05,1.0286324568668778e-16,0.02439671065658331,4.539283561706543,0.03484764321001421,0.9607997417449952,0.8860539078712464,0.00033879885741043835,0.0,0.02084923256188631,0.0,0.06053274944424629,0.0016628669342026114,0.0012638497399166226,4.062475955635136e-09,3.6859677976508465e-08,3.0630164715717e-08,0.00221834690310061,0.04731347858905792
212,0.5305439978837967,0.0011161446309415624,0.0332366619259119,6.922619570559618e-05,2.169540502450218e-05,1.0352118961268777e-16,0.02462191181257367,4.284089639782906,0.036695026559755206,0.916415486484766,0.8109412528574467,0.0003190858715242939,0.0,0.021281607827404514,0.0,0.05448292358778417,0.0019619135273387656,0.0011553158874448854,4.156160027246614e-09,3.5710399970412254e-08,3.322202246636152e-08,0.0025185327904182486,0.05169724812731147,0.6005714297294616,0.0010282722883857786,0.03065146580338478,3.374363950570114e-05,4.7921217992552555e-05,1.0112994496136456e-16,0.035968012548983096,4.748621654510498,0.027232705017831906,0.9366702675819397,0.896729588508606,0.0002585734822787344,0.0,0.03164610899984836,0.0,0.052578176558017733,0.001665760506875813,0.0013957934454083443,4.045296853050217e-09,3.59076594236285e-08,3.0200721568007795e-08,0.0022854354698210954,0.04761768206954002
213,0.5314266923815012,0.0010843955024029128,0.03212246624752879,7.857295145186072e-05,2.101331051562738e-05,1.0134545231158648e-16,0.026355565642006695,4.218556523323059,0.03228263070923276,0.932529479265213,0.817489929497242,0.00026168819204031024,0.0,0.020992701611248776,0.0,0.055394826689735055,0.002000965003389865,0.0011952615786867682,4.111894491565238e-09,3.508466761559248e-08,3.2698153518140316e-08,0.0025443348931730725,0.052491661394014955,0.5188613533973694,0.0009596296586096287,0.028617196530103684,3.834056624327786e-05,3.708099447976565e-05,1.0007574893103555e-16,0.018456374667584895,4.849224948883057,0.024564740361074654,0.9304551959037781,0.85469970703125,0.00026660127914510665,0.0,0.018768188916146754,0.0,0.05205971375107765,0.0016738087171688676,0.0012567158322781325,4.017549981583102e-09,3.366731107234955e-08,3.1670141709128076e-08,0.002113310038112104,0.044230828434228896
214,0.5764169301837683,0.0011744148469006177,0.03498697269242257,6.161992837405705e-05,3.303919891095575e-05,1.0077797125619907e-16,0.03532103239558637,4.31607112288475,0.0345581948349718,0.8985341042280197,0.817765187472105,0.00036613479460356757,0.0,0.029772779962513596,0.0,0.05822598282247782,0.0019219058522139676,0.00132693246632698,4.101001024880979e-09,3.578315954655409e-08,3.2930984161794186e-08,0.0026153952057939023,0.057251979131251574,0.5232054769992829,0.0010757453099358826,0.03217017520219088,4.108086141059175e-05,3.744777386600617e-05,1.0183121147933028e-16,0.017113431170582772,4.711415386199951,0.02994069986134491,0.9283676743507385,0.8619644045829773,0.0003336315887281671,0.0,0.01801168955862522,0.0,0.05551180019974709,0.0017115586437284947,0.0013308510649949312,4.090092264874556e-09,3.406053608046022e-08,3.225997922129409e-08,0.002247510198503733,0.042971082776784894
215,0.5579429250210524,0.0011632466448645573,0.034567356342449784,7.421934230933402e-05,2.533339687715852e-05,1.0181048167143522e-16,0.030507587653119117,4.165465086698532,0.03453510196413845,0.9201176352798939,0.8468717746436596,0.0002913827433985716,0.0,0.024444839626085013,0.0,0.058155079605057836,0.0020100383699173108,0.0012160662081441842,4.133636169467714e-09,3.5943230614066124e-08,3.234890755265951e-08,0.0025290223784395494,0.048928762902505696,0.5737216114997864,0.0015307622263208032,0.04653795193880796,2.2208558584679848e-05,3.8836530802655036e-05,1.001702936898169e-16,0.01655882140621543,4.6613696098327635,0.044857751885137985,0.9823502182960511,0.8901526093482971,0.0005619394360110164,0.0,0.018868430331349374,0.0,0.06545627936720848,0.0013557411264628171,0.0012509419000707566,3.9676919083575514e-09,3.269977035813554e-08,3.4070884424863836e-08,0.0019789944402873517,0.0409884799271822
216,0.5358298160135746,0.0012619365479622502,0.03767876292113215,6.204456371960987e-05,3.4040192076645326e-05,1.0057681499329659e-16,0.02400074718752876,4.221569925546646,0.03844420413952321,0.912263784557581,0.8216164521872997,0.00039090944028430386,0.0,0.02029025598312728,0.0,0.059610841795802116,0.0018402587520540692,0.001381543894240167,4.087748750603026e-09,3.4095137380063534e-08,3.2843672670423985e-08,0.002533041850256268,0.0511175156570971,0.576978063583374,0.0012294539832510055,0.037115398049354556,3.1703969216323455e-05,3.480779159872327e-05,1.0381713051674923e-16,0.028041662741452457,4.648378086090088,0.032367895777815646,0.9590564489364624,0.8909054160118103,0.00037526876549236475,0.0,0.023922561109066008,0.0,0.05966643020510674,0.0015808003023266791,0.0012999285710975528,4.104459705445151e-09,3.48366384628207e-08,2.9879932483822816e-08,0.0021273541264235974,0.04303011223673821
217,0.5540974978357553,0.0011580270002014004,0.03440798487281427,6.96549943768332e-05,2.973520918203576e-05,1.0252358415134983e-16,0.0319590444851201,4.159258350729942,0.03206800983753055,0.9238234385848045,0.8405401892960072,0.0003038794429812697,0.0,0.023813182866433635,0.0,0.05761269433423877,0.0019709820553543977,0.0013064777158433571,4.115441071261827e-09,3.480818122625351e-08,3.3629476092755795e-08,0.0025606955896364525,0.05398467695340514,0.5849106550216675,0.0013751371647231282,0.041581259854137895,3.614420093072113e-05,3.37218671120354e-05,9.947346747737936e-17,0.034188483655452725,4.467726850509644,0.03534565769227811,0.9653478384017944,0.879509699344635,0.000228476885240525,0.0,0.02366118784993887,0.0,0.06595005691051484,0.0017323640640825033,0.0012677843915298581,4.023440869360684e-09,3.175292562218601e-08,2.991615062342135e-08,0.002215444575995207,0.04524288699030876
218,0.5562406033277512,0.0012178096658317372,0.03605575836263597,8.650432516787987e-05,2.658502319263789e-05,1.0132873292345525e-16,0.027260615024715662,4.211470037698746,0.03636335803497559,0.9217812120914459,0.8435630947351456,0.0003131285211566137,0.0,0.02366586693096906,0.0,0.05848322412930429,0.001941945985890925,0.0012696592748397961,4.117281154902841e-09,3.5710399970412254e-08,3.3032847568392754e-08,0.0024842170896590687,0.04851074912585318,0.5583507597446442,0.0011519471881911159,0.03448857888579369,3.321160620544106e-05,4.8240626529150174e-05,1.0476597417728555e-16,0.022819678485393523,4.902448844909668,0.03145477865946304,0.942068874835968,0.8658141732215882,0.000536217977060005,0.0,0.023110457602888344,0.0,0.05599461570382118,0.0015506258001551031,0.0013902330654673278,4.07268379021275e-09,3.526608125525854e-08,3.2161672791630734e-08,0.0021598539082333446,0.04487559869885445
219,0.5494750794023275,0.0012350945798971225,0.0367416997323744,6.867491833872919e-05,3.4407157556870516e-05,1.0201907552881547e-16,0.029148880363209173,4.196209669113159,0.03926336066797376,0.9017327055335045,0.8184623084962368,0.0004048003183925175,0.0,0.02373758898465894,0.0,0.05991225992329419,0.0018758231090032496,0.001266127157578012,4.109786538863958e-09,3.4182448871433735e-08,3.392051439732313e-08,0.0024941753581515513,0.053069288143888116,0.5566055297851562,0.0013482910813763737,0.04075693804770708,3.346188314026222e-05,3.587704559322446e-05,1.0422138890222717e-16,0.02615199675783515,4.4306817054748535,0.041427381189669175,0.9530863285064697,0.876505172252655,0.00046301516704261303,0.0,0.019209261052310467,0.0,0.06235581487417221,0.0014822720550000668,0.0012502455618232488,4.04870537096258e-09,3.142178890414016e-08,2.9781626409430827e-08,0.002056571585126221,0.04521694108843803
220,0.586459944024682,0.0012720184349745978,0.03773151931818575,8.466693327591202e-05,2.8736568935983087e-05,1.0295417095126278e-16,0.03387654907419346,4.231998026371002,0.03670179424807429,0.9311095997691154,0.8298499956727028,0.00041373403473699,0.0,0.028929838445037603,0.0,0.06135884881950915,0.0019471608829917386,0.0012552119078463875,4.109481338554488e-09,3.527384251356125e-08,3.2800016924738884e-08,0.002416513169009704,0.05277886847034097,0.5870378017425537,0.0012910763209220022,0.03882663212716579,4.2227334779454397e-05,3.755484467546921e-05,1.027967483063724e-16,0.02409079037606716,4.612078475952148,0.037714467477781,0.9557209730148315,0.8840466141700745,0.0006485740828793496,0.0,0.025751829147338867,0.0,0.06049032062292099,0.001537337014451623,0.0012062877416610719,4.0105806231593985e-09,3.440719495984013e-08,3.329995621470516e-08,0.0021263059694319963,0.04423113390803337
221,0.5950996950268745,0.0011193844529771013,0.032766194897703826,9.826424229686381e-05,3.071732794523996e-05,1.0357866129446734e-16,0.04122184030711651,4.27986615896225,0.03430807740369346,0.9036293365061283,0.834367960691452,0.0004188709626760101,0.0,0.03331338631687686,0.0,0.05594883160665631,0.002018357190536335,0.0011940038129978348,4.12897512014343e-09,3.4153345040977e-08,3.249442670494318e-08,0.0026142017522943206,0.05497294873930514,0.5560447752475739,0.0012870783684775233,0.03841320779174566,5.9723731101257724e-05,3.9357736022793687e-05,1.0179440922126106e-16,0.014032535813748836,4.625129318237304,0.03431774932250846,0.9403189182281494,0.8642330408096314,0.0006312552315648646,0.0,0.02156204413622618,0.0,0.06177195906639099,0.0019205806078389288,0.001205878600012511,4.009985588027121e-09,3.3967403822998674e-08,3.0614642554382956e-08,0.002309226617217064,0.041739335656166075
222,0.5883657950907946,0.0015637108299415559,0.046896737650968134,7.527959974140686e-05,2.9940275737772026e-05,1.014556691651255e-16,0.03306112950667739,4.436559274792671,0.04840231919661164,0.9055209644138813,0.819277860224247,0.000342645857926982,0.0,0.02690913312835619,0.0,0.06971632083877921,0.001913271153171081,0.001235349256603513,4.111488857705403e-09,3.5157427191734314e-08,3.3163814805448055e-08,0.002392470407357905,0.05099114356562495,0.5946078360080719,0.0017720913921948523,0.05398916807025671,3.020444346475415e-05,3.2840056155691856e-05,1.0360601946604692e-16,0.0274822186678648,4.603088760375977,0.054508470732616845,0.9419505834579468,0.8665441513061524,0.00029125825385563077,0.0,0.0220608726143837,0.0,0.0752372033894062,0.0013881333405151963,0.0012249640421941876,4.069101766646099e-09,3.405018844659935e-08,3.0614642554382956e-08,0.0018879749812185764,0.04488595426082611
223,0.5971356388181448,0.0014192702728905715,0.04234166524838656,8.75839573382109e-05,2.2796961928861492e-05,1.0528349377182893e-16,0.03374911891296506,4.615082263946533,0.0461837345501408,0.9131887964904308,0.845326766371727,0.0005297549014358083,0.0,0.029120570165105164,0.0,0.06461619911715388,0.0019075138989137486,0.0011230495292693377,4.177327816989873e-09,3.6307028494775295e-08,3.412424121052027e-08,0.0024227328613051213,0.05142376874573529,0.5879786729812622,0.0012450032867491246,0.036809501610696314,8.614703474449926e-05,3.2893064053496345e-05,1.0617654211481507e-16,0.028274973388761282,5.199448490142823,0.03458078098483384,0.951159131526947,0.8888141870498657,0.0006413104390958324,0.0,0.02649447098374367,0.0,0.058820135146379474,0.0017245887080207466,0.0012146183755248785,4.098987460565695e-09,3.308782154931578e-08,3.198575626583988e-08,0.0022522505838423966,0.04581539779901504
224,0.5262494795024395,0.0012746683605655562,0.037883670593146235,8.599482612225984e-05,2.2741895207900598e-05,1.0221525878187528e-16,0.02484486938919872,4.47920361161232,0.035646510077640414,0.9137529321014881,0.8119549751281738,0.00036416613238543505,0.0,0.01855979286483489,0.0,0.06268024002201855,0.0020305139405536465,0.0011740431109501515,4.122662627947804e-09,3.442983143031597e-08,3.365857992321253e-08,0.002365231885050889,0.047297547571361065,0.5763837695121765,0.0009415525535587221,0.028306084871292114,2.774830973066855e-05,3.1054626379045655e-05,1.1398224056785008e-16,0.029717063903808592,5.439393138885498,0.024970519993075868,0.9498924493789673,0.8759385943412781,0.0008327702293172478,0.0,0.028189844265580178,0.0,0.0509410984814167,0.0014986563706770538,0.0012011418351903559,4.173895717940468e-09,3.603183529321541e-08,2.8984828048805866e-08,0.0019452814012765884,0.04470461681485176
225,0.5700617879629135,0.0011905097780982032,0.03523609577678144,8.791561708676454e-05,2.3398315221356825e-05,1.0298247624464373e-16,0.032811734185088426,4.300702914595604,0.03569061047164723,0.8958977460861206,0.8303258754312992,0.0003771775764107588,0.0,0.028093811008147895,0.0,0.05909958016127348,0.0020071938051842153,0.0011376776710676495,4.136572723245635e-09,3.357126843184233e-08,3.3309333957731724e-08,0.002523435221519321,0.05290000094100833,0.5506907641887665,0.0010628552176058293,0.03143581580370665,7.286516483873129e-05,2.798113928292878e-05,1.0561976088880522e-16,0.02301824102178216,5.271445369720459,0.024014207019354215,0.9533041000366211,0.8802047729492187,0.0007416524749714881,0.0,0.021780907548964022,0.0,0.05814739465713501,0.0020956811495125294,0.0011919719632714986,4.109478624059193e-09,3.4645199775695803e-08,3.122517640008482e-08,0.0024194613564759494,0.0444971077144146
226,0.5256654787808657,0.0010250981722492725,0.03048012836370617,6.470950972925493e-05,2.18180887827657e-05,1.0329604717997278e-16,0.026783526787767187,4.264942020177841,0.029208666727754462,0.9351236931979656,0.8138966150581837,0.00042149212276854087,0.0,0.020550365530652925,0.0,0.05334381223656237,0.0019478813919704407,0.0010976926605508197,4.135440059838125e-09,3.565219230949879e-08,3.2378011383116245e-08,0.0024342232427443378,0.051515968749299645,0.5133836090564727,0.0009944047487806529,0.030021449737250804,3.261479723732918e-05,2.105841895172489e-05,1.0629794708244723e-16,0.021631776727735995,5.20980396270752,0.02250961421741522,0.9740976572036744,0.8556161999702454,0.0005624054116196931,0.0,0.015137133188545704,0.0,0.05116671323776245,0.0016857383074238897,0.0009144099312834442,4.068825276704047e-09,3.544717230852257e-08,3.0847473198036826e-08,0.0019161227392032743,0.04316784217953682
227,0.5628062319010496,0.0010132286697626114,0.02986140438588336,7.372957361440058e-05,2.9516056457623563e-05,1.0337520381510074e-16,0.035773018084000796,4.238534390926361,0.026733358798082918,0.9236040860414505,0.8327432200312614,0.00039787215609976556,0.0,0.02760622775531374,0.0,0.05166503577493131,0.0019902591811842285,0.0010962413507513702,4.129748501502384e-09,3.5841367207467556e-08,3.341119736433029e-08,0.002408625565294642,0.053717653499916196,0.5378881096839905,0.0009946247562766075,0.029948695003986357,3.4630551454029046e-05,2.4347611542907543e-05,1.0264028146867984e-16,0.030570462718605994,4.598623895645142,0.02168230360321104,0.9688536167144776,0.8707273721694946,0.0005344923119992018,0.0,0.0194459218531847,0.0,0.05539375618100166,0.001690996717661619,0.0010474821436218917,3.950756211068551e-09,3.4086406230926515e-08,3.242037394102226e-08,0.0020345105789601804,0.046895277500152585
228,0.5798000227659941,0.0013580506092694122,0.040603247471153736,6.59419912381054e-05,3.381275411129536e-05,1.013013503500476e-16,0.03376369542093016,4.245000779628754,0.038247547461651266,0.9086972251534462,0.8289349004626274,0.00042502436735958327,0.0,0.02735128317726776,0.0,0.06485904124565423,0.0018828654574463144,0.00129601974185789,4.0899120895554475e-09,3.5099219530820847e-08,3.231980372220278e-08,0.0024134648556355387,0.05308888596482575,0.5758091330528259,0.0011720111593604087,0.03524124436080456,3.068754558626097e-05,4.2052523713209664e-05,1.0281217886439121e-16,0.0306866068392992,4.556376552581787,0.026058411215490195,0.9605274558067322,0.8913580536842346,0.0004183729412034154,0.0,0.024347810819745064,0.0,0.05724038258194923,0.0015854534227401017,0.001301534241065383,3.991207453424294e-09,3.527642959966215e-08,3.1566661107262914e-08,0.002078426466323435,0.04449711591005325
229,0.5421132128685713,0.0010512606568227056,0.03131003910675645,6.44226259964853e-05,2.0846740255819896e-05,1.0242132436171327e-16,0.025652615120634437,4.197350576519966,0.031138811929849908,0.9210310317575932,0.8504095189273357,0.0006670408456557197,0.0,0.022640444920398295,0.0,0.052348359138704836,0.0020131985074840486,0.00102885671731201,4.12514424008581e-09,3.597233444452286e-08,3.236345946788788e-08,0.002412197551166173,0.0489658797159791,0.5865207552909851,0.001310911774635315,0.03919143546372652,5.65521877433639e-05,3.990307777712587e-05,1.0133147262836208e-16,0.025954115949571133,4.618049907684326,0.03067942611723993,0.9654208779335022,0.8778069972991943,0.0005222912703175097,0.0,0.02535725962370634,0.0,0.062413311749696734,0.001951744733378291,0.0012444021180272103,4.023575206346664e-09,3.421058245578479e-08,3.180466592311859e-08,0.002482086094096303,0.05020136833190918
230,0.5774958543479443,0.001274894650123315,0.03782771460828371,6.972079336264869e-05,4.321381570093763e-05,1.004878711571609e-16,0.026741314912214875,4.167787492275238,0.036534095561364666,0.9131666049361229,0.8178689181804657,0.00046752626440138556,0.0,0.02859378303401172,0.0,0.060063410783186555,0.0020178309569018893,0.0013143857941031456,4.079873869300421e-09,3.537570592015982e-08,3.323657438158989e-08,0.0027054336896981113,0.0573829710483551,0.6297640323638916,0.0013120480813086032,0.03940101247280836,3.45768919942202e-05,5.025488935643807e-05,1.0464401069730379e-16,0.03491506678983569,4.67264838218689,0.04035078177294053,0.9319529414176941,0.8875303745269776,0.0006761566968634724,0.0,0.034402492269873616,0.0,0.060637626051902774,0.0018085726303979754,0.0013879946433007716,4.076610871095454e-09,3.541095381365267e-08,3.219271711429883e-08,0.002523672254756093,0.05388069525361061
231,0.565072076395154,0.0011298682547931094,0.03310096444329247,8.95874700290733e-05,3.8742582546547055e-05,1.0026373333529986e-16,0.03045701142400503,4.089390799403191,0.03460331028327346,0.9071465097367764,0.8289644867181778,0.0005907507911615539,0.0,0.02770960656926036,0.0,0.05599452322348952,0.0022689777542836964,0.0012776319017575588,4.078297449749968e-09,3.6307028494775295e-08,3.298919182270765e-08,0.0028451184189179912,0.057534012012183666,0.5640407145023346,0.0012384521716739983,0.03704035859555006,5.48563664779067e-05,3.5254206704848914e-05,1.0400498918956044e-16,0.016218788083642723,4.812920665740966,0.03902473729212943,0.9251362442970276,0.8515194296836853,0.0007269259716849774,0.0,0.024661961384117602,0.0,0.06063791364431381,0.0020841942867264153,0.0012321315007284284,4.057773894672323e-09,3.486768243021743e-08,3.1163088465291365e-08,0.0026292312890291215,0.05213032588362694
232,0.5736008528620005,0.0010321178051526658,0.030069817730691284,9.677851403466775e-05,3.161046058153261e-05,1.0236592559454876e-16,0.039153039164375514,4.119853079319,0.024519932019757107,0.9156062677502632,0.8294425942003727,0.00040872990211937577,0.0,0.030040398181881756,0.0,0.05322198662906885,0.002305772592080757,0.001219068275531754,4.1571748821134236e-09,3.591412678360939e-08,3.392051439732313e-08,0.0027517147682374343,0.059160080505535007,0.5698606252670289,0.0011553427786566318,0.034197908081114295,6.052101743989624e-05,4.732693068945082e-05,1.0566461128336233e-16,0.022700349148362876,4.5409870624542235,0.026883309297227244,0.9155140280723572,0.8447493433952331,0.0003274348971899599,0.0,0.027559766080230474,0.0,0.05940694734454155,0.0020719505846500397,0.00139913372695446,4.128343533693623e-09,3.5685176413835504e-08,3.259629011154175e-08,0.0026439297944307327,0.053581321984529494
233,0.5901796165853739,0.001171857089502737,0.034471897524781525,9.554390146604419e-05,2.8167534082967904e-05,1.003200891504331e-16,0.03989599517080933,4.011824935674667,0.03440947667695582,0.9114068858325481,0.8400517292320728,0.0005086094970465638,0.0,0.031201973324641585,0.0,0.05765140801668167,0.002223097711976152,0.001237917287653545,4.063207020843507e-09,3.555032890290022e-08,3.351306077092886e-08,0.0028475487924879417,0.060662946198135614,0.5538556396961212,0.0010597668937407435,0.031461883895099164,6.496626228909008e-05,2.7759597287513316e-05,1.0123426368626384e-16,0.02334598209708929,4.565654516220093,0.032091705627317425,0.931458854675293,0.847227680683136,0.0008091763244010508,0.0,0.024642888456583023,0.0,0.05410968810319901,0.0018874195870012046,0.0012394706485792995,4.0287130076421814e-09,3.1727055826991093e-08,3.0997519573361386e-08,0.002449170546606183,0.0542526975274086
234,0.5686038415879011,0.0012048338394379243,0.03564596042269841,7.912409444088553e-05,3.446853878585898e-05,1.0245203220118338e-16,0.03007103383424692,4.106171220541,0.03460718656424433,0.9270120486617088,0.8086843565106392,0.0003935316617571516,0.0,0.02741554146632552,0.0,0.05721390759572387,0.001985695940675214,0.00127096796859405,4.118030499933312e-09,3.4735421650111675e-08,3.2378011383116245e-08,0.002587644659797661,0.054610615130513906,0.5646274089813232,0.0010164693929255008,0.030420757830142975,3.893177527061198e-05,3.372093233338092e-05,1.0243366763353184e-16,0.030942018982023,4.394926738739014,0.02932909861265216,0.9332893013954162,0.8634419202804565,0.0005260730686131865,0.0,0.026264158263802528,0.0,0.05165705159306526,0.0016549920896068216,0.0011790862772613764,4.03703830365032e-09,3.397775181213092e-08,3.1333830463609044e-08,0.0021329717943444847,0.04812146052718162
235,0.5632679648697376,0.0010451035104779294,0.030876974808052182,7.298311277281755e-05,2.8432539465939044e-05,1.0128537790600951e-16,0.031156281213043258,4.064094603061676,0.029240869189379737,0.9141755737364292,0.8500182442367077,0.0004868433898082003,0.0,0.027164811443071812,0.0,0.052458846708759665,0.0018669822820811532,0.00121147112804465,4.097870112684809e-09,3.507011570036411e-08,3.290188033133745e-08,0.002451897962600924,0.05476697417907417,0.5497402548789978,0.0011927661893423648,0.03575013689696789,3.560682271199767e-05,4.6100872168608475e-05,1.0373409349464973e-16,0.014058942068368196,4.511242485046386,0.031748764645271876,0.9284263253211975,0.8274986743927002,0.000575595407281071,0.0,0.023378836363554,0.0,0.05694483518600464,0.0015902452869340777,0.001300736190751195,4.123084629270579e-09,3.4614155453027705e-08,3.375526915760929e-08,0.0021289510186761618,0.04406731054186821
236,0.5782936085015535,0.0011664983285299968,0.034609892521984875,7.259782796609215e-05,3.083930849356875e-05,1.0126997911172622e-16,0.03476640384178609,4.066482409834862,0.03480964386835694,0.9163624458014965,0.8028616718947887,0.0005464673286041943,0.0,0.030249522533267736,0.0,0.05638757883571088,0.001952107559191063,0.0012215205024403986,4.098000605523566e-09,3.605964593589306e-08,3.3396645449101925e-08,0.002484294840542134,0.055380802834406495,0.6205530524253845,0.0009812346834223717,0.029178172722458838,3.517902514431626e-05,4.7494516911683605e-05,1.0613334740497204e-16,0.04563303831964731,4.400441360473633,0.022206735821509938,0.9578942060470581,0.9144834518432617,0.0003365051903529093,0.0,0.03441378232091665,0.0,0.050120715796947476,0.0015964078484103084,0.001271627435926348,4.128947583836862e-09,3.440719495984013e-08,3.415884251012358e-08,0.0021721658995375037,0.048899898305535316
237,0.5227043367922306,0.0010548875561653404,0.031272289576008916,7.148003669499303e-05,2.3801590089078672e-05,1.0386143133250737e-16,0.02168296600575559,3.9670501947402954,0.030465927760815248,0.9037259481847286,0.836852565407753,0.0003226883891329635,0.0,0.020225990476319566,0.0,0.05384985450655222,0.001812454363971483,0.0011386166370357387,4.1530918981624865e-09,3.576860763132572e-08,3.333843778818846e-08,0.002310467592906207,0.04619654011912644,0.5200212597846985,0.0011183613154571504,0.033824988082051276,2.6184220405411907e-05,3.0096554655756336e-05,1.0797714754873151e-16,0.01451726509258151,4.539415693283081,0.029655112260388704,0.9645532131195068,0.8464865684509277,0.0004291600838769227,0.0,0.016015281528234483,0.0,0.05434053465723991,0.0015319265192374587,0.0011665993952192366,4.1046885002060666e-09,3.3853575587272645e-08,2.9522925615310668e-08,0.0020038285525515675,0.04296173825860024
238,0.5654977727681398,0.0011861602051794762,0.035273542132927105,6.975578719448094e-05,3.007257464560098e-05,1.0312436294870526e-16,0.03701316111255437,3.9803608655929565,0.03785814351908812,0.914426289498806,0.8084600381553173,0.0005213840804572101,0.0,0.027171843219548464,0.0,0.05631506524514407,0.0018837727184290998,0.0011763522998080589,4.133281106266651e-09,3.499735612422228e-08,3.2188836485147476e-08,0.002440241863951087,0.05432148138061166,0.5772504806518555,0.0014564062003046274,0.043443968147039415,4.459076735656709e-05,6.905091850057943e-05,1.0381332813290945e-16,0.017767563462257385,4.4309474468231205,0.037985549082895885,0.9369592189788818,0.8378514766693115,0.00048073325597215445,0.0,0.024802440870553256,0.0,0.06557188630104065,0.001770562632009387,0.0015138299437239765,4.124970498509129e-09,3.3439654600897484e-08,3.0945779627700175e-08,0.00241385861299932,0.05232675671577454
239,0.5305181387811899,0.0010188892501901137,0.030086577928159386,7.255304990394507e-05,2.7379564187413052e-05,1.0381364014543651e-16,0.02839534732629545,4.044407695531845,0.027571050624828786,0.9036603569984436,0.8273126929998398,0.00036301385443948675,0.0,0.022398628934752196,0.0,0.053051421185955405,0.0020022680910187773,0.0011963259166805074,4.16387017920794e-09,3.523018676787615e-08,3.277091309428215e-08,0.0024647624522913247,0.04994330042973161,0.5433785438537597,0.0010663001157809049,0.03204627688974142,3.8153563218656926e-05,2.911481678893324e-05,1.0499928146167286e-16,0.02463272921741009,4.3993486881256105,0.027906727548770504,0.9522633910179138,0.8604046702384949,0.0005327569844666869,0.0,0.02098231054842472,0.0,0.05325362309813499,0.0016648621996864677,0.0011631546076387167,4.124558738993755e-09,3.457793766870054e-08,3.1318308657546365e-08,0.0021117689087986947,0.04591768980026245
240,0.5280524417757988,0.0011010760954377474,0.03270685131428763,7.050512294881628e-05,2.4595452401854345e-05,1.0400171909644483e-16,0.02753429493168369,3.97643181681633,0.030464263565647798,0.9002193324267864,0.8224631436169147,0.00034403702193230856,0.0,0.02119204873451963,0.0,0.05423230736050755,0.0019598394937929697,0.0011882849466928747,4.141243140076689e-09,3.6539859138429165e-08,3.245077095925808e-08,0.00246908232657006,0.050631264224648476,0.6154529809951782,0.0013785801245830953,0.04171193372458219,2.533146944188047e-05,4.29387015174143e-05,1.0066078929374818e-16,0.032320549339056016,4.213010787963867,0.04178183625917882,0.9522203087806702,0.8720857262611389,0.0005292742396704852,0.0,0.030594036728143693,0.0,0.060251617431640626,0.0013874540338292718,0.001305720047093928,4.006190845728952e-09,3.559721832857576e-08,3.156148729033248e-08,0.0020982917631044984,0.04871859475970268
241,0.5750684179365635,0.0012199422526464332,0.0366193656809628,5.976061379442399e-05,2.0162326080708226e-05,1.0192483360085638e-16,0.038090693356934935,3.860797941684723,0.03802400338463485,0.9310158863663673,0.8372772485017776,0.00039514171294285916,0.0,0.02670629121712409,0.0,0.05616603884845972,0.0018247726184199564,0.0010613623271638062,4.108159895599428e-09,3.479362931102514e-08,3.266904968768358e-08,0.0023310767064685933,0.05337441642768681,0.532816368341446,0.0011746822448913008,0.035526600852608684,2.8562048464664257e-05,3.067450361413648e-05,1.0623078266368589e-16,0.021132195368409157,4.334351491928101,0.034490488643405114,0.9307819366455078,0.8432794332504272,0.0004097944009117782,0.0,0.019089978747069837,0.0,0.05652147457003594,0.0016170389018952847,0.00113245511893183,4.0670670831133295e-09,3.44537610885709e-08,2.865369133076001e-08,0.002050071069970727,0.046190691739320756
242,0.6058242563158274,0.0014667920913780108,0.04363804031163454,8.568353223381564e-05,3.6484169385175846e-05,1.0129454430796752e-16,0.0395727880531922,3.879159525036812,0.041013663285411894,0.9061487019062042,0.8284829221665859,0.0003998956144641852,0.0,0.03125413283123635,0.0,0.0679434600751847,0.0021337666767067276,0.0013135912631696556,4.094413932898e-09,3.536115400493145e-08,3.336754161864519e-08,0.0027213331341044977,0.05968679883517325,0.5580842554569244,0.0012078302912414073,0.03595638647675514,6.477118149632588e-05,3.4318960388191044e-05,1.046794246154329e-16,0.03154372535645962,4.297947597503662,0.02831284240523928,0.936569082736969,0.8662703514099122,0.0003261521371314302,0.0,0.022468161303550005,0.0,0.061374515295028687,0.0019273696932941675,0.0012585363350808621,4.0766923170565406e-09,3.682863365384037e-08,3.091473530503208e-08,0.00226994208060205,0.04591056704521179
243,0.5507670361548662,0.001273295139981201,0.037877190741710365,7.85854570040101e-05,2.7745144848267955e-05,1.0310494488382557e-16,0.023554849933134392,3.8116531670093536,0.03994839347433299,0.9037864096462727,0.8266932740807533,0.00038030941686884034,0.0,0.023417070449795574,0.0,0.0616639016661793,0.0020200382205075584,0.001222720766236307,4.141507137234157e-09,3.569584805518389e-08,3.3483956940472126e-08,0.0025529010308673605,0.049414562759920955,0.5783491790294647,0.0011828702234197408,0.035262151062488555,4.278684900782537e-05,5.100156540720491e-05,1.0590826692808494e-16,0.019323688931763172,4.423029565811158,0.03326422804129834,0.9667642831802368,0.8779861330986023,0.0008267881639767438,0.0,0.02553165229037404,0.0,0.058991385996341704,0.0018669936573132873,0.0013997322414070368,4.14752250321726e-09,3.1545965128998435e-08,3.075951511277708e-08,0.0024978761561214925,0.046869322657585144
244,0.6561005301773548,0.001268689400603762,0.03675542352721095,0.00010312915719623561,6.846731719178933e-05,1.0189186342241094e-16,0.04173699620878324,3.735069513320923,0.03684812341816723,0.9372889176011086,0.85104064270854,0.0006588120704691391,0.0,0.04193286580266431,0.0,0.061785569647327065,0.002394652707153,0.0015430233033839613,4.125702890434013e-09,3.3993273973464966e-08,3.227614797651768e-08,0.003261939957155846,0.06732074380852282,0.646326619386673,0.001134939375333488,0.03349407073110342,3.613108783611097e-05,7.647226229892112e-05,1.0804578104026076e-16,0.04678348889574409,4.080745553970337,0.028549678532817778,0.9667774915695191,0.8938808798789978,0.00044076279737055303,0.0,0.038232570700347426,0.0,0.05466465726494789,0.0018634945619851351,0.001488488120958209,4.134314934844951e-09,3.459345947476322e-08,3.570069893044092e-08,0.0026304527651518582,0.055996422469615934
245,0.5417262632399797,0.0013332027265278157,0.03993445844389498,6.534837348226574e-05,2.7640056146083225e-05,1.0187743077508311e-16,0.024704526993446052,3.602849528193474,0.04183959367219359,0.9253618530929089,0.8410431109368801,0.00045499940824811347,0.0,0.01931238194811158,0.0,0.06110766576603055,0.0019917962490580976,0.0011386562873667572,4.106505357981405e-09,3.585591912269592e-08,3.1868694350123405e-08,0.0025633494879002683,0.05209599598310888,0.5313538670539856,0.0012924732349347324,0.03921278212219477,2.3612735458300448e-05,3.3313150379399306e-05,1.0675412329363594e-16,0.016085951868444682,4.009187841415406,0.03499845564183488,0.9616989254951477,0.8754660367965699,0.00047545802663080395,0.0,0.015035792719572783,0.0,0.059006471931934354,0.0015887591522186994,0.001166080276016146,4.095776162671427e-09,3.5607566672979374e-08,3.152009497853214e-08,0.002084065438248217,0.04309821426868439
246,0.5772514585405588,0.001381347992719384,0.04130182135850191,7.144026051264518e-05,2.9890818836975086e-05,1.0124070229471583e-16,0.03325040201889351,3.6319465190172195,0.03941930935252458,0.9208344034850597,0.8434229493141174,0.0004722949397546472,0.0,0.025622954475693405,0.0,0.06433818698860705,0.0021893780431128107,0.0011625922415987588,4.126238337121002e-09,3.6074197851121426e-08,3.329478204250336e-08,0.00258273993676994,0.05704240989871323,0.5786540985107422,0.0014359783264808357,0.04323432575911283,5.094135631225072e-05,3.445881011430174e-05,1.0289479634048403e-16,0.033487748727202414,4.052452850341797,0.03796209873580665,0.92904691696167,0.8508362889289856,0.00040796444518491625,0.0,0.024416783824563026,0.0,0.06744227930903435,0.0020476236240938306,0.0012589688878506422,4.091636540692889e-09,3.489355222541235e-08,2.935735707865206e-08,0.002498169615864754,0.053762242943048474
247,0.5555096920579672,0.0013386649334279355,0.03996215603547171,7.836854069864785e-05,2.4062013750381084e-05,1.013910266546157e-16,0.029094062600051984,3.594397708773613,0.04109759471612051,0.9003578871488571,0.8473398685455322,0.0005103799685457489,0.0,0.02263760261121206,0.0,0.062458627042360604,0.0021749441293650307,0.0010819882700161543,4.0894704567140394e-09,3.5986886359751225e-08,3.181048668920994e-08,0.002607728834846057,0.054202098865062,0.5717824459075928,0.001269567129202187,0.03839100319892168,3.4762635914376004e-05,2.9609238117700444e-05,1.0631667974547136e-16,0.027175280172377823,4.0542456150054935,0.03708275651315489,0.9491409301757813,0.884121835231781,0.00046024005860090256,0.0,0.023137768916785716,0.0,0.058075721561908725,0.0016970663797110318,0.0010901240282692015,4.140259424190163e-09,3.770821592752327e-08,3.235311147875564e-08,0.0021716888062655927,0.047621601074934
248,0.5435644928365946,0.0012498166051955195,0.03708077722694725,9.214247756972327e-05,1.875996213129838e-05,1.0232072844587886e-16,0.026601312682032585,3.684245243668556,0.03886876272736117,0.9007589519023895,0.8258667252957821,0.0003896006328432122,0.0,0.02236821490805596,0.0,0.06091942870989442,0.0022872615518281236,0.001035495621181326,4.133023673302816e-09,3.425520844757557e-08,3.271270543336868e-08,0.0025677397425170057,0.05227755266241729,0.5236859679222107,0.00105808824300766,0.03175430819392204,3.318942872283514e-05,3.657225424831267e-05,1.0565576640650842e-16,0.015775580424815416,4.0662308692932125,0.024334456052929453,0.960312831401825,0.8439565539360047,0.0004076256038388237,0.0,0.017957305861636998,0.0,0.051617395132780075,0.001750882831402123,0.0011015043477527798,4.112756002427886e-09,3.626466593686928e-08,2.9781626409430827e-08,0.0021207194775342943,0.045263688266277316
249,0.5268246177583933,0.0009867491880868329,0.029315415711607784,6.024772017099167e-05,2.4672816891779803e-05,1.0317106804763184e-16,0.023469789186492562,3.6389798372983932,0.0288050755916629,0.9211938194930553,0.8251621872186661,0.0003933548396162223,0.0,0.021624660264933482,0.0,0.05047274427488446,0.0017734067660057917,0.0010768105057650246,4.119489360743245e-09,3.467721398919821e-08,3.2610842026770115e-08,0.0022416827487177216,0.04819722776301205,0.5623340606689453,0.0010557666304521264,0.0315344313159585,4.463752266019583e-05,3.498462829156779e-05,1.0452938596371659e-16,0.028055611811578274,4.182766437530518,0.02451751580592827,0.9585382580757141,0.8835018992424011,0.0002457175374729559,0.0,0.023751411586999893,0.0,0.05610356703400612,0.0018254389287903905,0.0012538868933916092,4.132593289796205e-09,3.353796103056084e-08,3.1261394539683354e-08,0.0021730410400778053,0.04617936983704567
250,0.5772313438355923,0.0011804968453361653,0.034739365335553885,8.185933086224395e-05,4.187649517461978e-05,1.0129120580701525e-16,0.029328148812055588,3.619287833571434,0.0338728083006572,0.9174912385642529,0.8467943333089352,0.00041700802648847457,0.0,0.028498949483036995,0.0,0.05765983136370778,0.0019652526898426004,0.0013579562109953258,4.104276557503894e-09,3.4327968023717403e-08,3.3251126296818256e-08,0.002640466977027245,0.057825791416689754,0.6721564888954162,0.0014519744203425945,0.04314259123057127,5.785554167232476e-05,6.671908049611374e-05,1.0359818705826278e-16,0.04827413354068995,4.009662008285522,0.0442851786488518,0.9358461141586304,0.8870666980743408,0.0003581794793717563,0.0,0.040784438326954844,0.0,0.06813290491700172,0.0019013305427506566,0.0016890521394088865,4.022046873330965e-09,3.310334335537846e-08,3.195988647064496e-08,0.002788930432870984,0.06081659272313118
251,0.5976733230054379,0.001343608513707295,0.03959741105791181,0.00010627111055327987,3.069239889441633e-05,1.0153602976163502e-16,0.03755575622199103,3.564713701605797,0.04336267872713506,0.9065722897648811,0.8207275569438934,0.0003379713389222161,0.0,0.031679423758760095,0.0,0.06169824721291661,0.0020484840861172415,0.001235370189533569,4.1028994091085735e-09,3.592867869883776e-08,3.296008799225092e-08,0.002647815621457994,0.05512918205931783,0.54035764336586,0.001130802888656035,0.033478460274636745,7.524106549681165e-05,2.985423579957569e-05,1.1043167300584013e-16,0.017540815006941556,4.252118873596191,0.03156265298530343,0.9619498491287232,0.8670523762702942,0.0005971256701741368,0.0,0.01941426806151867,0.0,0.05449133440852165,0.0016884051961824297,0.001138249598443508,4.073740900167877e-09,2.96367538510367e-08,3.372422554548393e-08,0.002183606056496501,0.045441550016403195
252,0.5739167667925358,0.001059913633071119,0.03124764293897897,8.01343439889024e-05,2.7177655681498436e-05,1.0336023804986812e-16,0.03714630426838994,3.636519894003868,0.029812368273269385,0.9163361378014088,0.8123023584485054,0.00046089560055406764,0.0,0.030406272795516998,0.0,0.05280112742912024,0.0020268552761990577,0.0011521807027747855,4.122888475066588e-09,3.5885022953152657e-08,3.253808245062828e-08,0.002514139356208034,0.05769298714585602,0.5746893525123596,0.0011873029230628162,0.03561161626130342,2.8762395231751725e-05,5.088924262963701e-05,1.0343293887118735e-16,0.022887648455798625,4.050668811798095,0.030619906152605837,0.9720751404762268,0.880090081691742,0.0006855139043182134,0.0,0.02432360704988241,0.0,0.057562632113695146,0.0017046021297574044,0.0013721638591960073,4.018892241219874e-09,3.409675457533012e-08,3.074916712364484e-08,0.002462636772543192,0.05638128593564033
253,0.539531160145998,0.0012196524257888086,0.03638294246047735,5.8708955407382746e-05,3.637660711319768e-05,1.0263381423977865e-16,0.027784483070718125,3.5474619269371033,0.03583763656206429,0.9314911626279354,0.8459860943257809,0.0003812492441284121,0.0,0.01982316083740443,0.0,0.057261524721980095,0.0018718880892265588,0.001207842600706499,4.121737451345808e-09,3.5521225072443485e-08,3.3309333957731724e-08,0.002494875472621061,0.05154660530388355,0.5565020024776459,0.001235027814982459,0.0373231178149581,3.54836207407061e-05,2.8699293216050138e-05,1.0934328728468858e-16,0.02925015687942505,3.954487705230713,0.03157011669300118,0.9466538429260254,0.857291042804718,0.0003587264101952314,0.0,0.02168257161974907,0.0,0.058289209753274916,0.0016083284746855498,0.0011115928180515766,4.102108430714679e-09,3.594905138015747e-08,3.217202078076298e-08,0.0020202140090987085,0.04458984360098839
254,0.5077290032058954,0.000977292582319933,0.028982484189327806,6.739956984347373e-05,2.01728159652248e-05,1.0380955263243958e-16,0.022903121018316597,3.5204979479312897,0.028472403588239104,0.9125927127897739,0.8325367011129856,0.00037966822310409043,0.0,0.018039627582766116,0.0,0.050757986260578036,0.0020222758903400972,0.0010915460261458065,4.158768329709517e-09,3.4036929719150066e-08,3.322202246636152e-08,0.002496860528481193,0.05039730272255838,0.5409796118736268,0.0011151224724017083,0.03370425645262003,3.127485215372872e-05,2.636114204506157e-05,1.0842961931426497e-16,0.021147829480469227,3.826116609573364,0.031693689544772495,0.9642763733863831,0.8846363425254822,0.00041879895725287496,0.0,0.018598237074911594,0.0,0.05574888736009598,0.0017213510582223535,0.0012204775586724282,4.149969878852744e-09,3.7076986814099655e-08,3.1696011504322995e-08,0.0022760472260415555,0.04936710745096207
255,0.602941969409585,0.0015061802914715372,0.04523071274161339,6.21050837708026e-05,3.528673221353529e-05,1.0295735270148896e-16,0.03448785684304312,3.716336339712143,0.049212600803002715,0.9031946808099747,0.8155539855360985,0.0004487140704441117,0.0,0.030821045336779207,0.0,0.06868242798373103,0.002160884498152882,0.0014262345321185421,4.14296340289777e-09,3.591412678360939e-08,3.3396645449101925e-08,0.002966229716548696,0.06482487404718995,0.581202483177185,0.0019664639607071877,0.059645519405603406,4.3026661296607925e-05,4.4631217315327375e-05,1.0327401299096978e-16,0.011629407946020364,3.816864538192749,0.0658339075744152,0.9370681405067444,0.8522660613059998,0.0005538648692891002,0.0,0.018517661932855846,0.0,0.08519463390111923,0.0020335838431492447,0.0014516442082822324,4.0647077703681586e-09,3.459345947476322e-08,3.0247287696738566e-08,0.002617200091481209,0.0491264708340168
256,0.5903678685426712,0.0014399564497580286,0.04322873672936112,6.667639650004276e-05,2.731790678467405e-05,1.0379042118564214e-16,0.034687455714447424,3.642239883542061,0.04436448559863493,0.9506758973002434,0.8315929025411606,0.0004429047694429755,0.0,0.02663488357211463,0.0,0.0650832827668637,0.0020847518753726035,0.001228317396453349,4.141618367703437e-09,3.616150934249163e-08,3.226159606128931e-08,0.0026482229586690664,0.057751091197133064,0.6074084758758544,0.001704476261511445,0.05182284563779831,2.2079534028307533e-05,4.564826758723939e-05,1.0608463904003798e-16,0.0155833107419312,4.072743225097656,0.059038280695676806,0.982291328907013,0.8579980254173278,0.0007270487840287387,0.0,0.02475728467106819,0.0,0.07203967869281769,0.0015256827929988504,0.0013407962862402201,4.151151600240155e-09,3.418988683279167e-08,3.301021109791691e-08,0.0022623379714787006,0.05065313950181007
257,0.5695277210325003,0.0015812437632121146,0.04759464843664318,6.501167194983282e-05,2.9915588129370008e-05,1.0195514273927125e-16,0.02705849031917751,3.5977805256843567,0.05347711790818721,0.9086508490145206,0.8216152563691139,0.0004474599663808476,0.0,0.02299517422216013,0.0,0.06841111555695534,0.0019113119051326066,0.0012584993928612676,4.133479170054244e-09,3.578315954655409e-08,3.243621904402971e-08,0.0025086766108870506,0.05244861007668078,0.606857180595398,0.0012954448931850493,0.03858591392636299,6.811552921135445e-05,3.6742900738317986e-05,1.0037934803864415e-16,0.027734071761369706,4.334388589859008,0.041633684997214,0.9426024317741394,0.8781453371047974,0.0009836609999183566,0.0,0.030435813963413237,0.0,0.05972653776407242,0.0020569300977513194,0.0012775700306519866,4.040998202725632e-09,3.225480504909228e-08,2.8964132070541383e-08,0.002626875415444374,0.053462611883878706
258,0.5715196616947651,0.001416631417669123,0.042240202077664435,9.261022137252439e-05,1.908131889649667e-05,1.0200714510284062e-16,0.029850145860109478,3.526369661092758,0.047265931381843984,0.9079917334020138,0.8381059542298317,0.0005145271625224268,0.0,0.024898387549910694,0.0,0.06423496059142053,0.002165789672289975,0.0011139822672703303,4.129560721155556e-09,3.5797711461782455e-08,3.328023012727499e-08,0.002684626029804349,0.05587910581380129,0.5862819492816925,0.001601164013845846,0.04831673633307219,5.3793903862242584e-05,3.416239451325964e-05,9.764153373581532e-17,0.025999521464109422,4.003216648101807,0.05028480603650678,0.9643726944923401,0.8654098391532898,0.00030459481931757184,0.0,0.022068591974675655,0.0,0.06908421590924263,0.0018340519163757563,0.0011709507089108229,3.967982831198924e-09,3.3346522343435935e-08,3.231689333915711e-08,0.002275774162262678,0.04924234673380852
259,0.5873149372637272,0.0017660813755355775,0.053332257899455726,6.349306329411775e-05,3.0924592920200666e-05,1.0353517889120727e-16,0.02971531788352877,3.533264249563217,0.0565210513304919,0.9166106842458248,0.8222135752439499,0.00042361584746686276,0.0,0.02375494604348205,0.0,0.07392607536166906,0.0018334227133891545,0.0012080281594535336,4.130387490364207e-09,3.600143827497959e-08,3.272725734859705e-08,0.002406788436928764,0.051807822892442346,0.5815859079360962,0.0015454064472578467,0.04698224235326052,3.244413092033938e-05,2.9246432859508786e-05,1.0558839155299924e-16,0.023354694060981274,3.9429242610931396,0.046435670268692775,0.9464548707008362,0.892787492275238,0.0007372817024588584,0.0,0.021443636156618595,0.0,0.0679468885064125,0.0017217584885656835,0.0011635072994977235,4.0738277640173236e-09,3.4355455014178916e-08,3.1318308657546365e-08,0.0022480149753391744,0.04659790098667145
260,0.5848984569311142,0.0017495219071861356,0.05262342724017799,8.336426662935992e-05,2.4085876077606372e-05,1.0349894176293255e-16,0.028489469696069136,3.5761399418115616,0.055203884723596275,0.9361513592302799,0.81294846534729,0.0005257909760985058,0.0,0.023199060437036678,0.0,0.07618210837244987,0.0022265225488808937,0.0011248297851125244,4.1387410998350305e-09,3.472086973488331e-08,3.2974639907479286e-08,0.002649404363182839,0.05538658518344164,0.6012078523635864,0.0019113589311018585,0.057885145768523216,5.245999345788732e-05,3.867198574880604e-05,1.0361264749885918e-16,0.015916631557047367,4.01560525894165,0.055702287930762394,0.9903100252151489,0.8639384508132935,0.0007156833657063544,0.0,0.02052417751401663,0.0,0.07833705991506576,0.0019055749988183379,0.0011140708811581135,4.105343265337069e-09,3.5400606179791796e-08,2.861747319116148e-08,0.002320806961506605,0.047426733374595645
261,0.5653126426041126,0.00184524359065108,0.05600118939764798,6.054806294741866e-05,1.9542610260714355e-05,1.0418075117309367e-16,0.024682023882633075,3.435514897108078,0.06460388959385455,0.911571379750967,0.8320394046604633,0.00048000515562307555,0.0,0.018218545359559357,0.0,0.07650138810276985,0.002046025481831748,0.00100617371572298,4.137626657962912e-09,3.578315954655409e-08,3.183959051966667e-08,0.0023989721958059818,0.04909173399209976,0.5875129342079163,0.0019411484361626207,0.05898691341280937,5.0623233255464585e-05,2.8622688114410265e-05,1.0332389264365121e-16,0.026058768667280675,3.8318836212158205,0.06043026204861235,0.9370911002159119,0.8695008993148804,0.0003896925045410171,0.0,0.0188350860029459,0.0,0.08081887662410736,0.002039219718426466,0.0011199554428458214,4.017221755248101e-09,3.397775181213092e-08,2.962123204497402e-08,0.0023307632189244034,0.046449169516563416
262,0.5815611258149147,0.0019761721850954928,0.05998547258786857,6.34419927791896e-05,2.1615819434828154e-05,1.0059721781669551e-16,0.02457022009184584,3.474419265985489,0.06634661345742643,0.9095136411488056,0.8342243768274784,0.0003587946393963648,0.0,0.019824944844003767,0.0,0.08210847899317741,0.002067677916784305,0.001060817394318292,4.093733088628149e-09,3.578315954655409e-08,3.2610842026770115e-08,0.0024629966355860233,0.051162824500352144,0.6151110410690308,0.0020046051358804107,0.06112985163927078,3.186440080753528e-05,3.566244686226128e-05,1.0203693857686161e-16,0.02409664262086153,4.156187343597412,0.06056595201334858,0.9689862728118896,0.8707734942436218,0.00045041739358566704,0.0,0.022169182263314723,0.0,0.08212199509143829,0.0017765559256076812,0.0011348406551405787,4.049841839659507e-09,3.652336673098944e-08,3.217719495296478e-08,0.002106138435192406,0.04603123441338539
263,0.5769889801740646,0.0016050886315497337,0.048019003588706255,9.04860855825973e-05,2.5430196842535224e-05,1.0173831719402517e-16,0.028367649094434455,3.529844492673874,0.05200811977556441,0.8968757800757885,0.8118166960775852,0.0005802301111543784,0.0,0.025149116496322677,0.0,0.06973577348981053,0.002152342989575118,0.0010908404256042559,4.103257122967108e-09,3.557943273335695e-08,3.3120159059762955e-08,0.0025697076198412105,0.0543875761795789,0.6095107734203339,0.0015817587729543448,0.046679824218153955,0.00011479569875518791,4.21842578361975e-05,1.0246034784788138e-16,0.022494287882000207,4.158490180969238,0.049059011705685406,0.9381231307983399,0.8326805233955383,0.000562752375844866,0.0,0.02984841149300337,0.0,0.0704168550670147,0.0022830922156572343,0.001154006680008024,4.0373147047745306e-09,3.5685176413835504e-08,3.180466592311859e-08,0.002677878737449646,0.05368542373180389
264,0.6006243228912354,0.0014542451935994904,0.04301380680408329,0.00011509476939863816,2.2758260740829428e-05,1.0339932233381125e-16,0.03700071916682646,3.568645626306534,0.04554797010496259,0.9038587734103203,0.8230059817433357,0.0005041032654844457,0.0,0.03089458285830915,0.0,0.06786246877163649,0.0024252523508039303,0.0010844999924302101,4.156894717333159e-09,3.491004463285208e-08,3.360037226229906e-08,0.0028026052023051307,0.056229844223707914,0.62575204372406,0.0014013180276378988,0.041302386298775674,0.0001044971479132073,3.806776130659273e-05,9.977518723063624e-17,0.025856562703847886,4.466020107269287,0.03825132788624615,0.9272291421890259,0.8453072667121887,0.0011311945505440234,0.0,0.03511512614786625,0.0,0.06790366396307945,0.002402955503202975,0.0013177920365706087,3.969849915463897e-09,3.55247820493787e-08,2.9398749390452394e-08,0.0028291204711422325,0.061030493676662446
265,0.5966520886868238,0.0014192503949743696,0.04206960741430521,0.00010058512134492048,2.789188170027046e-05,1.0292776982765192e-16,0.0394926976878196,3.5869125574827194,0.04103650664910674,0.903932761400938,0.8134623542428017,0.00041709727520355955,0.0,0.030807121249381453,0.0,0.06605807179585099,0.0022864039783598855,0.0012446795153664425,4.1275365070259085e-09,3.525929059833288e-08,3.341119736433029e-08,0.002679765661014244,0.05598704796284437,0.5526364088058472,0.0010345045069698245,0.031080867163836956,3.925702003471088e-05,2.66610921244137e-05,1.0305247152361541e-16,0.025925332307815553,4.55798192024231,0.03100281885199365,0.9565800428390503,0.8737452745437622,0.0005761744745541364,0.0,0.022404859960079192,0.0,0.05128957778215408,0.0019370520254597067,0.0010929627576842904,4.034679745856806e-09,3.2472113886683474e-08,3.198575626583988e-08,0.0024210327304899693,0.05170203223824501
266,0.5273825917392969,0.0011086570302722976,0.03305451525375247,6.916177369475918e-05,1.8428363034672657e-05,1.0218316334692761e-16,0.025547461409587413,3.480542466044426,0.03593466049642302,0.9207378327846527,0.8311015143990517,0.00040589653690403793,0.0,0.01987393293529749,0.0,0.05309090157970786,0.0020671313322964124,0.0010345161390432622,4.126836539164458e-09,3.5288394428789616e-08,3.314926289021969e-08,0.002631550538353622,0.05213834415189922,0.53829345703125,0.001124858239199966,0.03387734964489937,3.6394067137734964e-05,2.9822936267009936e-05,1.0432826593132495e-16,0.015991816623136403,4.112328243255615,0.03321916204295121,0.962251353263855,0.8645123243331909,0.00045718039618805053,0.0,0.019008761923760175,0.0,0.05521145761013031,0.0018012854270637035,0.0010901514324359596,4.065488390381233e-09,3.451584973390709e-08,3.251867966014288e-08,0.002219048235565424,0.04335470125079155
267,0.5962633900344372,0.0010912158177234232,0.032115364680066705,8.56980934713647e-05,2.8456905113216635e-05,1.0145803366090648e-16,0.04491886927280575,3.4446694552898407,0.03198086947668344,0.9173247739672661,0.8406727723777294,0.0005786275050922995,0.0,0.033051314880140126,0.0,0.05390066048130393,0.002268750627990812,0.0011686125362757593,4.1070473133508756e-09,3.530294634401798e-08,3.456079866737127e-08,0.0027594648126978427,0.06008023954927921,0.6046919107437134,0.0012223471305333078,0.03636342212557793,6.462070523411967e-05,3.7335270826588383e-05,9.907471745303654e-17,0.042997243255376814,3.8103362560272216,0.028775663976557554,0.9558139443397522,0.8732558965682984,0.0004889462143182755,0.0,0.030206256359815598,0.0,0.06152946129441261,0.002116593881510198,0.0012887902092188596,3.986276952971934e-09,3.581970133836876e-08,3.031972397593563e-08,0.002722391905263066,0.06285804808139801
268,0.5232111848890781,0.0011204101338080363,0.03351939644198865,6.332252110041736e-05,1.7565313498835167e-05,1.0303909386244084e-16,0.026187943323748186,3.4615049958229065,0.03347472086898051,0.918269157409668,0.8219587989151478,0.00048562588563072495,0.0,0.019316997902933508,0.0,0.055700486060231924,0.0020943069393979385,0.0009904644612106495,4.122243185689101e-09,3.600143827497959e-08,3.373133949935436e-08,0.002455423236824572,0.049530118238180876,0.5717979729175567,0.0010951408767141402,0.0327952042222023,4.66353703814093e-05,3.0308844543469604e-05,1.0471909355063298e-16,0.02762661371380091,3.7836477756500244,0.028857209022680762,0.9912873148918152,0.9013308525085449,0.0008300866349600256,0.0,0.02315078563988209,0.0,0.053808660805225374,0.0018870390485972166,0.0011161003960296512,4.104118112024935e-09,3.66009771823883e-08,3.0340419954200115e-08,0.002357598929665983,0.049580617994070056
269,0.5258997976779938,0.001096118556233705,0.03253779365331866,7.782519037391467e-05,1.8300366775747534e-05,1.0079977863227811e-16,0.024614102148916572,3.414989620447159,0.03330506496695307,0.911223754286766,0.8267808631062508,0.0006341442494885996,0.0,0.020412137237144634,0.0,0.05452910449821502,0.002215599233750254,0.0010028921788034495,4.1051141791426105e-09,3.563764039427042e-08,3.370223566889763e-08,0.0025351728254463524,0.05032588355243206,0.579063457250595,0.0013414754066616297,0.04014530200511217,5.7075127551797776e-05,3.895399822795298e-05,1.0683485876839907e-16,0.028539940621703862,3.9092124462127686,0.03870863514166558,0.9214539647102356,0.8554874539375306,0.00048556147958151997,0.0,0.026088379323482513,0.0,0.06291719451546669,0.002059226296842098,0.0013099547242745758,4.0715426141701984e-09,3.437097717551296e-08,3.286016472259234e-08,0.002538839727640152,0.051354271918535234
270,0.5174378603696823,0.0012517327086243313,0.03765658114571124,5.92480986369992e-05,1.7227371159833638e-05,1.0395423892928429e-16,0.022233529802178964,3.466170057654381,0.03903884458122775,0.9088016860187054,0.8325031474232674,0.00046820695388305467,0.0,0.016540071956114843,0.0,0.058812329545617104,0.0018998705854755826,0.001074381623766385,4.142174214738503e-09,3.467721398919821e-08,3.249442670494318e-08,0.002350720256799832,0.0472881100140512,0.5554269134998322,0.0015340039739385248,0.04663350060582161,2.5137495322269386e-05,3.623737720772624e-05,1.0021107038529331e-16,0.015630164183676243,3.7543872833251952,0.05180078744888306,0.9610963463783264,0.8489316701889038,0.0005129578930791467,0.0,0.01781970849260688,0.0,0.06754866689443588,0.0015331067377701401,0.0012248381040990352,3.987125873905484e-09,3.345517640696016e-08,3.0676730844447774e-08,0.0021331198513507843,0.0445705458521843
271,0.5995038282126188,0.0013696849091502372,0.04079701332375407,7.280372938112123e-05,3.807751102158363e-05,1.02006741852292e-16,0.03499048051889986,3.411131903529167,0.041243205894716084,0.9162574373185635,0.8304064460098743,0.0005628421677101869,0.0,0.030935932125430554,0.0,0.06281777820549905,0.0020898133516311646,0.0013990380393806845,4.114147661438139e-09,3.480818122625351e-08,3.3352989703416824e-08,0.0028769379132427275,0.06387603748589754,0.5817391157150269,0.0012615224695764482,0.03737855926156044,8.122548642859328e-05,3.40172689902829e-05,1.0381475750100794e-16,0.028909542318433522,3.838102674484253,0.037719668544013985,0.9556200385093689,0.8748693585395813,0.0005695120373275131,0.0,0.02561192847788334,0.0,0.05892134010791779,0.0019856210332363845,0.0012419028440490364,4.065788683504934e-09,3.386392393167625e-08,3.0806081241507854e-08,0.0025532192084938288,0.051816362887620926
272,0.5343117117881775,0.0010579989784673671,0.031531495769741014,6.555706272592943e-05,1.8874469390084414e-05,1.015617401894344e-16,0.0326081583625637,3.3745304495096207,0.030044300799204393,0.9129195511341095,0.83220549300313,0.0005124093804624863,0.0,0.021943217667285353,0.0,0.05456927779596299,0.002108750843035523,0.0011388205530238338,4.093443806141295e-09,3.514287527650595e-08,3.268360160291195e-08,0.0025243616983061656,0.053621496772393584,0.5806497097015381,0.0013332491915207356,0.040299773961305616,3.72373266145587e-05,3.149274325551232e-05,1.0171694408776772e-16,0.03620995208621025,3.832335948944092,0.03437594530187198,0.9727236986160278,0.8797948122024536,0.0008157999836839736,0.0,0.023067694529891013,0.0,0.06569321751594544,0.0019556359853595494,0.0012309516780078412,4.008477727523996e-09,3.3962229650796874e-08,3.227032721042633e-08,0.0025984757114201782,0.06218167170882225
273,0.5594418607652187,0.0015134603308979422,0.04524051561020315,8.661891638439556e-05,2.516460091328554e-05,1.0235088869178346e-16,0.025630540389101952,3.3052142709493637,0.047464192379266024,0.9066321328282356,0.8242725543677807,0.0005315172493283171,0.0,0.022081747418269515,0.0,0.07217017491348088,0.0022310807689791545,0.001297549664741382,4.1275751427871654e-09,3.470631781965494e-08,3.3483956940472126e-08,0.0028100997587898746,0.0530906175263226,0.5604618072509766,0.0013354578521102666,0.0401773352175951,5.410321828094311e-05,2.735387515713228e-05,9.986240250744587e-17,0.019916704390197992,3.690059041976929,0.040087728574872014,0.9816161632537842,0.9000168085098267,0.0005017822375521063,0.0,0.01854342520236969,0.0,0.06871581599116325,0.00222631236538291,0.0012123659951612353,4.080686899499142e-09,3.799796104431152e-08,3.12458723783493e-08,0.002710589487105608,0.04789260104298591
274,0.5069284942001104,0.0012021089642075822,0.03617657395079732,5.28216636439538e-05,1.976523600433211e-05,1.0353341410137039e-16,0.017682371340924874,3.3072604089975357,0.03775796666741371,0.927940770983696,0.8369462043046951,0.0005127583299326943,0.0,0.01432258720160462,0.0,0.05892695323564112,0.00191352644469589,0.0011871507922478486,4.1371834430536936e-09,3.4924596548080444e-08,3.456079866737127e-08,0.0023657176352571696,0.04655569139868021,0.5938726902008057,0.0017740104580298067,0.053718355298042295,3.400241766939871e-05,5.1062116835964846e-05,1.0671767705410236e-16,0.027715948503464462,3.5669374465942383,0.0581295557320118,0.9455176711082458,0.8724225163459778,0.0004678102966863662,0.0,0.021802106499671937,0.0,0.07655636295676231,0.001769244228489697,0.0015425945399329065,4.160677136155755e-09,3.6580281204123824e-08,3.2394503435284604e-08,0.0024523607455193995,0.049874499440193176
275,0.5501890014857054,0.001265867380425334,0.03760504338424653,7.690668007853674e-05,3.2216244107985403e-05,1.0056097779328865e-16,0.03265661874320358,3.3404957354068756,0.03476532589411363,0.9070549570024014,0.8219693563878536,0.0004447489463927923,0.0,0.023250724334502593,0.0,0.06061742804013193,0.0021284956092131324,0.0013363096659304574,4.091436189845865e-09,3.474997356534004e-08,3.313471097499132e-08,0.002686452389752958,0.054792165756225586,0.5535004794597626,0.001444026455283165,0.043539727479219435,5.149976022948977e-05,3.017301351064816e-05,1.0330323695113904e-16,0.02335432404652238,3.408215951919556,0.04320753812789917,0.9425157904624939,0.8513984203338623,0.00033988619106821715,0.0,0.019184147007763386,0.0,0.06709617227315903,0.0018250807654112578,0.0012881787726655603,4.0818604496450915e-09,3.8991371553720457e-08,3.15097469893999e-08,0.002289421623572707,0.05011126846075058
276,0.5980741772800684,0.0012852966683567502,0.03808183257933706,8.097503416593099e-05,3.651584188446577e-05,1.0192739703357469e-16,0.03596931041101925,3.17958627641201,0.03730023221578449,0.9063591845333576,0.8183397129178047,0.0005087212957732845,0.0,0.03267922025406733,0.0,0.06063398870173842,0.0020692865800810978,0.001309964991378365,4.102366002456392e-09,3.489549271762371e-08,3.3352989703416824e-08,0.0027750730369007215,0.059619375970214605,0.5670402646064758,0.0011511635617353021,0.03401884976774454,7.554572803201154e-05,3.560226941772271e-05,1.0543449096043906e-16,0.02606724752113223,3.468408298492432,0.028113067708909513,0.9518210172653199,0.8744682431221008,0.0006258375564357266,0.0,0.024488691426813602,0.0,0.05744501203298569,0.0020472668576985596,0.0012548184255138039,4.039397571986569e-09,3.57162207365036e-08,3.409675457533012e-08,0.0025664954911917446,0.04654377773404121
277,0.5096709951758385,0.001006350852549076,0.029772407782729715,7.70943540828739e-05,1.78701807840298e-05,1.0352376628029587e-16,0.023189729923615232,3.208724468946457,0.03039247909327969,0.9040738977491856,0.8162354417145252,0.0004076742425240809,0.0,0.019130179076455534,0.0,0.051307514775544405,0.0019462031923467293,0.0011131621395179536,4.1347913981582e-09,3.4458935260772705e-08,3.278546500951052e-08,0.00245657934283372,0.04741002433001995,0.5578587651252747,0.00132095335284248,0.039924205467104915,3.649529717222322e-05,3.1861213938100266e-05,1.0111099921661465e-16,0.022965060267597436,3.4152745723724367,0.038016426277681606,0.9524097323417664,0.8682503342628479,0.0002531290025217459,0.0,0.020524590834975244,0.0,0.06494540944695473,0.0017932733753696084,0.001294180005788803,4.017414578783019e-09,3.37656175020129e-08,3.123552438921706e-08,0.0022538268938660623,0.04621156081557274
278,0.5283051021397114,0.0009295385316363536,0.027423210558481514,6.795626973143953e-05,2.4875967710613622e-05,1.0241578969623468e-16,0.028264781372854486,3.189248874783516,0.024478541381540708,0.9194230102002621,0.8389348275959492,0.0004538570938166231,0.0,0.022149210650241002,0.0,0.05027058976702392,0.0020471342795644887,0.0012393004471960012,4.110084980690765e-09,3.4313416108489037e-08,3.262539394199848e-08,0.002593036617327016,0.05424149404279888,0.5443834841251374,0.0011279200087301433,0.0333522591739893,8.015402345336042e-05,2.739694045885699e-05,1.0482902122182985e-16,0.02012180369347334,3.4777005195617674,0.030131493567023427,0.962300431728363,0.8790887713432312,0.0008567453682189807,0.0,0.019835778698325156,0.0,0.05406159162521362,0.0018366771982982755,0.001147693581879139,4.032838019085716e-09,3.291707884045536e-08,3.21254546520322e-08,0.002328445529565215,0.04698603078722954
279,0.511807020753622,0.0011014837873517536,0.03255133313359693,8.668645796205965e-05,1.9624506705895328e-05,1.0073524282806734e-16,0.0192617405555211,3.228412851691246,0.032707282958654105,0.9181956648826599,0.8187899962067604,0.00046095080506347585,0.0,0.017888702859636396,0.0,0.05431022634729743,0.0020646499324357137,0.0011265534449194092,4.1020065261188066e-09,3.546301741153002e-08,3.298919182270765e-08,0.0026038414798676968,0.05021118535660207,0.5328160643577575,0.0012312263366766273,0.03690100330859423,5.5336597142741084e-05,2.913092939706985e-05,1.0528414658276836e-16,0.01680879071354866,3.544713020324707,0.03488333684654208,0.9503443479537964,0.8667701482772827,0.0003403273352887481,0.0,0.01713505070656538,0.0,0.05922611951828003,0.001952481479384005,0.0011838648468255996,4.059773051068305e-09,3.7056290125292436e-08,3.1649445375592224e-08,0.0023971238639205693,0.04443094581365585
280,0.5403489302843809,0.0010585941308818292,0.03138939070049673,7.451138287706272e-05,2.062383816792135e-05,1.0197889026747703e-16,0.028960236144484952,3.234034150838852,0.03260139690246433,0.9041103981435299,0.841806635260582,0.00040131159039447084,0.0,0.02332637063227594,0.0,0.052143165143206716,0.0019889262766810134,0.0010952504053420853,4.124777908121047e-09,3.569584805518389e-08,3.220338840037584e-08,0.002503824398445431,0.05111023620702326,0.5545097351074219,0.0011606219108216465,0.034797332249581814,5.001368626835756e-05,2.8782782828784546e-05,1.0711556813409711e-16,0.027871239557862283,3.5157913684844972,0.029503699150518516,0.9517110347747803,0.8637125492095947,0.0007392514700768516,0.0,0.022006116434931756,0.0,0.05548100247979164,0.0018394824583083391,0.0011315666371956468,4.1153705332419575e-09,3.392601186646971e-08,3.2973993313589745e-08,0.0022666714154183864,0.04793830811977386
281,0.5292088463902473,0.0010279185307808802,0.030403856857446954,7.471748904208653e-05,2.272363386168763e-05,1.0297486080633426e-16,0.027090658521046862,3.188906967639923,0.02922046935623257,0.9202913902699947,0.8159254528582096,0.0004634567376342602,0.0,0.02200308526516892,0.0,0.05094803718384355,0.001982862020668108,0.0011512354722071905,4.145502774388632e-09,3.5201082937419415e-08,3.263994585722685e-08,0.002561573521234095,0.053521691588684916,0.5326883375644684,0.0012343674781732262,0.037004368379712105,5.6482633954146874e-05,2.758547125267796e-05,1.0058896751726591e-16,0.016991561464965343,3.4828023433685305,0.03376836755778641,0.9504030466079711,0.8783381462097168,0.0006114510091720149,0.0,0.016613258235156535,0.0,0.0566838800907135,0.0017253994010388851,0.0010992300347425043,3.985000640582825e-09,3.558169652251308e-08,3.3206823957243614e-08,0.002178049855865538,0.04207217916846275
282,0.5157643929123878,0.0010338871361454949,0.0307754366658628,6.807048509926972e-05,1.6933775981442523e-05,1.0433652086296598e-16,0.023852461716160178,3.2225363105535507,0.03083479928318411,0.9139429107308388,0.8199119232594967,0.00045548064008471556,0.0,0.019365667569218203,0.0,0.05078654456883669,0.0018737481441348791,0.001050506325555034,4.1695249475282026e-09,3.5201082937419415e-08,3.434251993894577e-08,0.002354179297981318,0.05060042557306588,0.5402154803276062,0.0012670254101976753,0.03824162296950817,3.831861940852832e-05,3.0759138826397245e-05,9.888198834077862e-17,0.02157401153817773,3.455329704284668,0.03367189518394298,0.9452532291412353,0.8692856311798096,0.00034630522422958166,0.0,0.018013813346624375,0.0,0.059097052365541455,0.0017019401537254452,0.001150150434114039,3.955591587612162e-09,3.5421302158056275e-08,3.136487478627714e-08,0.0021624837769195437,0.04412868916988373
283,0.5181098338216543,0.0012975124882359523,0.039063340169377625,5.9876942714254255e-05,1.7426198439807195e-05,1.0187273983382933e-16,0.020600639283657074,3.2099884748458862,0.04266642429865897,0.9024268127977848,0.8278917819261551,0.0003091802846029168,0.0,0.01662551358458586,0.0,0.060071155428886414,0.001762872314429842,0.001068126341124298,4.100586814548279e-09,3.6074197851121426e-08,3.2843672670423985e-08,0.002201600364060141,0.04417691961862147,0.6031649947166443,0.0019246343756094575,0.05862747132778168,3.372529536136426e-05,3.53544299287023e-05,9.955111789932991e-17,0.02864731103181839,3.5320568084716797,0.06465421020984649,0.9405561923980713,0.877234423160553,0.0003087161108851433,0.0,0.021580437570810317,0.0,0.07990875244140624,0.0015778569970279932,0.0012812043074518441,4.0108896204316125e-09,3.5079816740335444e-08,3.0857821187169066e-08,0.0021129386499524117,0.04345496594905853
284,0.5343130175024271,0.0012749133675242774,0.03823013848159462,6.170779784042679e-05,2.443730238610442e-05,1.0151844886489582e-16,0.025237410445697606,3.207212448120117,0.03855771973030642,0.9045877531170845,0.8361069671809673,0.00035640131682157516,0.0,0.019644130225060508,0.0,0.06037982017733157,0.0018417941755615175,0.001164239594800165,4.098442751843123e-09,3.502645995467901e-08,3.400782588869333e-08,0.002357411452976521,0.04839791217818856,0.5364316582679749,0.00124034047476016,0.03750638719648123,3.525014362821821e-05,2.769438851828454e-05,1.0281239856356191e-16,0.019230508524924517,3.5332598209381105,0.03326579411150306,0.9509425640106202,0.8708936214447022,0.0007322211691644043,0.0,0.01733908336609602,0.0,0.05743598416447639,0.001573422527872026,0.0010899414774030447,4.056428482002161e-09,3.643023447352789e-08,3.3232694107709906e-08,0.0020010676002129913,0.04143247380852699
285,0.5243368819355965,0.0011271842668065801,0.03363171825185418,6.585262940461689e-05,2.1546971765928902e-05,1.0260341866098977e-16,0.026411218801513314,3.1913718432188034,0.032909180445130914,0.900906153023243,0.821218878030777,0.0005154160371603211,0.0,0.020270126027753577,0.0,0.054511031601578,0.0018978082225658,0.0010651934753695969,4.11877758288437e-09,3.563764039427042e-08,3.377499524503946e-08,0.0023497897273045965,0.04922740557231009,0.6100085735321045,0.0011263582564424723,0.03361108750104904,4.705162427853793e-05,4.001640845672227e-05,1.0584006886443014e-16,0.042926784977316855,3.586804437637329,0.029476781336416024,0.9572966694831848,0.8855000853538513,0.0005692596751032397,0.0,0.03187955003231764,0.0,0.05387005656957626,0.0017026466084644198,0.0011932071764022111,4.054795299524017e-09,3.446410943297451e-08,3.0247287696738566e-08,0.0022519274847581983,0.05115749314427376
286,0.5315043460577726,0.0011435394808358978,0.03403548407368362,7.075653968513507e-05,2.352620361989466e-05,1.0544036940218023e-16,0.02485602517845109,3.17550091445446,0.03519284620415419,0.9010918661952019,0.8293381780385971,0.0003700536453834502,0.0,0.021252094040391967,0.0,0.05443525640293956,0.0017703145058476366,0.0010924588714260608,4.158653504893195e-09,3.5244738683104515e-08,3.310560714453459e-08,0.0022462486376753077,0.04482153570279479,0.5842578053474426,0.0017285594018176197,0.052511373162269594,2.8733888757415117e-05,4.2864064016612244e-05,1.0301276288374593e-16,0.021986565832048655,3.486598587036133,0.05418220981955528,0.9428741574287415,0.8702417850494385,0.0006103707069996745,0.0,0.02084585018455982,0.0,0.07378158420324325,0.0015039331978186966,0.0013675208436325192,4.021005128862498e-09,3.438649898157564e-08,3.3574178814888e-08,0.0021739438408985732,0.04378409683704376
287,0.5386810880154371,0.001288090177695267,0.03861833631526679,5.6705355063968454e-05,3.079192453014912e-05,1.0137136084914256e-16,0.01946980261709541,3.1280734688043594,0.04144946672022343,0.9185159616172314,0.8164427131414413,0.00037494368552870583,0.0,0.020806515240110457,0.0,0.05903852335177362,0.0017600993523956276,0.0012046098745486233,4.097913106071438e-09,3.412424121052027e-08,3.285822458565235e-08,0.0023978392709977925,0.049055211013183,0.541072028875351,0.0013669383362866939,0.04144648034125566,3.1857536305324176e-05,3.0049666565901135e-05,1.0754896312947162e-16,0.018006758065894246,3.365585136413574,0.04171799685136648,0.9480251908302307,0.8773319721221924,0.000330100953578949,0.0,0.016530969087034462,0.0,0.06129494234919548,0.0015855937032029032,0.0011573808384127914,4.025105315719202e-09,3.382253161987592e-08,3.0014457053084696e-08,0.0021598193095996978,0.042152668535709384
288,0.5248439759016037,0.0011658498879114632,0.03473059617681429,7.151872375743551e-05,2.2531309696205426e-05,1.0202284995395055e-16,0.01961147808469832,3.115544781088829,0.03589188901241869,0.9106588028371334,0.8314084485173225,0.0003212725014236639,0.0,0.019387781794648618,0.0,0.056815843912772834,0.0019329921633470803,0.0011153945633850526,4.127761479844061e-09,3.6394339986145496e-08,3.266904968768358e-08,0.0024307274507009424,0.04669348162133247,0.5918898582458496,0.0012689727591350675,0.03778830636292696,6.473752291640267e-05,3.858594063785858e-05,1.0512154007969718e-16,0.03249982027336955,3.485607862472534,0.03569072504469659,0.9413520216941833,0.8807087302207947,0.000643476762343198,0.0,0.027759531140327455,0.0,0.059157463163137435,0.001912936521694064,0.0012719618855044246,4.030859157566624e-09,3.722185866195105e-08,3.0583598586986224e-08,0.002504304191097617,0.05108684226870537
289,0.5138241313397884,0.0010074684250866994,0.030005956767126918,6.37695882232947e-05,1.7934774319883218e-05,1.037569766191154e-16,0.028983436874113977,3.157080739736557,0.029687338566873223,0.9069475121796131,0.8344099633395672,0.0003801797638516291,0.0,0.01881141765625216,0.0,0.05169866932556033,0.001971316960407421,0.0010815700261446182,4.1443391357587345e-09,3.525929059833288e-08,3.2101524993777275e-08,0.0024319700605701655,0.05125305918045342,0.5723488450050354,0.0012228138744831084,0.03681750409305096,3.773187818296719e-05,3.4916629556391857e-05,1.0098803782594192e-16,0.029860273562371732,3.4150859832763674,0.030879581495537423,0.9485453486442565,0.8584365010261535,0.00042644299392122773,0.0,0.025024177879095076,0.0,0.05746250003576279,0.001603920035995543,0.0011794150806963444,3.998149189499145e-09,3.694763606176821e-08,3.152526915073395e-08,0.0021228655241429806,0.046367686986923215
290,0.5293389931321144,0.0011596563563216478,0.0346612500725314,7.037908926577074e-05,1.5494096771817567e-05,1.0258061205073077e-16,0.029239534313092008,3.1081963032484055,0.03680655756033957,0.9187464118003845,0.7998193576931953,0.0003560156783350976,0.0,0.020862328325165436,0.0,0.05530714686028659,0.0016885492441360839,0.0010077438673761208,4.133246855886341e-09,3.64816514775157e-08,3.3527612686157227e-08,0.0020789088448509574,0.04558879998512566,0.5896867990493775,0.001287160493666306,0.03895656932145357,2.663216037035454e-05,3.639481910795439e-05,1.057702918784221e-16,0.033941463101655245,3.419967794418335,0.037348556919187106,0.9475399613380432,0.8760905861854553,0.000322366357431747,0.0,0.026730487868189812,0.0,0.0613130196928978,0.0015332815004512669,0.00120591982267797,4.066383407774765e-09,3.453137153996977e-08,3.254972398281098e-08,0.002057962049730122,0.04754825532436371
291,0.5562606044113636,0.0013370641354413237,0.039992221747525036,7.65039510497445e-05,2.0613875278741034e-05,1.0185866163339398e-16,0.028077665949240327,3.1013427823781967,0.042825408396311104,0.9106944464147091,0.854822862893343,0.00029798593823215924,0.0,0.02218953732517548,0.0,0.06252212543040514,0.0020262309262761846,0.00112182184602716,4.127405556220154e-09,3.508466761559248e-08,3.3396645449101925e-08,0.002501512717572041,0.0493661689106375,0.5550325691699982,0.0013334488146938383,0.04001764785498381,5.341368305380456e-05,3.4537249121058267e-05,1.0947380315045965e-16,0.019492029398679733,3.4235700607299804,0.036703070565272354,0.9339858293533325,0.8675691366195679,0.0002684504535864107,0.0,0.020833769999444484,0.0,0.06282401308417321,0.0020337364170700313,0.0012448285473510624,4.166662925797482e-09,3.51781231699988e-08,2.991615062342135e-08,0.002508549066260457,0.04907658249139786
292,0.5074589680880308,0.0009618766089261044,0.028473329497501254,7.221927774025971e-05,1.7437020176203077e-05,1.03650042018247e-16,0.02208459927351214,3.0444993525743484,0.02800118096638471,0.9076799675822258,0.8096869923174381,0.00037361812064773403,0.0,0.019435641006566584,0.0,0.049309734953567386,0.0019302185392007232,0.001023170039843535,4.149762866667572e-09,3.68308974429965e-08,3.39787220582366e-08,0.002337839854590129,0.04842363437637687,0.539305305480957,0.0011046445870306343,0.03319581598043442,3.9241418198798784e-05,3.063622552872403e-05,1.05604356800566e-16,0.022020413354039193,3.378760290145874,0.02991624460701132,0.9530855894088746,0.8677381753921509,0.00034832716337405143,0.0,0.019666157849133014,0.0,0.05529291555285454,0.0016301502706483006,0.001114067924208939,4.067804937335495e-09,3.67872416973114e-08,3.331547802076784e-08,0.0020890176529064775,0.043520013242959975
293,0.536844540387392,0.0009798803257581312,0.029064923990517855,6.401374639608548e-05,2.3410687447267264e-05,1.0264140279471821e-16,0.030542034161044285,3.02085343003273,0.028206008108099923,0.9206170476973057,0.8278767429292202,0.0005388355275499634,0.0,0.023488520411774516,0.0,0.04966264823451638,0.0019254122526035644,0.0010561212911852635,4.134933742627744e-09,3.540480975061655e-08,3.3483956940472126e-08,0.0023915131896501407,0.050084966933354735,0.5507362484931946,0.0010491438792087139,0.030942306108772754,6.793654247303494e-05,3.74738905520644e-05,1.0168717220316071e-16,0.024501179438084365,3.322579336166382,0.025204766966635362,0.9467018127441407,0.8676706552505493,0.0005770022398792207,0.0,0.023077443614602088,0.0,0.052579480409622195,0.0019305419642478227,0.0011855042423121632,4.0260473621600564e-09,3.500220664420795e-08,3.1861580396252974e-08,0.0023466926533728836,0.0475180983543396
294,0.5832730401307344,0.0010567512872512452,0.03114214527886361,7.887971651143744e-05,2.8929933733934377e-05,1.0116256764123468e-16,0.038602320390054956,3.0148787647485733,0.02814546274021268,0.9283642619848251,0.8365869969129562,0.0003354650289111305,0.0,0.030953114241128787,0.0,0.0522893734741956,0.0018968729564221576,0.0012054450417053886,4.0840149595489095e-09,3.568129613995552e-08,3.306195139884949e-08,0.002580586435215082,0.059043297078460455,0.5288283586502075,0.0009852393588516862,0.02963756900280714,3.05292007396929e-05,2.979403161589289e-05,1.0271282322316726e-16,0.019928506528958678,3.365655708312988,0.026924575861630728,0.9550333619117737,0.87855384349823,0.0005097447632579133,0.0,0.018620394729077817,0.0,0.04974019303917885,0.0014678888255730271,0.0010678622289560734,4.003065656732474e-09,3.4924596548080444e-08,3.041803005032762e-08,0.0019088410306721925,0.03959809988737106
295,0.4944058582186699,0.000838574922454427,0.024899040930904448,5.895257140764443e-05,1.4166208075039322e-05,1.0202314112152617e-16,0.020850637753028423,3.044660732150078,0.02388342365156859,0.9179846718907356,0.8327473513782024,0.00034154459717683494,0.0,0.01703593741694931,0.0,0.045382715412415564,0.0018762777108349837,0.0009394975677423645,4.1297362474157495e-09,3.646709956228733e-08,3.170862328261137e-08,0.0022263615537667647,0.043149389675818384,0.5317629933357239,0.0010073972749523818,0.030323804169893265,3.138671672786586e-05,2.8980773822695483e-05,1.000557682179032e-16,0.022512948513031004,3.462165927886963,0.024276292522699805,0.9538110971450806,0.878187096118927,0.00045430717000272125,0.0,0.018896866030991076,0.0,0.05149624571204185,0.0016039891866967081,0.0010926588205620647,3.998278064187844e-09,3.258594212240951e-08,3.160805341906325e-08,0.0019972577691078188,0.041624902933835986
296,0.4911522697657347,0.000827716239655274,0.024618297000415623,5.0109787935070926e-05,1.9283931578684133e-05,1.0226363561281984e-16,0.02378547133412212,2.9979366213083267,0.022594536683754995,0.9070696122944355,0.8313549607992172,0.0004196143454464618,0.0,0.016895262233447284,0.0,0.045337343006394804,0.0017844338653958403,0.0010509500789339654,4.08513331495719e-09,3.461900632828474e-08,3.268360160291195e-08,0.0022384896510629915,0.04740728798788041,0.6216530323028564,0.0011633361224085092,0.03471978846937418,3.954749190597795e-05,5.002793150197249e-05,1.109534042731904e-16,0.04183791317045689,3.2869711399078367,0.029479845803871287,0.9459703445434571,0.8960312247276306,0.000235471356427297,0.0,0.03389954101294279,0.0,0.0570778451859951,0.001619300153106451,0.0013602213701233267,4.184690283182136e-09,3.387427156553713e-08,2.9176266735930767e-08,0.0022429083241149784,0.04916304349899292
297,0.49054533429443836,0.0009857882560027065,0.029250686638988554,6.811470746015402e-05,1.9135247896429064e-05,1.0228584830739903e-16,0.020802247105166316,3.0248176008462906,0.028882337850518525,0.9024283513426781,0.8211057521402836,0.00038550662065972574,0.0,0.015536682010861114,0.0,0.04974684119224548,0.0018138890081900172,0.001043457701598527,4.122367378012193e-09,3.565219230949879e-08,3.3251126296818256e-08,0.0022164824986248277,0.04322699969634414,0.5325287163257599,0.0011187013005837798,0.03311709277331829,7.150455276132562e-05,3.267199881520355e-05,1.0509671274991976e-16,0.019213124923408032,3.3061656951904297,0.026793940088828093,0.9468484401702881,0.8651764273643494,0.0006645799905527384,0.0,0.01884318459779024,0.0,0.0547559879720211,0.001804660726338625,0.0011492585414089262,4.145124599119754e-09,3.004032720355099e-08,3.2782554626464846e-08,0.002233017049729824,0.04329789504408836
298,0.484432952478528,0.0008477068258798681,0.025053451128769666,6.340061872833758e-05,1.8296806956641376e-05,1.0130065345038153e-16,0.019230990059440956,2.9395239800214767,0.02245728176785633,0.9015829041600227,0.8328474946320057,0.00036938765424565645,0.0,0.01572934669093229,0.0,0.045061587588861585,0.0017628348141442984,0.0010370076015533414,4.100605827117576e-09,3.458990249782801e-08,3.263994585722685e-08,0.002172163061914034,0.04492242564447224,0.5334074199199677,0.001106950780376792,0.033176857978105545,3.606392456276808e-05,3.98438622141839e-05,1.0010084095860898e-16,0.01804192364215851,3.2062798500061036,0.024093874578284158,0.9378331065177917,0.8734320878982544,0.00024815090728225186,0.0,0.019129906594753266,0.0,0.05451469123363495,0.0016040432034060358,0.0012050971505232154,4.006261455913318e-09,3.398809980126316e-08,3.1333830463609044e-08,0.0020424388349056244,0.03950327709317207
299,0.5067349709570408,0.0012201934951008298,0.036630013142712414,6.117692623774929e-05,1.8555497319994174e-05,1.0160752380915859e-16,0.018319573253393173,2.9904826879501343,0.03994206595234573,0.9006863236427307,0.8175213225185871,0.0003002391322297626,0.0,0.01598633850517217,0.0,0.056684320559725165,0.001664832372625824,0.0010656834238034207,4.077168935801012e-09,3.3673131838440895e-08,3.199966158717871e-08,0.002125429266015999,0.04394371097441763,0.5838235974311828,0.0014308770885691046,0.04331608712673187,3.0371977845788934e-05,3.903511860698927e-05,1.0364000931003346e-16,0.025197349628433584,3.3781572341918946,0.046100955456495285,0.9414682149887085,0.8880098700523377,0.00021991251851432024,0.0,0.023824052512645723,0.0,0.06489896550774574,0.0014587522950023414,0.0012839139671996236,4.10123877081503e-09,3.3982925984332726e-08,3.21254546520322e-08,0.0020618621027097108,0.04221347644925118
300,0.5008143037557602,0.0011492388621263672,0.03461641049943864,4.9797249744187866e-05,1.7535655729261634e-05,1.0021097079274755e-16,0.018784641957608983,2.918381154537201,0.037352414219640195,0.9119206853210926,0.8356444984674454,0.00035007527094421675,0.0,0.014468253386439756,0.0,0.054532664944417775,0.0016011218831408769,0.0010351455821364652,4.0880724638814314e-09,3.493914846330881e-08,3.332388587296009e-08,0.0020557141106110066,0.04153374023735523,0.6050635993480682,0.0010088100680150092,0.030058144219219686,3.726061659108382e-05,4.373732408566866e-05,1.0239410457745017e-16,0.03803183799609542,3.256289911270142,0.026321182219544426,0.9514769077301025,0.8919739365577698,0.00047074941103346645,0.0,0.0326045049354434,0.0,0.049947137385606764,0.001525191613472998,0.0012301207752898335,4.0423151048685215e-09,3.6921765911301915e-08,2.935735707865206e-08,0.0021427327301353216,0.048291748762130736
301,0.4983300045132637,0.0009640330936235841,0.02863450744189322,6.384023629379953e-05,1.9527648731809677e-05,1.0198028613476071e-16,0.022287967964075506,2.928705245256424,0.025798593182116747,0.8963115625083447,0.842076737433672,0.0002995365339302225,0.0,0.016742621577577665,0.0,0.05050215241499245,0.001843043319240678,0.0010543422722548712,4.121560093217624e-09,3.67872416973114e-08,3.3309333957731724e-08,0.002262844929646235,0.04520630440674722,0.5317417919635773,0.0010929991549346596,0.03269216492772102,4.3940087198279795e-05,3.544718310877215e-05,1.0183690512892261e-16,0.019072445668280126,3.2654584884643554,0.024122221877769336,0.9479736685752869,0.8738966107368469,0.0006392264825990423,0.0,0.018508082162588833,0.0,0.05298687517642975,0.001676888670772314,0.001170621463097632,4.043814794130185e-09,3.466072158175848e-08,3.1768448138791425e-08,0.002109457226470113,0.04104171320796013
302,0.5234489794820547,0.0010464301321917446,0.031118896207772195,6.271362610732467e-05,2.531563961838401e-05,1.0365998845152264e-16,0.025091520772548392,2.9352947920560837,0.03042584066861309,0.9202113002538681,0.8010176718235016,0.0004465823294594884,0.0,0.02127988258143887,0.0,0.0517350472509861,0.0017854370817076415,0.0011452595390437637,4.111936360851054e-09,3.421155270189047e-08,3.3862306736409664e-08,0.002329155038751196,0.04871622985228896,0.6061926484107971,0.0011700583272613585,0.03497656900435686,4.226856544846669e-05,4.4080798033974133e-05,1.005300074066921e-16,0.035898209735751155,3.296089792251587,0.03265277962636901,0.9486743927001953,0.9026547551155091,0.00041814679862000047,0.0,0.030530684813857078,0.0,0.05789918154478073,0.0016371287405490876,0.001335769589059055,3.988152652567578e-09,3.245659172534943e-08,2.9724712291567813e-08,0.0022719389060512187,0.049144722521305084
303,0.4972869474440813,0.001126783714425983,0.033930060104466975,4.858201623392233e-05,1.8100364599149543e-05,1.0336640013184134e-16,0.019206722994567826,2.934113249182701,0.0370459770783782,0.9017863534390926,0.8417886570096016,0.0003163940682497923,0.0,0.014185127307428047,0.0,0.0548201953060925,0.0016491124624735676,0.0010716279757616576,4.130689457149117e-09,3.4924596548080444e-08,3.457535058259964e-08,0.0020794772790395655,0.042135432828217745,0.584032940864563,0.0015355860348790884,0.04647984579205513,2.550326826167293e-05,4.938484999001957e-05,1.0189340487348243e-16,0.027006110921502114,3.2546621799468993,0.04421579390764237,0.95099036693573,0.8711502909660339,0.0005052264197729528,0.0,0.022838465124368667,0.0,0.06746647506952286,0.001391917234286666,0.001410998310893774,4.06885969361781e-09,3.4101928036989194e-08,3.3020559442320516e-08,0.002071946137584746,0.04617811664938927
304,0.5304731372743845,0.0010307400170859182,0.03045985975768417,7.473316691175569e-05,2.480555718875621e-05,1.005047601173177e-16,0.02204858628101647,2.947891801595688,0.028674011826069545,0.9010072275996208,0.8254711516201496,0.00039906048732518684,0.0,0.022879155847476795,0.0,0.05106450477614999,0.00176556841324782,0.0010918689113168512,4.088012220404558e-09,3.5288394428789616e-08,3.309105522930622e-08,0.0022040557232685387,0.04478158080019057,0.5376923382282257,0.0010163269587792456,0.03015404175966978,5.903833989577834e-05,3.110132711299229e-05,1.0327241421628184e-16,0.019992356654256582,3.2409066200256347,0.025467872273293325,0.9438331127166748,0.8770751237869263,0.0007420613474096172,0.0,0.02071985974907875,0.0,0.05209489017724991,0.0018267506966367364,0.001132782967761159,4.095044303653594e-09,3.446928360517632e-08,2.935218326172162e-08,0.002224318217486143,0.04304165169596672
305,0.5473994258791208,0.0010579615154711064,0.031244910322129726,8.133289452416648e-05,2.212683313018715e-05,1.0369918729998061e-16,0.028933087247423828,2.920455440878868,0.03215502176317386,0.9198382347822189,0.8328367844223976,0.0003629780221672263,0.0,0.024593101581558585,0.0,0.05292980303056538,0.002002929169975687,0.001111880730604753,4.150582322282048e-09,3.4313416108489037e-08,3.309105522930622e-08,0.0025052648707060143,0.05200785514898598,0.5778171181678772,0.0010907513031270355,0.03247903678566218,4.934946919092909e-05,3.9600744275958275e-05,1.0253732726091904e-16,0.03074560072273016,3.339295673370361,0.02644593938894104,0.9473711252212524,0.8792622566223145,0.0003792399191297591,0.0,0.02711859755218029,0.0,0.052980610728263856,0.0017405977239832282,0.0012483006343245507,4.060412983619699e-09,3.720116268368656e-08,3.157183527946472e-08,0.0022252171766012907,0.04597183912992477
306,0.5161998048424721,0.0010280905735271517,0.030860793543979526,4.55243163060004e-05,2.1809949572570986e-05,9.992371040475228e-17,0.02118079867796041,3.025495871901512,0.031786065781489015,0.9169006608426571,0.8306213393807411,0.0002774305585262482,0.0,0.01901340291078668,0.0,0.051715177600272,0.0017766859018593095,0.0010549261460255366,4.055617897069652e-09,3.42406565323472e-08,3.360037226229906e-08,0.002189684957556892,0.04496120382100344,0.5849323630332947,0.001086186442989856,0.032744168490171435,2.472342130204197e-05,3.711730496434029e-05,1.061451992487887e-16,0.032879923656582835,3.476455545425415,0.029321005917518052,0.9551124215126038,0.887117075920105,0.0004641328210709617,0.0,0.027669407799839972,0.0,0.05326277688145638,0.0015335500007495283,0.0011805532500147819,4.09319609318004e-09,3.271529251946958e-08,3.2601464283743554e-08,0.002043692138977349,0.04671073630452156
307,0.5351774264127016,0.001289723837544443,0.038712265086360276,6.50156604251606e-05,1.9595947776451794e-05,1.0235946696832594e-16,0.02948802543687634,3.1338966488838196,0.03847787401173264,0.9138774760067463,0.8212885111570358,0.0003807189059443772,0.0,0.019687300402438268,0.0,0.05985528044402599,0.0019050885020988062,0.0010626158509694505,4.129267081043331e-09,3.5841367207467556e-08,3.291643224656582e-08,0.002283554211317096,0.048523831414058805,0.5767798364162445,0.0011444766307249666,0.03402789980173111,5.5006744878483006e-05,4.171845685050357e-05,1.0577781988374082e-16,0.030053436197340487,3.564869022369385,0.024327198554237837,0.952496612071991,0.871059000492096,0.00033621378534007815,0.0,0.026408576406538486,0.0,0.055844851583242414,0.0018203823128715158,0.0012812059139832854,4.063369196671829e-09,3.5053946945140525e-08,3.3155083656311036e-08,0.0023269516183063387,0.05046826153993607
308,0.5658525172621012,0.0011874447627633344,0.03544768097344786,6.0527105347318866e-05,3.034678971403082e-05,1.0081196589783316e-16,0.03329668421065435,3.0861860662698746,0.03250713041052222,0.9329875819385052,0.8457981459796429,0.0002844520586222643,0.0,0.025322646251879632,0.0,0.05658637429587543,0.0018565116915851831,0.0011559950216906145,4.110702070403427e-09,3.595778252929449e-08,3.2188836485147476e-08,0.0023932168551255018,0.05216934881173074,0.6094136595726013,0.0011311610345728696,0.034063087217509745,2.3980659534572624e-05,4.2879535612883046e-05,1.0054532546814761e-16,0.03623654702678323,3.3998916149139404,0.02790039821265964,0.9670519351959228,0.9080063343048096,0.00028607503918465227,0.0,0.030614769645035268,0.0,0.05447337403893471,0.0014867591438814999,0.0011938695563003421,4.012013743448506e-09,3.256524614414502e-08,3.4107102209191e-08,0.001986470865085721,0.043989327549934384
309,0.5176686700433493,0.0010778610085253604,0.03246439539361745,5.0307150672779244e-05,1.2979259935264054e-05,1.0162067267217574e-16,0.027509423409355804,3.1785596758127213,0.03395377570996061,0.9287597499787807,0.8159179277718067,0.000290113866867614,0.0,0.018463864471414126,0.0,0.052144769695587456,0.0018056853805319406,0.0009366924314235803,4.099062020368471e-09,3.549212124198675e-08,3.2930984161794186e-08,0.002128119063854683,0.04501226719003171,0.5683960556983948,0.0011490009201224893,0.034503265470266345,4.1078435606323184e-05,3.3305816759821025e-05,1.0515110285304533e-16,0.03272736705839634,3.3429255962371824,0.02862639720988227,0.9426977872848511,0.8846328735351563,0.0003477419391856529,0.0,0.0242839727550745,0.0,0.05621916055679321,0.0017453204607591033,0.0011881737504154445,4.060448244302961e-09,3.4132972359657286e-08,3.193401632017867e-08,0.0021830079844221474,0.045801904052495956
310,0.4819735139608383,0.0010050789896922652,0.030005451175384223,5.855087442796503e-05,1.824891919000038e-05,1.027834913308492e-16,0.017675271694315597,3.1518172919750214,0.02999031078070402,0.8867821469902992,0.831183310598135,0.00028779078093066346,0.0,0.013829853240167722,0.0,0.05068454402498901,0.0017791179125197232,0.00103568600025028,4.094142358468389e-09,3.5608536563813686e-08,3.2247044146060944e-08,0.0021698160635423847,0.04183505312539637,0.5636694371700287,0.0012820200296118855,0.038794806599617,2.6767028612084686e-05,3.642059109552065e-05,9.778621225716227e-17,0.022494841367006302,3.484250783920288,0.035356676244555275,0.955544364452362,0.8822474241256714,0.0002448603103403002,0.0,0.021492779068648816,0.0,0.057662881910800934,0.0013787249568849801,0.001195178902707994,3.952698346409989e-09,3.356383082575576e-08,3.0764688929707516e-08,0.0019541192566975953,0.04119170159101486
311,0.4984607920050621,0.0011513409808685537,0.034713960718363523,5.0714091344161716e-05,1.445998867666276e-05,1.0035872758402606e-16,0.019492879859171808,3.1596394777297974,0.036558860971126705,0.9056512899696827,0.8175385072827339,0.0002115829838658101,0.0,0.014867249818053097,0.0,0.05437217722646892,0.0017173416199511848,0.000957594715146115,4.085117119578818e-09,3.620516508817673e-08,3.15631041303277e-08,0.0021295520418789238,0.04281681671272963,0.573957896232605,0.0012071913632098585,0.03646494671702385,2.898226011893712e-05,3.488351794658229e-05,1.0092973813636918e-16,0.02919366890564561,3.3067702293395995,0.0318596595487179,0.9560235738754272,0.899005925655365,0.0002700596131035127,0.0,0.023609885200858115,0.0,0.05701465979218483,0.0015499630011618138,0.001160753797739744,4.033187961383078e-09,3.238932961835417e-08,3.369835503974627e-08,0.0020777577301487327,0.044314563274383545
312,0.48430005088448524,0.0011343463374942075,0.034195397747680545,5.0643222152757517e-05,1.3979263513874685e-05,1.0289306091555889e-16,0.01653438020730391,3.0944190621376038,0.03656526544364169,0.9058408327400684,0.823979027569294,0.00027503640831127996,0.0,0.012110773648601025,0.0,0.05419117130804807,0.0016525800238014199,0.0009610092674847692,4.0976420589977636e-09,3.4226104617118835e-08,3.309105522930622e-08,0.001991034296224825,0.03990755137056112,0.609597098827362,0.0012590526428539305,0.03792984653264284,3.3021001581801104e-05,4.036480822833255e-05,1.0021213314694431e-16,0.03603630242869258,3.3966135501861574,0.03396340056788176,0.9629473447799682,0.8959078431129456,0.00042947650945279747,0.0,0.02967246025800705,0.0,0.05846357494592667,0.0014853413216769696,0.0012252336367964745,3.967060369092224e-09,3.329478204250336e-08,3.027833166413529e-08,0.002044045622460544,0.04579468742012978
313,0.4950845204293728,0.0010911600074905436,0.03282217064406723,4.894662959031848e-05,1.7972691921386286e-05,1.0256477898662589e-16,0.0170404365635477,3.0954075902700424,0.03519435686757788,0.9071592576801777,0.8235660307109356,0.00038909905015316326,0.0,0.014780367695493624,0.0,0.053421470103785396,0.0017646954584051855,0.0010502980221644975,4.124463909294107e-09,3.664172254502773e-08,3.266904968768358e-08,0.0022476646336144768,0.045382861979305744,0.5742656528949738,0.0012301518057938666,0.03693617526441813,4.1629548650234935e-05,3.82726660973276e-05,9.725600139591661e-17,0.025639835465699434,3.4019283294677733,0.036737405713938645,0.9392526626586915,0.8724444746971131,0.0005027047358453274,0.0,0.025281335785984994,0.0,0.05855877473950386,0.0016605217009782792,0.0012558024609461427,3.9303710064331195e-09,3.203749656677246e-08,3.539543200758999e-08,0.002250921260565519,0.04779965430498123
314,0.5550167188048363,0.0011752791215258185,0.03480990033131093,8.823294865578646e-05,2.001722401701045e-05,1.0233475825624837e-16,0.030777853273320943,3.0534303188323975,0.03287124400958419,0.9090238735079765,0.8322666175663471,0.0003772096097236499,0.0,0.025014652346726507,0.0,0.05783714191056788,0.0021559779925155453,0.0010985244043695275,4.139836140559794e-09,3.6219717003405094e-08,3.287277650088072e-08,0.0025659950770204887,0.05152175645343959,0.5689784288406372,0.001319928019074723,0.03993571549654007,2.365698564972263e-05,4.181323038210394e-05,1.0538001483052978e-16,0.018623845558613537,3.3854854583740233,0.03490708754507068,0.9428951859474182,0.8626145005226136,0.0004616922902641818,0.0,0.023556667380034924,0.0,0.05930792614817619,0.0014655799139291048,0.0012134532909840346,4.056506686112016e-09,3.046459617905839e-08,2.981267037682755e-08,0.002018894674256444,0.0443178690969944
315,0.5034571625292301,0.0011233165678277146,0.033966993272770196,3.593859378270281e-05,2.1116088106509778e-05,1.0188404697921262e-16,0.015287188842194155,3.047418713569641,0.035237258358392864,0.9099803902208805,0.8264271020889282,0.00038837378451717086,0.0,0.015842560562305152,0.0,0.052995141013525426,0.0015995276844478212,0.0010463855796842836,4.119194610407995e-09,3.555032890290022e-08,3.1825038604438305e-08,0.0020643582320190035,0.04348886269144714,0.5755542993545533,0.0012293678882997483,0.03706303611397743,3.254357034165878e-05,3.72810161934467e-05,1.0423028142468437e-16,0.02293002079240978,3.4847492218017577,0.0376373019280436,0.9442173123359681,0.8655601739883423,0.0006393616495188326,0.0,0.025645358860492705,0.0,0.058643583208322525,0.001645238813944161,0.0012331573758274316,4.1168257247647945e-09,3.535404005106102e-08,3.153561713986619e-08,0.0021992493886500595,0.047980847209692
316,0.5160865392535925,0.0010460036610311363,0.03124849032610655,6.028694099313725e-05,1.822130906248276e-05,1.0238990721486789e-16,0.02735753357410431,2.9942687451839447,0.03264048686833121,0.9200956225395203,0.8224895372986794,0.00039154892692749854,0.0,0.018777914432575926,0.0,0.0513514137128368,0.0018270262444275431,0.0010563941505097318,4.11753438289697e-09,3.5288394428789616e-08,3.328023012727499e-08,0.002295816295372788,0.048838703660294414,0.5802559494972229,0.0012122553132940083,0.03639169428497553,4.049010494782124e-05,3.8724699697922917e-05,1.0191182386961828e-16,0.029376054368913173,3.499594259262085,0.031262327342119534,0.9498108983039856,0.8878095746040344,0.00030914205999579283,0.0,0.025553476065397263,0.0,0.05691996067762375,0.001659151422791183,0.0012262944830581546,4.041224199724525e-09,3.2285849371760375e-08,3.0630164715717e-08,0.0021692752139642834,0.04507388174533844
317,0.506334200501442,0.0009544480471959105,0.028205115580931306,6.981735805311473e-05,2.2367572000803193e-05,1.0306449699264265e-16,0.021083759958855808,3.0670636147260666,0.02697624685242772,0.8976199924945831,0.8316754773259163,0.00030702226013090694,0.0,0.018889418555772863,0.0,0.0493747228756547,0.0018852370558306575,0.0010414173084427603,4.121090274589179e-09,3.4968252293765545e-08,3.179593477398157e-08,0.002285786693391856,0.04456888686399907,0.5620558381080627,0.001123385678511113,0.03386930022388697,3.037230017071124e-05,3.3337965578539294e-05,1.0070765271504399e-16,0.02471404792740941,3.4261453628540037,0.032075058355621876,0.9558003664016723,0.8999013066291809,0.00039917536778375504,0.0,0.022408177517354487,0.0,0.05353458896279335,0.001606795913539827,0.0011460054432973267,4.060053004906194e-09,3.437615134771477e-08,3.349139490183006e-08,0.0021908298367634416,0.0462020605802536
318,0.5134688057005405,0.0009685608347353991,0.029044160328339785,5.0612684617590276e-05,1.4802344793451994e-05,1.0368141325656837e-16,0.026850763388210908,2.985203966498375,0.028634788788622245,0.9282240606844425,0.8178642876446247,0.0003549394659785321,0.0,0.01907433127053082,0.0,0.047769999131560326,0.001744491804856807,0.0009378848371852655,4.153490995584264e-09,3.565219230949879e-08,3.226159606128931e-08,0.0021258959677652456,0.046593739883974195,0.5827659785747528,0.0012015992193482815,0.03626162484288216,3.477130594546907e-05,3.1092093195184134e-05,1.0732128993767252e-16,0.03533614352345467,3.304204988479614,0.03297268364294723,0.9571407556533813,0.8603285431861878,0.0002931707102106884,0.0,0.026699576154351236,0.0,0.058757238835096356,0.00169592946767807,0.0010985195636749267,4.083444427038785e-09,3.4148494165719966e-08,3.406053608046022e-08,0.0021385614993050693,0.04977992996573448
319,0.5242014769464731,0.0009893599581118906,0.029391085845418274,6.928714162768301e-05,1.5984420599579607e-05,1.0170434529985792e-16,0.03094504671753384,2.959502622485161,0.028418759146006778,0.9144790023565292,0.8232642114162445,0.0003493309377518017,0.0,0.021255383020616136,0.0,0.04928534151986241,0.0018235573952551931,0.0009804076689761132,4.1141952067391685e-09,3.514287527650595e-08,3.345485311001539e-08,0.0021884787347516976,0.04677416186314076,0.5816072821617126,0.0011164364113938063,0.0333470493555069,4.830571197089739e-05,3.585966333048418e-05,1.0072316268240161e-16,0.03024039538577199,3.3157673358917235,0.030537594039924443,0.9570612788200379,0.898478901386261,0.00042496465612202884,0.0,0.02635109834372997,0.0,0.05353300347924232,0.001630994863808155,0.0011318078031763434,4.056299696131305e-09,3.409675457533012e-08,3.2228935253897364e-08,0.0021252986742183568,0.04396747350692749
320,0.48251048289239407,0.00110907635280455,0.03343633556505665,4.453869735243643e-05,1.8463296612480917e-05,1.0220474779783157e-16,0.012494930444518104,2.94218048453331,0.036447388119995594,0.9160055406391621,0.8153456710278988,0.00023615305144630838,0.0,0.012194267532322556,0.0,0.05377186881378293,0.0016756483091739938,0.00099223580036778,4.112969895220253e-09,3.4095137380063534e-08,3.262539394199848e-08,0.0020490834358497523,0.040153973968699574,0.5658724069595337,0.0014106689486652613,0.042734138667583466,3.327476879348979e-05,3.31650482621626e-05,1.0097647979667883e-16,0.02315280828624964,3.2832873344421385,0.04439492151141167,0.9514568328857422,0.8844886422157288,0.00027432830538600685,0.0,0.020328668318688868,0.0,0.06408938691020012,0.0016009471146389842,0.001150139351375401,4.071237214020584e-09,3.1835709890515315e-08,3.2016800588507974e-08,0.002058993303216994,0.0407161645591259
321,0.510057732462883,0.001246215048013255,0.037532635615207255,5.252186338111642e-05,2.0813440386291404e-05,1.0314999934383981e-16,0.017310315917711705,2.9572288393974304,0.04032641975209117,0.9082984104752541,0.8403064198791981,0.00025008487500599585,0.0,0.015112931025214493,0.0,0.05890350812114775,0.0017254685226362199,0.0010407884583401028,4.148829071959348e-09,3.553577698767185e-08,3.2930984161794186e-08,0.0021339927407098003,0.04297104035504162,0.5530049443244934,0.0014096403028815985,0.04283070489764214,2.432453620713204e-05,3.3551740852999504e-05,1.0370586347470452e-16,0.019620593078434466,3.405056190490723,0.04480857104063034,0.957941472530365,0.8684341549873352,0.00030911843350622803,0.0,0.018211652245372533,0.0,0.06227573752403259,0.0013482584850862621,0.001149369473569095,4.029071254407768e-09,3.555065219984499e-08,3.28446425612583e-08,0.0018565504578873515,0.04012459069490433
322,0.5050119683146477,0.0010135738248209236,0.030415939749218524,5.097991720504069e-05,1.6010066303806525e-05,1.0246436753206808e-16,0.023419848585035652,2.9556382596492767,0.0315088820643723,0.9163910560309887,0.8252108544111252,0.00027743386362999445,0.0,0.017120666132541373,0.0,0.0496358236996457,0.0016612606050330214,0.0009488021096331067,4.13657408326884e-09,3.608874976634979e-08,3.313471097499132e-08,0.002052116578852292,0.04596529249101877,0.5631703734397888,0.00112560503766872,0.03399184998124838,2.7650436095427722e-05,3.247666027164087e-05,1.023754486767869e-16,0.028293751087039708,3.312170457839966,0.028217053453226983,0.9749440908432007,0.8867749810218811,0.0002711406064918265,0.0,0.022261667624115945,0.0,0.05314562544226646,0.0014528319239616393,0.0010901735397055746,4.053531776904151e-09,3.489872639761415e-08,3.103373771295992e-08,0.0018665499286726118,0.04144469052553177
323,0.4761017691344023,0.000942667273193365,0.028193023812491447,5.431282522749825e-05,1.4331294011071805e-05,1.0332358319538406e-16,0.018209344620117918,2.9552196115255356,0.029196640865848167,0.8982484713196754,0.8179100826382637,0.00028196026460136636,0.0,0.013491243866155855,0.0,0.04914680146612227,0.0017449003862566315,0.0009549548012728337,4.133088968294452e-09,3.546301741153002e-08,3.38040990754962e-08,0.00207151872018585,0.041443563997745514,0.5658694505691528,0.0011072991881519556,0.033037956804037094,5.140968023624737e-05,3.4478257657610814e-05,1.0233234793466145e-16,0.027538171969354153,3.2850680351257324,0.028773807018296793,0.9548425197601318,0.8768341779708863,0.0005433550104498863,0.0,0.024413032457232475,0.0,0.053389156609773634,0.0017122793942689896,0.0011633112328127027,4.081138182954191e-09,3.300503728098647e-08,3.2627334078938473e-08,0.0021406448213383555,0.04529375582933426
324,0.5200889408588409,0.0010758832104329485,0.032164323260076344,5.704864872768667e-05,2.2155163549086865e-05,1.0250522115534146e-16,0.023686564003583044,2.9494187980890274,0.029996670607943088,0.9183841049671173,0.834532368928194,0.00028175698480481515,0.0,0.018977274681674317,0.0,0.05325097742024809,0.0018258662821608596,0.0010234548717562575,4.096693623223402e-09,3.6263372749090195e-08,3.2756361179053783e-08,0.0022205051354831085,0.04625646269414574,0.6337709069252014,0.0014604285825043917,0.044241311773657796,2.9849386191926896e-05,3.894906003552023e-05,1.1024091721565152e-16,0.03901989068835974,3.1839879989624023,0.030405775329563768,1.01965491771698,0.9160748720169067,0.00041944516997318717,0.0,0.028826337307691574,0.0,0.06592754274606705,0.0016680129570886492,0.0012299371417611837,4.16819707638183e-09,3.562826265124386e-08,3.3501742535690934e-08,0.002135700732469559,0.05120447054505348
325,0.5028072837740183,0.0010761417106550653,0.032109159568790346,6.480475792614016e-05,1.861086929011435e-05,1.0122079495250382e-16,0.01993168913759291,3.0821363478899,0.030472431564703584,0.9243023432791233,0.8227962143719196,0.0003554694303602446,0.0,0.015893091273028404,0.0,0.05342597933486104,0.00187687661673408,0.0010387765032646712,4.10706159359453e-09,3.595778252929449e-08,3.1184754334390163e-08,0.002191233870689757,0.046410568756982684,0.6099128961563111,0.0014017768786288797,0.04216004833579064,4.717706688097678e-05,3.9158731669886035e-05,1.0319112155265809e-16,0.03646735791116953,3.2827352046966554,0.03743508540792391,0.9562294006347656,0.8909260511398316,0.00041393435676582155,0.0,0.028454114869236945,0.0,0.06410565227270126,0.0017690034583210945,0.0012186513980850578,3.957601490967022e-09,3.18874501914479e-08,3.1551139301200235e-08,0.0022072053980082273,0.04846721887588501
326,0.4963576979935169,0.0009327465850219596,0.027821428957395256,5.627685425224627e-05,1.6637498561067332e-05,1.01074342211461e-16,0.0241150192450732,3.0262161791324615,0.02685454930178821,0.9074437357485294,0.8339435644447803,0.0003459304416537634,0.0,0.01645561691839248,0.0,0.048278822330757976,0.0018819876786437817,0.0009368220817123074,4.082792992576856e-09,3.4604454413056374e-08,3.373133949935436e-08,0.0022179609077284113,0.044714859570376575,0.5873317122459412,0.001274972001556307,0.038505755551159385,3.0341000456246548e-05,3.7550761771854016e-05,9.849519736285985e-17,0.030102642718702555,3.255522918701172,0.03379515996848568,0.9585134744644165,0.8942115306854248,0.00027507389604579656,0.0,0.0255013782531023,0.0,0.05924712494015694,0.001556977187283337,0.0011786565184593201,3.960143679648809e-09,3.6021487659354535e-08,3.0236939707606326e-08,0.002019920735619962,0.0431803897023201
327,0.5187063403427601,0.001103369400880183,0.03312934865243733,4.991941693788249e-05,2.1754132063733778e-05,1.0308191741634302e-16,0.02409530122531578,3.0154929161071777,0.03390081168618053,0.9278861656785011,0.8148091435432434,0.00026302329933969304,0.0,0.018649861609446816,0.0,0.05326509126462042,0.0017264002381125465,0.001007892184134107,4.13085909922728e-09,3.608874976634979e-08,3.183959051966667e-08,0.002155038993805647,0.046301335794851184,0.6013851523399353,0.0011291766655631363,0.033894652128219606,3.8079254591139036e-05,3.590906781028025e-05,1.0517048667264765e-16,0.029248437285423277,3.2584969997406006,0.030535273121859063,0.9593420147895813,0.8980241179466247,0.0006321268490864895,0.0,0.030059053748846053,0.0,0.05516023561358452,0.0017037003533914685,0.0011392120737582444,4.061710523473039e-09,3.548339009284973e-08,3.214615063029669e-08,0.0021239986177533864,0.04476486071944237
328,0.5347320344299078,0.001186281195259653,0.03563211520668119,6.148711293008091e-05,1.468643085900112e-05,1.024203118926435e-16,0.025466881939792074,3.100748986005783,0.03832012106431648,0.9369069822132587,0.8218544870615005,0.0003883919534928282,0.0,0.020076049637282267,0.0,0.05622330168262124,0.0018992637124028988,0.0009349538195237983,4.109120849138392e-09,3.6176061257719994e-08,3.309105522930622e-08,0.0023034700643620454,0.04813735547941178,0.5876183629035949,0.0014136918529402465,0.04259764105081558,4.651702438422945e-05,3.52698680217145e-05,9.767754190049649e-17,0.02671943260356784,3.2825671195983888,0.041715759836370124,0.9531420469284058,0.8724344372749329,0.0003420774504775181,0.0,0.025029528141021728,0.0,0.06156279221177101,0.0015785922762006522,0.0010982678970322013,3.952454230571334e-09,3.351209052482318e-08,3.2275501382628136e-08,0.002041648468002677,0.04585471972823143
329,0.49745915085077286,0.0011106289493909571,0.033285324345342815,5.913424490699981e-05,1.7144022280035642e-05,1.0293892187667036e-16,0.019970287656178698,3.0180285423994064,0.035798944532871246,0.9032183364033699,0.8081808798015118,0.0004401008118293248,0.0,0.01573039634968154,0.0,0.05357498652301729,0.0017499713067081757,0.0009552432893542573,4.14326119246855e-09,3.5332050174474716e-08,3.40223778039217e-08,0.002137864888936747,0.045853688614442945,0.6253345608711243,0.0012423676089383662,0.036911727488040925,5.865793500561267e-05,4.812007246073336e-05,9.915265771907373e-17,0.0340287602506578,3.295628309249878,0.035727866200613786,0.9460713863372803,0.8977447867393493,0.0006282854927121661,0.0,0.03391097895801067,0.0,0.05694024190306664,0.0016827345825731754,0.0012275308137759567,3.964892547614341e-09,3.50280771499456e-08,3.287568688392639e-08,0.002254680241458118,0.04778883159160614
330,0.4892170578241348,0.001124050839280244,0.033767964923754334,5.4627051781608316e-05,1.7213767506518707e-05,1.0162684137159385e-16,0.015852051525143906,3.0149641782045364,0.03433616319671273,0.9106146395206451,0.8181914798915386,0.00035385651244723704,0.0,0.013371656503295526,0.0,0.054464512038975954,0.0017684139747871086,0.0009476650775468443,4.123241817421963e-09,3.5666744224727154e-08,3.326567821204662e-08,0.0020858184652752243,0.04190934158395976,0.5494333982467652,0.001157535333186388,0.0348646204918623,3.3311878360109405e-05,3.461994710960425e-05,1.0165634814481454e-16,0.022422912437468766,3.411652612686157,0.03214009257135331,0.9347111701965332,0.8731115818023681,0.00041229514172300694,0.0,0.02148752324283123,0.0,0.05424102321267128,0.0015017075696960092,0.001124053541570902,4.031317413222269e-09,3.272564050860183e-08,3.216684696383254e-08,0.001966696442104876,0.04181409850716591
331,0.48583313077688217,0.0009692720595921855,0.028982731979340315,5.4523479434465116e-05,1.645665835781074e-05,1.0342070577982636e-16,0.01808546992833726,3.042078271508217,0.02868328121257946,0.9185429662466049,0.8166847005486488,0.00036893371543555986,0.0,0.014344525407068431,0.0,0.049515998689457774,0.0017388799096806906,0.0009572271592332982,4.1301025932583e-09,3.5710399970412254e-08,3.300374373793602e-08,0.0020644527176045813,0.04184312804136425,0.5890873908996582,0.001153462124057114,0.03468008302152157,3.209959832020104e-05,3.971668193116784e-05,1.0028749525644831e-16,0.03142348425462842,3.3777193069458007,0.0313481708864856,0.9500871658325195,0.8882836103439331,0.00043192081502638755,0.0,0.027925309911370277,0.0,0.054105494171381,0.0015424751909449697,0.001162059511989355,4.002900189092884e-09,3.305160340971725e-08,3.329478204250336e-08,0.002053057076409459,0.044857582449913024
332,0.46882854774594307,0.0009168602518911939,0.027625999238807708,3.952112706429034e-05,1.3590099968041613e-05,1.0318346541706248e-16,0.012798268027836457,3.0066022872924805,0.03017708534025587,0.9209475144743919,0.8117208145558834,0.0003240999931222177,0.0,0.011803699730080552,0.0,0.04655574751086533,0.0016332053128280677,0.0008830977203615475,4.130175548788806e-09,3.530294634401798e-08,3.301829565316439e-08,0.001980017295863945,0.038345172186382115,0.6217159986495971,0.0011350344400852918,0.034021036326885225,2.9886114134569652e-05,4.77826724818442e-05,1.0950499910920922e-16,0.0365399026311934,3.310161304473877,0.032496644683851626,0.9544071674346923,0.8913815498352051,0.0005016355979023501,0.0,0.034217600151896475,0.0,0.05400945991277695,0.0015114341862499715,0.0012143225292675197,4.133728115363055e-09,3.6316406237801856e-08,3.125622036748155e-08,0.002095153136178851,0.047306356579065324
333,0.5038523580878973,0.0010044877762993565,0.02997714129742235,5.581050129421783e-05,2.1654845113516785e-05,1.0335297747204144e-16,0.01914104909519665,2.933177277445793,0.030456177482847124,0.9152748435735703,0.8248533792793751,0.0003367528388480423,0.0,0.017310013747191988,0.0,0.05009747145231813,0.0017454183980589733,0.0010287057884852402,4.122072086443218e-09,3.3673131838440895e-08,3.296008799225092e-08,0.002212624247476924,0.045557442819699645,0.6076563239097595,0.0011702503252308816,0.035034941881895064,3.525187275954522e-05,4.760268348036334e-05,1.044179323097257e-16,0.028363077761605383,3.288683271408081,0.034136835445679026,0.9487348318099975,0.9039692044258117,0.0003557806077878922,0.0,0.031034332141280173,0.0,0.05614684000611305,0.001626535994000733,0.0012575560715049506,4.035941181257385e-09,3.1913320341914185e-08,3.30722997432531e-08,0.0022547613829374314,0.045574162155389786
334,0.5041276980191469,0.0009993730582209537,0.030034289287868887,4.2820447902158776e-05,2.0264572299311112e-05,1.0138268660608964e-16,0.020463605236727744,2.9687312990427017,0.03193159290822223,0.9125205874443054,0.8456428647041321,0.0002633939693623688,0.0,0.01654853617947083,0.0,0.050426569767296314,0.0016753353702370077,0.0010052500292658806,4.094440508861652e-09,3.5521225072443485e-08,3.1737727113068104e-08,0.002112047870468814,0.04479775496292859,0.623009729385376,0.0014054778963327407,0.042522909492254256,2.357476369070355e-05,4.6218973147915675e-05,1.0259125017243463e-16,0.03313724473118782,3.3563491821289064,0.043513034284114835,0.9574036598205566,0.8886997699737549,0.00028224143461557104,0.0,0.031030011549592017,0.0,0.06211934834718704,0.0013479754561558366,0.0012435571290552617,4.014264032292658e-09,3.530229975012844e-08,3.288603522833e-08,0.0019565150141716003,0.04490344971418381
335,0.5022220648825169,0.001010226351354504,0.030232907214667648,4.659559772335342e-05,2.567836025946235e-05,1.0171515861841552e-16,0.016737727273721248,2.8941580206155777,0.02785479067824781,0.9135274067521095,0.822761595249176,0.00038772695643274346,0.0,0.017162999603897333,0.0,0.050653111771680415,0.0017257348372368142,0.0010842304400284775,4.116088192507306e-09,3.559398464858532e-08,3.4968252293765545e-08,0.0021912649463047273,0.045458240900188684,0.5836106181144715,0.0011872708681039512,0.03550895638763905,4.5509949268307535e-05,4.091962255188264e-05,1.0069437812057374e-16,0.02181137427687645,3.3014214038848877,0.031012837421440054,0.9441170573234559,0.8689451694488526,0.0008489795174682513,0.0,0.027898749709129332,0.0,0.05627070814371109,0.0017460824688896536,0.0012265430064871906,4.057010505320591e-09,3.1307960668414125e-08,3.1214828410952576e-08,0.0022596475202590225,0.04645508751273155
336,0.49409665912389755,0.00089382490295975,0.02649655961431563,6.851623788861616e-05,1.2284620794389411e-05,1.0063453813798237e-16,0.019345662905834615,2.8908945471048355,0.027127913373988122,0.91594398021698,0.8303249180316925,0.00043651200758176856,0.0,0.016559170850086957,0.0,0.04609449906274676,0.001840100456320215,0.0009091662032005843,4.0663133832330445e-09,3.4822733141481876e-08,3.3076503314077854e-08,0.002182858283049427,0.04276435554493219,0.5983812928199768,0.001059438451193273,0.03154891859740019,4.3174237362109125e-05,4.307065755710937e-05,1.0685673868821784e-16,0.03327172719873488,3.283704137802124,0.02894592957745772,0.9532568573951721,0.8965604543685913,0.0003788290239754133,0.0,0.030567463114857675,0.0,0.05248945951461792,0.0016037068096920847,0.0012617230881005526,4.101461836825138e-09,3.531782155619112e-08,3.1778795772652304e-08,0.002225398551672697,0.04902203902602196
337,0.46766883693635464,0.0008421086731686955,0.025075077370274812,5.766691197095497e-05,1.10192111719698e-05,1.0234769329307717e-16,0.015788322605658323,2.907935455441475,0.02660678600659594,0.9048474431037903,0.8199980966746807,0.00028024180846841773,0.0,0.012856697416282259,0.0,0.04400657070800662,0.001682148576946929,0.000892378873686539,4.123589789073456e-09,3.537570592015982e-08,3.2756361179053783e-08,0.0020010368316434324,0.03977582242805511,0.5714432835578919,0.001444161287508905,0.04366827979683876,3.289637716079597e-05,4.0485329736839046e-05,1.0114505655853918e-16,0.021242576371878385,3.2375802993774414,0.044825277477502826,0.937478506565094,0.8688804388046265,0.00022759375569876284,0.0,0.022328129783272744,0.0,0.06504758149385452,0.001555470796301961,0.0012569140642881393,4.019991184378569e-09,3.128209051794783e-08,2.9036568349738447e-08,0.0020841144723817706,0.04226107001304626
338,0.48109134659171104,0.0009605500199540984,0.028816188219934702,5.306238620050863e-05,1.0995120305778983e-05,1.0249540045351892e-16,0.019263060676166788,2.9445086419582367,0.030261795327533036,0.8985268473625183,0.8163834922015667,0.00024084887718345271,0.0,0.014236410046578385,0.0,0.04905747273005545,0.001735821038892027,0.0008974305310402997,4.132497608000385e-09,3.479362931102514e-08,3.1868694350123405e-08,0.0020271446410333738,0.04014153603930026,0.5556150257587433,0.0011020230886060745,0.03323249258100987,2.6265602355124428e-05,3.574916809157003e-05,1.043026498021154e-16,0.02442304417490959,3.208727979660034,0.03012953216166352,0.9519840955734253,0.8771099805831909,0.0003174777957610786,0.0,0.022519526258111,0.0,0.054159829020500184,0.0014945819275453687,0.0011753201950341463,4.073810133675693e-09,3.577830867129705e-08,3.064568687705105e-08,0.0019950968213379382,0.04286755323410034
339,0.5014325007796288,0.0009731908503454179,0.029164988663978875,5.050199479228468e-05,1.642648786059908e-05,1.0247327957598772e-16,0.020606559177394956,2.9722827821969986,0.030617919226642698,0.9233088456094265,0.8273458816111088,0.00029621847443195293,0.0,0.01666885161830578,0.0,0.04999820399098098,0.0018146440270356834,0.0009726344505907036,4.097002875846911e-09,3.541936166584492e-08,3.2698153518140316e-08,0.002192840496718418,0.04386095644440502,0.5650795817375183,0.0011051131528802215,0.03315437026321888,3.8328310984070414e-05,3.528089036990423e-05,9.613411022774522e-17,0.027754170913249256,3.2397706508636475,0.029962676997820382,0.9444273114204407,0.8714552521705627,0.0002669079171027988,0.0,0.024834754690527917,0.0,0.054777785390615466,0.0017348664114251733,0.0011820963816717267,3.979360307937441e-09,3.455724169043606e-08,3.166496753692627e-08,0.002209454239346087,0.045394977927207945
340,0.481919365003705,0.0009422207695024554,0.028061478573363274,6.241034304821369e-05,1.4080702641194875e-05,1.0133051756562683e-16,0.0189369473955594,2.9245339184999466,0.02860818157205358,0.8998425677418709,0.8038292899727821,0.00024251528975582914,0.0,0.015190647944109514,0.0,0.04899959557224065,0.0018965952258440666,0.0009289296467613894,4.122702207398632e-09,3.514287527650595e-08,3.2567186281085014e-08,0.0022099681082181633,0.044130240799859166,0.5612409114837646,0.0011758603621274232,0.03545499034225941,3.121001209365204e-05,3.523555315041449e-05,1.0896432606757599e-16,0.02642882727086544,3.239909029006958,0.03245319053530693,0.9506368994712829,0.8709164381027221,0.00020296358707128093,0.0,0.022935152426362036,0.0,0.05847792401909828,0.001621076767332852,0.001184189529158175,4.17257393081627e-09,3.422093044491703e-08,2.994719494608944e-08,0.002062357123941183,0.0442648820579052
341,0.4784654323011637,0.0008895028986444231,0.026667573140002787,3.865412213599484e-05,2.1813669519588075e-05,1.0235400302678972e-16,0.016244563565123826,2.889697089791298,0.025006867479532957,0.8929499574005604,0.8183749541640282,0.00026153618819080293,0.0,0.01491213808185421,0.0,0.04582253925036639,0.0016803828330012038,0.0010245667435810901,4.153521665495319e-09,3.531749825924635e-08,3.309105522930622e-08,0.002106959349475801,0.043849040172062814,0.5868184447288514,0.0009880750032607466,0.029511134885251523,3.3761926169972865e-05,4.0850711957318706e-05,1.0105596854482272e-16,0.031206883443519472,3.2498489379882813,0.025896937674406217,0.9460181951522827,0.887896466255188,0.0005483225380885415,0.0,0.029836852476000784,0.0,0.050599844008684156,0.0016651517944410443,0.001185292494483292,3.9728011103079556e-09,3.647680060225866e-08,3.29584711522557e-08,0.0021587076131254434,0.045506379753351214
342,0.4594910740852356,0.0009193171663355315,0.027649606519844383,4.6355557174138085e-05,1.0259390052169692e-05,1.0359585424349926e-16,0.014696338825160637,2.8686917275190353,0.029660671047167853,0.9102440401911736,0.8254399038851261,0.0003278518943261588,0.0,0.009762392801349051,0.0,0.04705314477905631,0.0017408545318176039,0.0008531192506779917,4.144807719264065e-09,3.442983143031597e-08,3.271270543336868e-08,0.0020208731293678284,0.03929710329975933,0.5659002065658569,0.0009348723106086254,0.027890893444418908,3.689778786792885e-05,3.577869138098322e-05,1.0431791095354476e-16,0.030832181684672832,3.2548196792602537,0.021399393205501837,0.9491448163986206,0.8918262004852295,0.0002725613783695735,0.0,0.02609417140483856,0.0,0.04852788895368576,0.0016328610014170407,0.0011332186171784998,4.0566267678343594e-09,3.498151102121483e-08,3.234793730655383e-08,0.0020899480441585183,0.043780521303415296
343,0.47807740792632103,0.0008614856687927386,0.02572889014845714,5.3741851615995984e-05,1.1402562762441448e-05,1.0147862384071415e-16,0.01818290149094537,2.902876064181328,0.02639002405339852,0.9213983379304409,0.820594348013401,0.00034440220770193264,0.0,0.013893239200115204,0.0,0.04503085731994361,0.0016673450518283062,0.0008393019852519501,4.096910755091443e-09,3.555032890290022e-08,3.271270543336868e-08,0.0019317193437018432,0.039356580935418606,0.5507418632507324,0.000971001636935398,0.029060260206460953,3.789821603277233e-05,3.148783725919202e-05,1.0091621075550373e-16,0.02931425077840686,3.2620962142944334,0.022089683161175343,0.9536643028259277,0.8796203851699829,0.00046919474261812865,0.0,0.02294340878725052,0.0,0.048922783136367796,0.0015999643364921212,0.0010777757735922933,3.983898899662109e-09,3.360522278228473e-08,2.976610424809678e-08,0.001997375604696572,0.04394689500331879
344,0.46753706596791744,0.0007831978900867398,0.02328791539184749,5.4407473612627655e-05,1.1673806170620082e-05,1.0189057260706505e-16,0.019196731969714165,2.8976642936468124,0.022477808329540494,0.9070886634290218,0.8177329637110233,0.00029404259475995786,0.0,0.01346468053816352,0.0,0.04279045306611806,0.001674386119702831,0.0008730249428481329,4.0881900920108905e-09,3.5157427191734314e-08,3.259629011154175e-08,0.001971270190551877,0.041402039933018386,0.5430287539958953,0.0011175198771525175,0.0336625212803483,3.1330748970503916e-05,3.404226172278868e-05,9.973345894658314e-17,0.02456115633249283,3.1805746078491213,0.027728592802668574,0.945398998260498,0.8647855520248413,0.00038941890525165943,0.0,0.020606221072375773,0.0,0.05421680137515068,0.0015433690277859569,0.0011168370256200433,3.976052287413268e-09,3.4727984044025106e-08,3.000410906395246e-08,0.00198364129755646,0.04438566416501999
345,0.49122390523552895,0.0010099040246132063,0.030343302059918642,4.609226300544833e-05,1.8155920855633667e-05,1.0180264413513128e-16,0.02006247706594877,2.909843161702156,0.030132766463793814,0.9054748229682446,0.82750129327178,0.0003458656428847462,0.0,0.014893719562678598,0.0,0.05075853085145354,0.0017261858665733598,0.0009836289573286194,4.129299777111406e-09,3.562308847904205e-08,3.40223778039217e-08,0.002106136853399221,0.043117506080307066,0.5628312587738037,0.001018247101455927,0.030560750886797904,3.362104835105129e-05,3.3373053520335814e-05,1.0396560215751311e-16,0.029341649543493987,3.129472255706787,0.026514905008662028,0.9516796112060547,0.8891258001327514,0.0003658647372503765,0.0,0.024434055387973785,0.0,0.05107311606407165,0.0015199459856376051,0.0011276210658252238,4.07933020696305e-09,3.4567589324296934e-08,3.133900463581085e-08,0.001984006306156516,0.0428026020526886
346,0.4764183536171913,0.0010440485257277032,0.031408056733198464,5.205869354085735e-05,1.1771255771009237e-05,1.0287133046727682e-16,0.016360785491997376,2.86504402756691,0.033716121979921354,0.9035366550087929,0.8298338428139687,0.0002543931414038525,0.0,0.011607128617470153,0.0,0.050694253062829375,0.0016566388731007464,0.0008903646485123318,4.1424086660857284e-09,3.512832336127758e-08,3.3440301194787025e-08,0.0019431498731137253,0.03758837911300361,0.6070772647857666,0.0012249940715264528,0.036930342018604276,2.60794440691825e-05,4.3552245188038796e-05,9.976793054055844e-17,0.03336308635771275,3.0855492115020753,0.034484325423181875,0.9484921216964721,0.89475177526474,0.00019988137792097404,0.0,0.03036808706820011,0.0,0.0574595682322979,0.0013668224448338151,0.0012170794885605573,3.99237585213541e-09,3.2430721574883135e-08,3.1835709890515315e-08,0.0019331998890265822,0.04245683178305626
347,0.49439025297760963,0.0009209707095578779,0.02758866926888004,4.916637794849521e-05,1.4928541276049145e-05,1.0398114504665911e-16,0.022674017935059965,2.781105861067772,0.02837008805363439,0.9162020832300186,0.8221453092992306,0.00025944668868760346,0.0,0.016372420519473962,0.0,0.0476832480635494,0.0016574433539062738,0.0009101369651034474,4.132352182661947e-09,3.546301741153002e-08,3.374589141458273e-08,0.0020768423783010803,0.04424353176727891,0.5748366236686706,0.0010839720198418945,0.03265347294509411,2.548831980675459e-05,3.782250059884973e-05,1.0708076169740985e-16,0.029458634182810785,3.057458448410034,0.027835778988082892,0.9484861493110657,0.886759078502655,0.0003878077259287238,0.0,0.02620338015258312,0.0,0.05183974653482437,0.001345256669446826,0.001158373709768057,4.184606527957157e-09,3.4640025603494e-08,3.000928288088289e-08,0.0018732366850599646,0.04255031496286392
348,0.468545014038682,0.0008329599440912716,0.02492685045581311,4.42307074308701e-05,1.5429809792522065e-05,1.0241308026613826e-16,0.016492045659106225,2.854167640209198,0.02514425726258196,0.9127450622618198,0.8147257380187511,0.00024814905191306025,0.0,0.012985917332116514,0.0,0.04518114507663995,0.0015977544389897957,0.0009786607770365663,4.10221497049168e-09,3.5754055716097355e-08,3.1956005841493607e-08,0.002014904181123711,0.0430882521905005,0.5727426767349243,0.0010192268702667207,0.030589828081429005,2.8582360027940012e-05,3.8497979767271316e-05,1.0117813981257435e-16,0.030141214933246376,3.1683029174804687,0.026939088571452885,0.9449616551399231,0.8888273954391479,0.0002900913343182765,0.0,0.02664269283413887,0.0,0.05115713626146316,0.001394339045509696,0.0011662930715829133,4.003616682624056e-09,3.4753853839220025e-08,3.2461765897551234e-08,0.001907437527552247,0.04185667745769024
349,0.5098692569881678,0.0010685892339097336,0.03211946634110063,4.5013853537057e-05,2.210620488085624e-05,1.0333269045392827e-16,0.023204374316264875,2.7775960713624954,0.031909332086797804,0.9189488030970097,0.826739564538002,0.0003574240781745175,0.0,0.017274874466238543,0.0,0.05256878258660436,0.0016236078081419691,0.0010571842576609924,4.1417158036516355e-09,3.694731276482344e-08,3.298919182270765e-08,0.0020669227596954443,0.04518758365884423,0.5698691487312317,0.0010038007399998604,0.03004551250487566,3.457997227087617e-05,3.6907534740748817e-05,9.91999102461297e-17,0.030692563485354186,3.171777057647705,0.025680301839020103,0.9482153177261352,0.8779128193855286,0.0004937733625411056,0.0,0.02658100165426731,0.0,0.05004180371761322,0.0014685791451483966,0.0011333567555993796,4.011497134470687e-09,3.366213690014774e-08,3.198058244890944e-08,0.0019665604922920465,0.04537127539515495
350,0.47670017555356026,0.0009589255078026326,0.02877331868512556,4.8447514018334914e-05,1.5110671512275076e-05,1.0304437044756832e-16,0.01632705406518653,2.7812054455280304,0.028359089890727773,0.902425404638052,0.8246571868658066,0.0002828696879078052,0.0,0.013057046555331908,0.0,0.049367416417226195,0.0016695261729182675,0.0009349433748866431,4.121193386552591e-09,3.5564880818128586e-08,3.294553607702255e-08,0.001962100650416687,0.03993145190179348,0.5818558812141419,0.0010670867981389166,0.031887915916740894,3.7766248351545076e-05,4.168527702859137e-05,1.0814674075012857e-16,0.031368546187877655,3.0994247436523437,0.02410289275285322,0.9491140604019165,0.8906305313110352,0.00044168000749778,0.0,0.027688319236040114,0.0,0.0530120424926281,0.0015110750682651997,0.0012306195916607977,4.143704757098021e-09,3.3015385270118716e-08,2.9667798173704795e-08,0.0020172468153759836,0.04444401785731315
351,0.46993243880569935,0.0008225588589994004,0.024551605514716357,5.0143607381869515e-05,1.303770716276631e-05,1.0173061945124475e-16,0.019257617503171787,2.793661803007126,0.0239154149312526,0.9101240374147892,0.8069031499326229,0.00031784799284650944,0.0,0.013745697506237775,0.0,0.04447796102613211,0.001663831077166833,0.0009185469898511656,4.127634262163227e-09,3.5710399970412254e-08,3.296008799225092e-08,0.001955545390956104,0.04067545069847256,0.5811206221580505,0.001235568302217871,0.037242019362747666,3.056871028093155e-05,4.0137686301022765e-05,1.0675347610752467e-16,0.03046898590400815,3.0804391384124754,0.03244856470337254,0.945738697052002,0.8744527935981751,0.0002282054745592177,0.0,0.026108641177415848,0.0,0.05723595097661018,0.0014133818680420519,0.0012374486541375518,4.103347439610161e-09,3.48366384628207e-08,3.08940393267676e-08,0.0019219075795263052,0.04379187151789665
352,0.4873484056442976,0.0010684850276447833,0.0321866778540425,4.5036176288704155e-05,1.7387708737715002e-05,1.0055215632564607e-16,0.018324848322663456,2.8662501722574234,0.03318594442680478,0.9060288667678833,0.8257999643683434,0.00020480370312725427,0.0,0.013465961208567023,0.0,0.05212706117890775,0.001587016238772776,0.0009916626986523625,4.089174859833733e-09,3.489549271762371e-08,3.42406565323472e-08,0.001982527996005956,0.040419067488983274,0.6365839719772339,0.0014101129490882158,0.0424803726375103,3.2837238177307884e-05,4.937138437526301e-05,1.0065476212493286e-16,0.039369264245033266,3.226801300048828,0.040565724670886996,0.9459341406822205,0.9113808155059815,0.00014776309981243685,0.0,0.03312127888202667,0.0,0.06288694590330124,0.0014272087020799518,0.0012999551836401224,3.955327931848273e-09,3.4784898161888124e-08,3.004550102048142e-08,0.0019961093785241246,0.043950456008315084
353,0.47868213057518005,0.0011159016357851215,0.033667000592686236,4.677992558299593e-05,1.495006853247105e-05,1.0224465512648419e-16,0.016656841442454606,2.8430283814668655,0.033824679703684524,0.8996640034019947,0.8358382172882557,0.00017805300740292296,0.0,0.011049669134081341,0.0,0.05369220534339547,0.0016390210948884487,0.0009537399237160571,4.1219804236547475e-09,3.4371623769402504e-08,3.236345946788788e-08,0.001956961532414425,0.03828633751254529,0.5821101665496826,0.0014484358951449394,0.043984326720237735,2.511743914510589e-05,3.6028165777679535e-05,1.0168405803359057e-16,0.026948514580726623,3.1861493587493896,0.042924994975328444,0.9578061819076538,0.8912845492362976,0.0002786000331980176,0.0,0.0224249966442585,0.0,0.06357327923178673,0.001337448344565928,0.001174626499414444,4.0842600412815955e-09,3.166496753692627e-08,3.251867966014288e-08,0.0018343455623835326,0.04012497141957283
354,0.527078703045845,0.0011669029536278686,0.03518574486952275,3.8080152421571256e-05,2.7802980639535235e-05,1.0149098812292028e-16,0.018211502640042454,2.830715835094452,0.03610764222685248,0.9268630743026733,0.8282712064683437,0.00023316398255701642,0.0,0.0192423452535877,0.0,0.054582636686973274,0.0015178859030129388,0.0010406471592432354,4.088766630827578e-09,3.620516508817673e-08,3.2101524993777275e-08,0.001978831845917739,0.042192405788227916,0.5460657835006714,0.0011274502438027411,0.03404089696705341,2.416331881249789e-05,3.650750149972737e-05,1.0724383406860203e-16,0.019959640130400656,3.1958173274993897,0.029481148798913635,0.9560478329658508,0.8774797916412354,0.000234438969346229,0.0,0.020293153449893,0.0,0.054459451138973235,0.0013729448430240155,0.00114241864066571,4.109898910087395e-09,3.6269840109071084e-08,3.189779818058014e-08,0.0018421492772176863,0.039629051089286806
355,0.5029408242553473,0.0008261987568403129,0.02454260888043791,5.7850553389471315e-05,1.3452894819465655e-05,1.0130501310579999e-16,0.02482413659163285,2.825507014989853,0.023638873681193218,0.924921378493309,0.8211553767323494,0.00021938153122391668,0.0,0.01896396660595201,0.0,0.044295913772657514,0.0016860115647432394,0.0008760423224885017,4.08606859458871e-09,3.585591912269592e-08,3.3032847568392754e-08,0.002007951232371852,0.042124133673496544,0.6082587361335754,0.0011532623320817947,0.034705675393342975,2.5097886828007175e-05,4.459911688172724e-05,1.0041380507424066e-16,0.03485368806868792,3.140927791595459,0.032298913088288826,0.9548900842666626,0.8951237797737122,0.0001810909132473171,0.0,0.031189323775470255,0.0,0.055989590287208554,0.0013986011035740376,0.0012272936408407986,4.038365730707482e-09,3.3481046557426455e-08,3.1323482474476805e-08,0.001949996012263,0.04615982249379158
356,0.48933015763759613,0.0009915704467857722,0.029727217595791444,5.316875967764645e-05,1.4262253102970135e-05,1.0174097203020116e-16,0.020650231192121282,2.811838686466217,0.029822117183357477,0.9110530652105808,0.8315731100738049,0.0002036116293311352,0.0,0.014381112603587098,0.0,0.04854137625079602,0.0016173885451280512,0.0008856061067490373,4.106421175320563e-09,3.434251993894577e-08,3.332388587296009e-08,0.0018980510576511733,0.03906878479756415,0.5453969180583954,0.0011975812900345772,0.036094552651047704,3.332996784592979e-05,3.536799886205699e-05,1.0145653439604623e-16,0.02120666643604636,3.125306987762451,0.03100036215619184,0.9476879239082336,0.8710649490356446,0.0002779547081445344,0.0,0.01986303720623255,0.0,0.0582485556602478,0.0015869981376454233,0.0011440986301749945,4.017207766437991e-09,3.4412369132041934e-08,2.9983412730416604e-08,0.00201528025791049,0.04223154038190842
357,0.5043102521449327,0.0009442189493711339,0.027970499999355525,7.235286841478228e-05,1.4332916578041477e-05,1.0275535974539688e-16,0.022539071505889297,2.8246235698461533,0.029072724253637716,0.9023488014936447,0.8187514767050743,0.00036486456701823045,0.0,0.018876484304200858,0.0,0.04782965418417007,0.0017122036006185226,0.0009216973739967216,4.141886097985825e-09,3.508466761559248e-08,3.181048668920994e-08,0.00207819039496826,0.04373704642057419,0.5559672534465789,0.0011162652634084224,0.033343616686761376,4.373511292214971e-05,4.030519030493451e-05,1.0136641141394735e-16,0.020266515482217074,3.0826680183410646,0.02978126486559631,0.9390973567962646,0.8720587849617004,0.000622529661632143,0.0,0.023449041694402695,0.0,0.05339958146214485,0.001502528111450374,0.0012082441011443735,4.044979950990068e-09,3.361039695448653e-08,2.9776452237229024e-08,0.002042433596216142,0.04447137266397476
358,0.4838076513260603,0.000984369220532244,0.029562095063738525,4.4705166260428086e-05,1.8851577152645405e-05,1.0108717260994231e-16,0.014565398189006373,2.8176129162311554,0.028683716285740957,0.9260118119418621,0.8242205902934074,0.0002887069913413143,0.0,0.013291772018419579,0.0,0.04865086229983717,0.0015549991876468994,0.0009809558760025539,4.124898034252311e-09,3.5899574868381023e-08,3.2887328416109085e-08,0.0019277185128885321,0.03990531386807561,0.5801727056503296,0.0011682644137181342,0.03514006584882736,3.217082194169052e-05,3.957135340897367e-05,1.0093408050371283e-16,0.028004583530128004,3.124122476577759,0.031302971109835195,0.9545193076133728,0.8976155638694763,0.00020405578543432058,0.0,0.02559734471142292,0.0,0.05481294468045235,0.0013970396015793086,0.0011973574059084059,4.018625743285042e-09,3.375526915760929e-08,3.174257763305377e-08,0.0019395676208660007,0.04153093472123146
359,0.46410584449768066,0.0008890218523447402,0.026745592651423067,4.380524228508875e-05,1.0467025674643082e-05,1.012225791810851e-16,0.014931215191609226,2.8235860019922256,0.027585448697209358,0.9300618283450603,0.8196473605930805,0.00026039570821012603,0.0,0.010513730376260355,0.0,0.04598449054174125,0.0016201129110413603,0.0008559977868571877,4.076937926145163e-09,3.5113771446049213e-08,3.259629011154175e-08,0.001968033568118699,0.03887109528295696,0.5663958787918091,0.0010148201195988803,0.030413033813238143,3.2485665724379945e-05,3.727360344782937e-05,1.0473945542859158e-16,0.02709910860285163,3.1538318157196046,0.025219828907574994,0.9569355249404907,0.8855056762695312,0.00042849908641073853,0.0,0.025237848237156867,0.0,0.04979193955659866,0.0013928757514804601,0.0011411401443183421,4.090693561664693e-09,3.615083770114324e-08,3.203232239457065e-08,0.0018681010697036982,0.042230937629938126
360,0.4535287730395794,0.000756466957682278,0.02259985776618123,4.367782526060182e-05,1.3030047227857722e-05,1.0269894271889832e-16,0.012045543553540483,2.8184830844402313,0.021936336144477764,0.9208739958703518,0.8193848915398121,0.00027285866872261977,0.0,0.010633821919327602,0.0,0.041162504930980504,0.0014926791118341498,0.0008593850288889371,4.1305982939610075e-09,3.557943273335695e-08,3.1868694350123405e-08,0.001781998507794924,0.03659511706791818,0.5570191740989685,0.0009067464619874954,0.02712374720722437,2.897573504014872e-05,3.671704616863281e-05,1.0967996567586543e-16,0.02903586206957698,3.1523643493652345,0.019042413323950312,0.9493865728378296,0.8890437602996826,0.00033304158569080755,0.0,0.02484678216278553,0.0,0.047003939747810364,0.0014331779442727567,0.0011330523062497377,4.121422758629478e-09,3.2570419961075456e-08,3.499703282727751e-08,0.0018688045674934983,0.04166007712483406
361,0.48179589211940765,0.0008208638810174307,0.024324823287315667,5.418181871164052e-05,2.061539080955299e-05,1.0183661272057607e-16,0.01921624841634184,2.80245004594326,0.022745139838662,0.9028678722679615,0.8297524489462376,0.0003295116212029825,0.0,0.01559708034619689,0.0,0.044962991145439446,0.001746994566929061,0.0009785497495613527,4.114940069244177e-09,3.472086973488331e-08,3.192690201103687e-08,0.0021263151429593563,0.04282899503596127,0.5765042066574096,0.0009205761714838445,0.027261763252317904,4.380112404760439e-05,4.127200481889304e-05,1.0253254814221194e-16,0.031256645638495686,3.0970928192138674,0.02290829610574292,0.9393462777137757,0.8897622227668762,0.000331059105519671,0.0,0.02894228957593441,0.0,0.04862949252128601,0.00168372115585953,0.001201946334913373,4.053016056104753e-09,3.243589574708494e-08,3.112686997042147e-08,0.0021706369472667573,0.045380175858736035
362,0.4911311361938715,0.0008999815090646734,0.026793532044393942,5.348764420887164e-05,2.0238651728732293e-05,1.0312972431984552e-16,0.01893842950812541,2.8106419444084167,0.027672810858348384,0.8988504521548748,0.8229998126626015,0.00024294650575029664,0.0,0.016853552835527807,0.0,0.047872833791188896,0.0017173581290990114,0.0010076467260660138,4.155710220388187e-09,3.521563485264778e-08,3.332388587296009e-08,0.002161709649953991,0.045777312479913235,0.5796052992343903,0.0009457225387450308,0.02827462051063776,2.899026367231272e-05,4.052835865877569e-05,1.009313580868808e-16,0.03231952534988523,3.104261875152588,0.024455995748212445,0.9524621486663818,0.8765934228897094,0.00031643155525671316,0.0,0.029095321521162988,0.0,0.04849753975868225,0.0014424415305256844,0.0011862531304359437,4.013134846658773e-09,3.3962229650796874e-08,3.225997922129409e-08,0.0019646507455036042,0.04602870941162109
363,0.4814224671572447,0.0009301674799644388,0.027900069660972804,4.58135540384319e-05,1.652796109397059e-05,1.0329922189916376e-16,0.018686645751586184,2.8121138215065002,0.02738367934944108,0.9001658298075199,0.8272138014435768,0.00024056663005467271,0.0,0.01425470806134399,0.0,0.04819675115868449,0.001625786600925494,0.0009532988697174005,4.130462569196247e-09,3.4735421650111675e-08,3.2523530535399914e-08,0.0019713169167516753,0.04246076836716384,0.5634312391281128,0.0010311428282875567,0.030917243845760823,3.247899658163078e-05,3.740004904102534e-05,1.0348071549987943e-16,0.027085044141858815,3.1032344818115236,0.02354087049679947,0.9697864532470704,0.89027841091156,0.00043731697951443493,0.0,0.02376232109963894,0.0,0.05076421871781349,0.0014799748780205846,0.0011686892947182059,4.084828564288045e-09,3.648197477446047e-08,3.4226104617118835e-08,0.001974779809825122,0.04348347783088684
364,0.46721467562019825,0.0007877349398768274,0.02351238386472687,4.4691118546325015e-05,1.5802145298948744e-05,1.0080277674840831e-16,0.016707134433090687,2.8666196018457413,0.023698471108218655,0.9035594202578068,0.8165756091475487,0.0003254712028137874,0.0,0.013589928566943854,0.0,0.0433417649473995,0.0016466425367980264,0.0009121675575443078,4.088287389181211e-09,3.491004463285208e-08,3.342574927955866e-08,0.0019866403454216197,0.04176183370873332,0.5701940774917602,0.0009930969041306525,0.029588370583951473,4.344186418165918e-05,3.640033610281534e-05,1.011492215783595e-16,0.029982241895049812,3.1623669147491453,0.023863029418862425,0.9521920800209045,0.894849443435669,0.0003932076811906882,0.0,0.026044929027557374,0.0,0.05008138492703438,0.0016392998164519667,0.0011910328175872564,3.9873965906878085e-09,3.361039695448653e-08,2.8933088103144655e-08,0.002136572729796171,0.045572011917829516
365,0.4648081064224243,0.0007409573936456582,0.022015634283889085,5.189284775042324e-05,1.1710182505453304e-05,1.0201233938349714e-16,0.016474809730425477,2.764652818441391,0.021964279825624544,0.91146569699049,0.8368407525122166,0.0002527271099097561,0.0,0.012638298110687174,0.0,0.0412539056269452,0.0015820279077161103,0.0008463462545478251,4.1073725531859395e-09,3.463355824351311e-08,3.278546500951052e-08,0.0018445322421030141,0.0371364071033895,0.5770899891853333,0.001264923857524991,0.038345256447792055,2.3944441636558622e-05,3.38810590619687e-05,1.0161652436140378e-16,0.027798737306147812,3.1211170196533202,0.037979650497436526,0.9648767471313476,0.8913219213485718,0.00018678877095226198,0.0,0.023459255695343018,0.0,0.05752457454800606,0.0012924202950671316,0.0011085530510172247,4.045544432784709e-09,3.192366833104643e-08,3.086299535937087e-08,0.0017572934040799737,0.03876990005373955
366,0.48405542224645615,0.0008983693551272154,0.026860380545258522,5.0239191466516786e-05,1.5698814095799207e-05,1.0297323746438213e-16,0.014652321697212756,2.7731488198041916,0.027132895193062723,0.9227066412568092,0.8268976286053658,0.0002030085106525803,0.0,0.014486975851468742,0.0,0.04714980651624501,0.0016123338500619866,0.0009104606069740839,4.1267843586823005e-09,3.546301741153002e-08,3.329478204250336e-08,0.0019670255642267875,0.041543952422216535,0.5629835963249207,0.0010706764995120465,0.03218993302434683,3.0325757688842713e-05,3.641011098807212e-05,1.0402343730245384e-16,0.02818345371633768,3.163695049285889,0.026339919384918177,0.9460990905761719,0.8854340314865112,0.00022882244375068694,0.0,0.024217232316732406,0.0,0.052994780242443085,0.0014738064492121339,0.0011314637260511518,4.0348544061430404e-09,3.4955640870748536e-08,3.2135802996435815e-08,0.0018694184720516205,0.04032616689801216
367,0.458114892244339,0.0008098827292997157,0.024300294055137783,4.09745165370623e-05,1.2763562324380473e-05,1.020567759395938e-16,0.014493893075268716,2.844800353050232,0.02501908951671794,0.9054306000471115,0.831636019051075,0.00019480623177514644,0.0,0.01085541647626087,0.0,0.043978894129395485,0.0015950429806252941,0.0008779573763604276,4.121179730809388e-09,3.3585820347070694e-08,3.301829565316439e-08,0.0018839013064280152,0.037693681893870234,0.582020926475525,0.0015242780093103648,0.0462722972035408,3.0623649945482614e-05,3.4731143023236656e-05,9.769347406083875e-17,0.02666791146621108,3.091153287887573,0.0462307445704937,0.9467317938804627,0.8848261117935181,0.00018901965086115524,0.0,0.022177057713270186,0.0,0.06609491780400276,0.001437014015391469,0.001125451666302979,3.920176672167486e-09,3.25031578540802e-08,3.1411440915007914e-08,0.0018394189188256859,0.03936478719115257
368,0.502096077427268,0.000894595210411353,0.026534680277109146,6.222929391697107e-05,1.7622002218331545e-05,1.0150514118320107e-16,0.02193520896253176,2.8292570412158966,0.02544763538753614,0.9022642150521278,0.8279846832156181,0.0002802666313073132,0.0,0.018713124765781686,0.0,0.04849546297919005,0.0018448827468091622,0.0009387258505739737,4.089169641785517e-09,3.504101186990738e-08,3.2930984161794186e-08,0.0021768448496004567,0.044943996239453554,0.5542025208473206,0.001131189166335389,0.03407224509865046,3.3518665441079064e-05,3.2789392389531716e-05,1.009439775543059e-16,0.025306739378720522,3.0528846740722657,0.029793953348053036,0.9481704831123352,0.8879376173019409,0.0004028529467177577,0.0,0.021612201631069184,0.0,0.05467870086431503,0.0015445342054590584,0.0010950440191663802,4.0158654179833775e-09,3.2999863108784663e-08,3.15149211616017e-08,0.001934691076166928,0.04088537022471428
369,0.47159863263368607,0.0008275656127807451,0.024536740442272276,5.8158610841019254e-05,1.6360986563768165e-05,1.0200143962456553e-16,0.01527578043169342,2.8186389207839966,0.024214913618379796,0.8998731859028339,0.8177283331751823,0.0002927495661424473,0.0,0.014212692971341312,0.0,0.044476588955149055,0.0017066339569282718,0.000919672329473542,4.106765497113862e-09,3.585591912269592e-08,3.3163814805448055e-08,0.0020123951544519514,0.04004720808006823,0.5432750761508942,0.001093100744765252,0.03281554095447063,3.2640302379149944e-05,3.8731670974812006e-05,9.871033446703958e-17,0.019219594821333886,3.1533993244171143,0.028645780531223863,0.9489261388778687,0.8665469288825989,0.0002867312374291942,0.0,0.020999600645154715,0.0,0.05293522998690605,0.0015152327250689268,0.0010970572358928621,3.975149942547773e-09,3.3036081248383195e-08,3.1437311065474206e-08,0.0019069280475378036,0.04031120166182518
370,0.45748367346823215,0.0008887700205377769,0.026713778905104846,4.354236477865925e-05,1.2330439545849003e-05,1.015708011258643e-16,0.014551701227901503,2.8078534603118896,0.02844569069566205,0.9030843414366245,0.8214395940303802,0.00026752720532385865,0.0,0.01021906451205723,0.0,0.046440341393463314,0.0016347666169167496,0.0008726826454221737,4.0957925384610405e-09,3.502645995467901e-08,3.370223566889763e-08,0.0019143237877869979,0.03850519470870495,0.6064807057380677,0.0010853914427570999,0.032512368820607665,3.101555084867868e-05,4.463555487745907e-05,1.0341030853311688e-16,0.03408079436048865,3.157410907745361,0.029321756181161618,0.94750075340271,0.8968376636505127,0.0004781128081958741,0.0,0.03200308457016945,0.0,0.05327870175242424,0.0014758534729480744,0.0011882741702720523,4.0714490445736825e-09,3.2880861056128195e-08,2.9838540527293844e-08,0.0020065376767888663,0.04442658200860024
371,0.4819250199943781,0.0009478833899265737,0.028377322712913156,5.130390547947172e-05,1.583362364954155e-05,1.015891260715645e-16,0.01476244164223317,2.800633803009987,0.02880951901897788,0.9106873571872711,0.8159762695431709,0.00024402154303970747,0.0,0.01433435021317564,0.0,0.0486124869203195,0.0015881793442531489,0.0009212599361489993,4.0966566111633185e-09,3.472086973488331e-08,3.227614797651768e-08,0.0018808081222232431,0.038505188189446926,0.586296558380127,0.0010939271131064742,0.03290424384176731,2.503478463040665e-05,4.213174688629806e-05,1.0156587443813594e-16,0.029994665086269377,3.1271265029907225,0.02642628417797823,0.957410705089569,0.8872619986534118,0.00024069760402198881,0.0,0.02799763046205044,0.0,0.05276954025030136,0.0012976183788850904,0.0011998460395261645,4.010397747222783e-09,3.394153367253239e-08,2.826046614501365e-08,0.0018483705585822462,0.04326414093375206
372,0.46292029693722725,0.0008426986187259899,0.02538550697499886,3.700071988532727e-05,1.2209339814717168e-05,1.0191830755941365e-16,0.0165704179671593,2.817857712507248,0.02506475488189608,0.913447268307209,0.8288441970944405,0.0002196188456764503,0.0,0.011088228813605383,0.0,0.04468285047914833,0.001498360448749736,0.0008518691938661505,4.121735203144183e-09,3.472086973488331e-08,3.2290699891746044e-08,0.0017861037849797867,0.03627346002031118,0.552407729625702,0.0010092277254443616,0.03042348865419626,2.3927617075969464e-05,3.3577026624698195e-05,9.919034936173757e-17,0.025068233348429204,3.0174148082733154,0.026557760660944042,0.9569885969161988,0.8906138896942138,0.0003198661215719767,0.0,0.022328012436628342,0.0,0.04978223890066147,0.0012905055424198507,0.0010708860587328672,3.95688588561427e-09,3.6394016689200726e-08,3.166496753692627e-08,0.0017452033003792166,0.03874997831881046
373,0.474244836717844,0.0008482739540340845,0.025343047047499567,4.9771154635891435e-05,1.3791942336638385e-05,1.0400841098760039e-16,0.0171031029894948,2.768994614481926,0.02710507856681943,0.9118261151015759,0.8277298025786877,0.00025826967157627223,0.0,0.013445717602735385,0.0,0.04497738811187446,0.0016016821100492962,0.0009054244037542958,4.132525543987242e-09,3.4880940802395344e-08,3.345485311001539e-08,0.0019640928294393234,0.040661082486622036,0.5704715490341187,0.0012590872356668115,0.03800259530544281,3.2106338767334816e-05,3.650085491244681e-05,1.0473877912572276e-16,0.023519182112067938,3.122947883605957,0.03795475214719772,0.956833565235138,0.8932078123092652,0.00029117291269358246,0.0,0.02268906868994236,0.0,0.058273866027593615,0.0014089149422943591,0.0011595112504437567,4.0369736886702866e-09,3.333617399903233e-08,2.9864410677760136e-08,0.0018953849328681826,0.0417378194630146
374,0.45292908512055874,0.0008075042769633001,0.024150295357685536,4.43524224920111e-05,1.4470088999019026e-05,1.0001375273674143e-16,0.013322237908141688,2.7809930592775345,0.023325097863562405,0.900488555431366,0.8220115415751934,0.00019968338710896205,0.0,0.010537858470343053,0.0,0.043767833383753896,0.0016337854249286465,0.0008780943535384722,4.077920973122318e-09,3.467721398919821e-08,3.2378011383116245e-08,0.0018869049818022177,0.03841790894512087,0.5465030550956727,0.001055343251209706,0.031720928847789764,3.3113116296590305e-05,3.320104788144818e-05,1.0318073745812033e-16,0.023283780086785555,3.077815628051758,0.026478547200531465,0.951924741268158,0.8739922165870666,0.0003934403750463389,0.0,0.021544919349253178,0.0,0.0520295113325119,0.0015252269804477692,0.0010549232247285545,4.056133606766821e-09,3.549891189891241e-08,3.199093043804169e-08,0.0018522304017096758,0.03967759236693382
375,0.446254363283515,0.0007341384898609249,0.021995687449816614,4.017044727788743e-05,1.0669972880350542e-05,1.0197145929044416e-16,0.01508897595340386,2.7647616267204285,0.020583980321674744,0.896273635327816,0.8290031589567661,0.00030240330033848295,0.0,0.00992629784741439,0.0,0.04129826999269426,0.0016036734523368068,0.0008131896029226482,4.088562099990867e-09,3.447348717600107e-08,3.255263436585665e-08,0.0018323452459299006,0.03701883659232408,0.5333812654018402,0.0010216928785666823,0.03071660902351141,3.432319426792674e-05,2.940155791293364e-05,1.0086478526769355e-16,0.02168631525710225,2.9923116683959963,0.02760238045011647,0.9521813988685608,0.883631432056427,0.00021197829701122828,0.0,0.019006578903645276,0.0,0.051234695315361026,0.0015229392796754838,0.0010007306933403014,3.98563657633133e-09,3.2627334078938473e-08,2.9936846601685827e-08,0.001859956351108849,0.038273974880576135
376,0.4719644673168659,0.0007432400088873692,0.022192485514096916,4.1673297118904884e-05,1.4857070766538527e-05,1.0192839833570618e-16,0.018228524480946362,2.712498351931572,0.020864109450485557,0.9177898988127708,0.8229924216866493,0.0003081043905694969,0.0,0.014249512256355956,0.0,0.04168268258217722,0.0015916807897156104,0.000891419989784481,4.107701206956804e-09,3.440072759985924e-08,3.355671651661396e-08,0.0019356936609256081,0.040710599860176444,0.5357377350330352,0.0009449559322092683,0.02836705055087805,3.0648270694655366e-05,3.112399117526366e-05,1.0119495474006633e-16,0.02310005882754922,3.023764705657959,0.0236426021092484,0.9520555853843689,0.8745456576347351,0.0004522699397057295,0.0,0.020773456431925297,0.0,0.048519762605428694,0.0014424704480916263,0.001040245429612696,4.019276289568552e-09,3.29584711522557e-08,3.264285624027252e-08,0.0018032548949122428,0.039373939484357835
377,0.47636512853205204,0.0009138396235357504,0.027254225395154208,5.87999807066808e-05,1.2853600765083684e-05,1.0272258395439539e-16,0.01799314853269607,2.7332909554243088,0.027068056166172028,0.8960448428988457,0.8054358847439289,0.0002958134173240978,0.0,0.014586357603548095,0.0,0.049057878204621375,0.0017229049044544809,0.0009299052690039389,4.118514404516382e-09,3.5608536563813686e-08,3.3251126296818256e-08,0.0020027460413984954,0.042418972006998956,0.5822673439979553,0.0013916966272518039,0.04216262325644493,3.0989945298642854e-05,3.434135942370631e-05,1.0116221029921006e-16,0.02492012018337846,3.006390619277954,0.03992222920060158,0.9520867466926575,0.8813693284988403,0.0005983883835142479,0.0,0.023962568119168283,0.0,0.0633120983839035,0.0013868015492334961,0.0011609845096245408,4.015697152581765e-09,3.5918007057489374e-08,3.006619699874591e-08,0.0018021128373220563,0.03970867693424225
378,0.5087607968598604,0.001085606023480068,0.03265476459637284,4.431841307450668e-05,2.2283051521299058e-05,1.0151595822407142e-16,0.023433787806425244,2.748948857188225,0.033590358740184456,0.9174419194459915,0.8188774064183235,0.0004120503490412375,0.0,0.017189071673783474,0.0,0.05240795842837542,0.0016043659052229486,0.000996324266452575,4.112013854418173e-09,3.457535058259964e-08,3.2334355637431145e-08,0.0020010572552564554,0.04226372728589922,0.6465701222419739,0.0014032907783985138,0.04194526970386505,2.5990983340307138e-05,7.779231964377686e-05,1.0465485801298456e-16,0.04081966811791062,3.00183367729187,0.042870514839887616,0.9500390648841858,0.8942236423492431,0.0005107873206725344,0.0,0.0358126750215888,0.0,0.0627557635307312,0.0013534928439185023,0.0014873354695737362,4.072641246466447e-09,3.753229975700378e-08,3.3812183630743674e-08,0.0021685983752831816,0.04963675588369369
379,0.4830003920942545,0.001079618279618444,0.032455267268233,4.221526808123599e-05,2.5311363344826532e-05,1.0356091620237655e-16,0.01722415172844194,2.80714114010334,0.03362025966634974,0.8952518552541733,0.8224827349185944,0.00032630596251692623,0.0,0.013099541203700937,0.0,0.05278161820024252,0.0016292601794702932,0.0010374228440923616,4.121441965487804e-09,3.514287527650595e-08,3.360037226229906e-08,0.0020232474416843615,0.041746227885596454,0.5686095237731934,0.0013650803128257393,0.041242677718400955,3.311940527055413e-05,3.853465532301925e-05,1.0386810072435026e-16,0.027455196995288134,2.980790376663208,0.038506236672401425,0.9498613238334656,0.8882270574569702,0.0002936515549663454,0.0,0.02134297899901867,0.0,0.0612624779343605,0.0014362536836415528,0.0011643991572782397,4.044110202272577e-09,2.9145222590898355e-08,3.355348283662352e-08,0.001890139002352953,0.03903424181044102
380,0.46733597852289677,0.0009780014861462405,0.029486138839274645,4.141620581776806e-05,1.404431532137096e-05,1.0096780548446723e-16,0.017017216770909727,2.7322709262371063,0.030388554761884734,0.9110759496688843,0.816164817661047,0.00024989927260321565,0.0,0.010851479950360954,0.0,0.04948489950038493,0.0016285289893858135,0.0008867175456543919,4.0846183518850054e-09,3.3949618227779865e-08,3.166496753692627e-08,0.0019148625142406672,0.03889235469978303,0.5694656848907471,0.0012680061860010027,0.03840938210487366,2.733415676630102e-05,3.258661054132972e-05,1.0710683045985058e-16,0.028846652526408435,2.980442190170288,0.0358921080827713,0.9528146982192993,0.8884052038192749,0.0002301240441738628,0.0,0.022513509914278983,0.0,0.05900015607476235,0.0013856008648872376,0.001054930069949478,4.0776024334832074e-09,3.578348284349886e-08,2.9517751443108865e-08,0.0017607273999601602,0.03777733333408832
381,0.47231242433190346,0.0008139472038237727,0.02426461488357745,4.954959518954638e-05,1.496697498737376e-05,1.0080476901291364e-16,0.018238961027236655,2.7250980883836746,0.023254310429379643,0.9194431528449059,0.8204883635044098,0.00029938044644950423,0.0,0.013483477363479324,0.0,0.044076296500861645,0.001657039341807831,0.000882469532371033,4.086995311625152e-09,3.467721398919821e-08,3.277091309428215e-08,0.0019788614226854406,0.04040207783691585,0.5788024544715882,0.0009886031446512788,0.029644639045000077,2.9235470719868317e-05,3.756848273042124e-05,1.0899686139717341e-16,0.03355883909389377,2.898088264465332,0.022965546915293088,0.9476652503013611,0.8936347723007202,0.00032853833690751346,0.0,0.02789471372961998,0.0,0.04972208514809608,0.0014363069320097565,0.0010639255051501095,4.129496922189446e-09,3.50229029777438e-08,3.321199812944542e-08,0.0018352757208049298,0.04133626371622086
382,0.4756234399974346,0.0008642408902233001,0.025893571670167148,4.601476007337624e-05,1.3844992594158612e-05,1.0219424880790674e-16,0.016775048745330423,2.7196132242679596,0.02678614854812622,0.9170397035777569,0.8207742758095264,0.000274547710432671,0.0,0.013593572730314918,0.0,0.04607753048185259,0.0016051240017986856,0.0008465040409646463,4.109740464608436e-09,3.694731276482344e-08,3.323657438158989e-08,0.0018811922054737806,0.04035591857973486,0.5357032299041748,0.0010653937526512891,0.03206939939409494,3.0247301401686856e-05,3.360650935064768e-05,1.0314592440398819e-16,0.022008027788251637,2.899380016326904,0.026087329137044434,0.9441717982292175,0.872647476196289,0.0002548995558754541,0.0,0.01970086507499218,0.0,0.05221012234687805,0.0014143933774903416,0.0010685759945772589,4.05284730220501e-09,3.529195140572483e-08,3.161322723599369e-08,0.001802375284023583,0.03943722769618034
383,0.4584217518568039,0.0008892380174074788,0.02665360370883718,4.725474002498231e-05,1.359699206204823e-05,1.018013413256665e-16,0.013645254570292309,2.7456420958042145,0.026383951131720096,0.9010298624634743,0.8204917460680008,0.00026046076436614385,0.0,0.010620209155604243,0.0,0.046495066257193685,0.0016204822750296444,0.0008785987920418847,4.121612232066418e-09,3.4226104617118835e-08,3.416789695620537e-08,0.0018953611943288706,0.03802115807775408,0.5825038552284241,0.0009665753634180874,0.028858736902475358,3.265078703407198e-05,4.10223328799475e-05,1.0078656045152564e-16,0.03199039502069354,3.0852899074554445,0.022385270270024193,0.9435861229896545,0.9003126144409179,0.0002640633247210644,0.0,0.028882205858826636,0.0,0.04936464205384254,0.0014647898497059941,0.0011580228572711348,4.027628452973886e-09,3.33827401277631e-08,3.2104758673767717e-08,0.0019463561475276947,0.04136026278138161
384,0.4839647673070431,0.0008880103441697429,0.02654938236810267,4.4529647993840626e-05,2.0732939219669788e-05,1.0280392806865324e-16,0.018662285583559424,2.720180422067642,0.025242274999783376,0.9078112207353115,0.8228047601878643,0.00022963848095969297,0.0,0.015223415975924581,0.0,0.04671425314154476,0.0016609224621788599,0.0009178425789286848,4.1433737552054595e-09,3.474997356534004e-08,3.266904968768358e-08,0.001967732656339649,0.03859478502999991,0.5645852088928223,0.0010286336473654956,0.031013873033225538,2.3450582739314994e-05,3.480078594293445e-05,1.0023281663272508e-16,0.029726351890712977,2.9739878177642822,0.026133148561075358,0.9508056521415711,0.8775481939315796,0.00025786178739508616,0.0,0.025121273845434187,0.0,0.0504770390689373,0.0012995743658393622,0.0010859197587706148,3.993377006850096e-09,3.4045014274397543e-08,3.0159329256207457e-08,0.0017415334936231376,0.0413814764469862
385,0.44195059314370155,0.0007497605729440693,0.022478964121546596,3.905201003817638e-05,1.1855563741391961e-05,1.0286939651900467e-16,0.01258158270502463,2.7535047978162766,0.02244752668775618,0.897323951125145,0.8089051246643066,0.0002455650010233512,0.0,0.009716065193060786,0.0,0.0414331560023129,0.001587146907695569,0.0008212466746044811,4.116611301840933e-09,3.5113771446049213e-08,3.2290699891746044e-08,0.0018025323952315375,0.0356967190746218,0.5377782464027405,0.0009986894496250899,0.030057593435049056,2.8619558725040407e-05,3.1499065516982225e-05,1.0190013481494616e-16,0.02456028265878558,3.0257442951202393,0.024130705196057534,0.9485096335411072,0.8758149743080139,0.00023354856530204414,0.0,0.020526352152228356,0.0,0.05020860433578491,0.0014325930504128336,0.0010433306102640926,3.9804942453258715e-09,3.46503739478976e-08,3.245659172534943e-08,0.0018106098286807537,0.03951239287853241
386,0.501663226634264,0.0009295657519032829,0.027889242337550968,3.847307277737855e-05,2.334664554837218e-05,1.0274040886941529e-16,0.017303172789979726,2.679042011499405,0.02735980990837561,0.9028618559241295,0.8340412937104702,0.00024694890362297883,0.0,0.018008434446528554,0.0,0.04616503487341106,0.0014983964138082229,0.0009588542889105156,4.132786363131302e-09,3.498280420899391e-08,3.259629011154175e-08,0.0018784645435516723,0.04171666142065078,0.5947614133358001,0.0009978924528695643,0.02993544265627861,2.4434368242509663e-05,4.2180508899036795e-05,1.0254288856161334e-16,0.03495880095288158,3.0029911518096926,0.024485296727925744,0.9490801453590393,0.8949773907661438,0.0002367693989071995,0.0,0.030767684802412987,0.0,0.050702421367168425,0.0013380781281739473,0.0011190427700057625,4.054990387913904e-09,3.381735780294548e-08,3.0961301433762854e-08,0.0017969568958505987,0.041117525473237035
387,0.4413185454905033,0.0007650979287063819,0.022970980848185718,3.9660877234837244e-05,1.0142824976355769e-05,1.0207525515447823e-16,0.01147051909356378,2.7101525366306305,0.02372606116674092,0.899800356477499,0.8288126923143864,0.00024827397646731697,0.0,0.008534697350114584,0.0,0.040822946350090206,0.0015231106008286588,0.0007619374227942899,4.119567242888422e-09,3.4822733141481876e-08,3.314926289021969e-08,0.0017271795295528136,0.03303580032661557,0.5890923261642456,0.0010617071471642702,0.031942469999194145,2.3926169160404242e-05,4.077063567820005e-05,1.0130723689815878e-16,0.03253062451258302,2.977430248260498,0.027019743977575672,0.948824429512024,0.8911945819854736,0.00023974165669642388,0.0,0.029056670889258385,0.0,0.05266655832529068,0.001323430985212326,0.0011245049303397537,4.0246202370752824e-09,3.637332071093624e-08,2.976610424809678e-08,0.0017865848261862994,0.040818504989147186
388,0.4713346268981695,0.0008377814065170242,0.024996902997372672,4.980906601304014e-05,1.514569069627214e-05,1.0174338532963828e-16,0.014356206025695428,2.743168592453003,0.023738655290799215,0.9059376306831837,0.8383266888558865,0.00024790636780380737,0.0,0.012964807916432619,0.0,0.04570947343017906,0.0016294334345730022,0.0008952687676355708,4.126979868956937e-09,3.467721398919821e-08,3.3993273973464966e-08,0.0019174406625097618,0.03802724985871464,0.5688512444496154,0.001052899262867868,0.031678763404488566,2.7533895990927704e-05,3.6540233850246295e-05,1.0185078323436777e-16,0.029050040431320666,2.978211450576782,0.027074775508981474,0.9443120241165162,0.8898693323135376,0.00021976638963678853,0.0,0.02548811919987202,0.0,0.05146079137921333,0.0013598862569779158,0.0011150674428790808,4.022656741042851e-09,3.5685176413835504e-08,3.101304173469543e-08,0.0018232739763334393,0.04017743989825249
389,0.45490008406341076,0.0007471483077097218,0.022220820595975965,5.022651316721749e-05,1.2491947899206934e-05,1.0258392945857741e-16,0.01242945299600251,2.702013149857521,0.022192465025000274,0.8971327655017376,0.822975154966116,0.00024085516361083137,0.0,0.01187361877236981,0.0,0.0419921251013875,0.0015795806975802407,0.0008333374062203802,4.1299542535844225e-09,3.438617568463087e-08,3.250897862017155e-08,0.001812253103707917,0.03436973236966878,0.5579663872718811,0.0009372060303576291,0.02814688365906477,2.6612131841829977e-05,3.382152863196097e-05,1.0573308860319192e-16,0.03024149164557457,2.9981354236602784,0.02217189838984268,0.9496296048164368,0.8853563785552978,0.00031890892423689363,0.0,0.024710256978869437,0.0,0.04788716733455658,0.0013859672704711556,0.0010617343243211508,4.108600393237793e-09,3.347587238522465e-08,3.1556313118130674e-08,0.0017917160876095295,0.04075652174651623
390,0.4556338135153055,0.0006282985496000038,0.018650316109415144,4.506602886067412e-05,1.0063297594342657e-05,1.0292294074723584e-16,0.018924334726762027,2.730942353606224,0.017943711362136128,0.9058857895433903,0.821689922362566,0.00024055519679677673,0.0,0.012950536663993262,0.0,0.038151014829054475,0.0016259344556601718,0.0008178344724001363,4.126343919330644e-09,3.5157427191734314e-08,3.266904968768358e-08,0.0018953147446154617,0.039948528399690986,0.5423234641551972,0.0010880542336963116,0.03283607307821512,2.8923884019604885e-05,3.0650044755020646e-05,1.0219931082238332e-16,0.023292294424027204,3.020505952835083,0.02903607058287889,0.9474292874336243,0.8844071984291076,0.00021379436511779205,0.0,0.02000876311212778,0.0,0.05283984988927841,0.001423727092333138,0.0010207545128650963,4.021431943002085e-09,3.544199813632076e-08,2.959018772230593e-08,0.0017989547457545995,0.03772935532033443
391,0.5009895358234644,0.0009580436217220267,0.028620230441447347,5.559084468131914e-05,1.6350615112514788e-05,1.0275743431437317e-16,0.020104539522435516,2.7188068330287933,0.02967842051293701,0.9167943596839905,0.8213740885257721,0.0002380470714342664,0.0,0.017381979676429182,0.0,0.04774652514606714,0.0015954032642184757,0.0009715039377624635,4.148901916467551e-09,3.5055563785135746e-08,3.4546246752142906e-08,0.0019792746534221806,0.044549956917762756,0.5828983426094055,0.0013369809836149215,0.040499838441610335,2.842092580976896e-05,3.46839315170655e-05,1.0447465307694518e-16,0.03063720799982548,2.891062879562378,0.038489532098174094,0.9590176939964294,0.8935256004333496,0.0002896359874284826,0.0,0.02381621450185776,0.0,0.05986732095479965,0.0013948987238109113,0.001118977484293282,4.078365201110046e-09,3.437097717551296e-08,3.3263737719835265e-08,0.0018345517106354236,0.04096436351537704
392,0.5081965923309326,0.0010668440772860777,0.03197150712367147,5.6519948998356995e-05,1.6857408581927302e-05,1.0289516609021784e-16,0.022395101404981688,2.6928424686193466,0.03132211999036372,0.9091981314122677,0.8306160755455494,0.00022158590127219213,0.0,0.017292751828790642,0.0,0.051618975354358554,0.0016633119157631882,0.0009080868294404354,4.115517121539014e-09,3.4458935260772705e-08,3.294553607702255e-08,0.0019452887936495245,0.04170846485067159,0.5735769033432007,0.0012974150944501162,0.0392925962805748,2.8006447246298193e-05,3.381159731361549e-05,1.0629347236620557e-16,0.029759913310408594,3.0052733421325684,0.037443436682224274,0.9495073199272156,0.879449212551117,0.00023675493866903707,0.0,0.023409974947571754,0.0,0.05848112851381302,0.0013739880174398421,0.001075384218711406,4.052495583550808e-09,3.329478204250336e-08,3.04387260285921e-08,0.001771494885906577,0.04013481959700584
393,0.46487986110150814,0.0009420454261999112,0.028356679424177855,4.538193473990759e-05,1.1066685914329355e-05,1.013614528797654e-16,0.014429391565499827,2.685335785150528,0.030145436438033357,0.9034452736377716,0.8280411250889301,0.00023730066186544718,0.0,0.010764990802272223,0.0,0.046992473769932985,0.0015260453365044668,0.0008235392378992401,4.087013533160544e-09,3.5244738683104515e-08,3.2247044146060944e-08,0.001752582633343991,0.03595502790994942,0.5585466504096985,0.0013387680985033513,0.040580781549215315,2.799909998429939e-05,3.340315415698569e-05,1.0276669584210162e-16,0.022374879475682972,3.0184054374694824,0.039692610129714014,0.9454831719398499,0.8730351090431213,0.0002441336095216684,0.0,0.020568046346306802,0.0,0.05970425456762314,0.0013748325174674392,0.0010557844303548335,4.0729448258503e-09,3.584557077829231e-08,3.122517640008482e-08,0.0017413543071597814,0.037980133295059205
394,0.5061867665499449,0.0010222669188806321,0.030805725778918713,4.094779501429002e-05,1.8022039483867047e-05,1.0045819729345648e-16,0.02417425054591149,2.709147587418556,0.030892269031028263,0.9195367135107517,0.8194985166192055,0.000230876900786825,0.0,0.017326861154288054,0.0,0.050222945399582386,0.0015767596414661966,0.0009488672003499232,4.062792796633019e-09,3.3542164601385593e-08,3.2698153518140316e-08,0.001968167744053062,0.044674323638901114,0.5441230237483978,0.0010752006841357798,0.03245293516665697,2.7531332671060226e-05,3.102104838035302e-05,1.0166211458630077e-16,0.02401371970772743,2.963750123977661,0.028059036985632703,0.9493489623069763,0.8788021922111511,0.00019961499783676117,0.0,0.020664461143314838,0.0,0.05240470096468926,0.0013843406923115253,0.0010353082790970803,3.995745068152701e-09,3.440202114290969e-08,3.282912075519562e-08,0.001732747140340507,0.038066332787275316
395,0.4868897870182991,0.0009000558929983526,0.02701248531229794,3.805150578273242e-05,2.1231628096529676e-05,1.0075466916475314e-16,0.018185357737820596,2.66524201631546,0.025108188448939472,0.9274407513439655,0.8294232524931431,0.00023499133294535568,0.0,0.014602147086407058,0.0,0.046138348523527384,0.001499639191024471,0.0009462909147259779,4.094614813876518e-09,3.5841367207467556e-08,3.1548552215099335e-08,0.001852818917541299,0.03978028811980039,0.5512132763862609,0.0009049340907949955,0.027153255231678487,2.7541985036805273e-05,3.243811879656277e-05,1.1023800024593941e-16,0.02818569531664252,2.950921106338501,0.021588454790935428,0.9569219946861267,0.8888360738754273,0.00025485541264060887,0.0,0.023431452363729476,0.0,0.04626322984695434,0.0014067184878513218,0.001025849988218397,4.1613090751013715e-09,3.553513039378231e-08,3.1168262282221805e-08,0.001769479876384139,0.03931899555027485
396,0.4496624618768692,0.0007069826187944273,0.02111413748934865,3.97864239403134e-05,1.3701790493314547e-05,1.0293706775132733e-16,0.016562813747441396,2.6725190430879593,0.01820985515951179,0.9265303462743759,0.810450617223978,0.00026024956423498224,0.0,0.010481881210580468,0.0,0.04034958814736456,0.001602470780198928,0.00084719868391403,4.132713365967433e-09,3.479362931102514e-08,3.266904968768358e-08,0.001827991145546548,0.0385617510182783,0.5996250450611115,0.0009589569875970483,0.028611653298139573,3.1073635545908475e-05,4.332723910920322e-05,9.987286468783344e-17,0.03763635456562042,2.911746025085449,0.021654937739003798,0.9589643955230713,0.9003593444824218,0.0003353619249537587,0.0,0.03160454593598842,0.0,0.048529022932052614,0.001528709614649415,0.001087310432922095,3.937930692643476e-09,3.370352921194808e-08,3.04387260285921e-08,0.001954645081423223,0.044752860069274904
397,0.45129427313804626,0.0007454987662640633,0.022227146022487432,4.5419541265800945e-05,1.3468113024828199e-05,1.0250767167790615e-16,0.015292148833395913,2.736011654138565,0.021318442869045384,0.9027150943875313,0.8163848891854286,0.0002476053741702344,0.0,0.011077872419264168,0.0,0.04233189590740949,0.0017014080949593335,0.0008457054900645744,4.1228546687754886e-09,3.457535058259964e-08,3.349850885570049e-08,0.0019085021267528646,0.038596082013100386,0.5826952338218689,0.0009455101273488254,0.028159479051828383,3.5989595198770984e-05,4.076600889675319e-05,1.0253727299787085e-16,0.03446623208001256,2.893862009048462,0.021862554293693392,0.9428641557693481,0.8945892810821533,0.00023565144510939717,0.0,0.029407255724072455,0.0,0.049900565296411514,0.0015693689696490765,0.001140856253914535,4.034587286483316e-09,3.198575626583988e-08,3.210993284596952e-08,0.0019989124266430736,0.042904936522245404
398,0.4270928632467985,0.0006552576705871616,0.01949825807241723,4.4858912019662966e-05,9.456497082283022e-06,1.0268778198448344e-16,0.011429290898377076,2.6565788835287094,0.01787219158723019,0.9062360040843487,0.804070707410574,0.00024053777724475367,0.0,0.00790392846101895,0.0,0.03889041650108993,0.0016060082634794526,0.0007911593274911866,4.128680508586058e-09,3.608874976634979e-08,3.323657438158989e-08,0.001784766194759868,0.03383419883903116,0.5914707183837891,0.0010550732433330268,0.03173029404133558,2.4869182743714192e-05,4.0262683978653516e-05,1.057442350273822e-16,0.034133149590343234,2.9574841499328612,0.027019276245482615,0.9520633816719055,0.8904195547103881,0.00021816125663463027,0.0,0.02946031130850315,0.0,0.051436641812324525,0.0013441797345876694,0.0011092969798482955,4.095004602078234e-09,3.486250825801562e-08,3.050598849085873e-08,0.0017908699810504913,0.04095449335873127
399,0.4688174296170473,0.0007844476313039195,0.02339641030994244,4.3562317159739905e-05,1.786878652865198e-05,1.031184349588454e-16,0.014642350608482957,2.6937466114759445,0.022231164926779456,0.9071008265018463,0.8405112028121948,0.00021952025235805195,0.0,0.012992404837859794,0.0,0.04262516461312771,0.00160611467435956,0.0008944098372012377,4.144423221275062e-09,3.5113771446049213e-08,3.223249223083258e-08,0.0018967692740261555,0.037870632484555244,0.5728782653808594,0.0010705416381824762,0.0321594012901187,3.1319275876739994e-05,3.7173334931139834e-05,1.0751280938100264e-16,0.029457718692719938,2.931327152252197,0.027061694472149612,0.9454374551773072,0.890920615196228,0.00019132535526296125,0.0,0.02600444070994854,0.0,0.05227159038186073,0.0014592932770028711,0.0011207479750737549,4.094368399876203e-09,3.531782155619112e-08,2.9233180853793784e-08,0.0018889653030782938,0.04033583030104637
400,0.48626205138862133,0.0007798985679983161,0.023211299849208444,4.624694042831834e-05,1.8123483300769294e-05,1.0059469739736906e-16,0.017705933889374137,2.672854244709015,0.023128227359848097,0.9106209315359592,0.8290129266679287,0.0002373377110416186,0.0,0.016747717279940844,0.0,0.04213132266886532,0.0015527863870374858,0.0008918002022255678,4.09687209157461e-09,3.563764039427042e-08,3.175227902829647e-08,0.0018800388716044836,0.038003691588528454,0.5920372128486633,0.0011131988896522671,0.03354247696697712,2.477109774190467e-05,3.967495940742083e-05,1.0074243135846267e-16,0.03293763585388661,2.9239820003509522,0.029766928757226196,0.9494019985198975,0.8929233551025391,0.0002201684983447194,0.0,0.028870422393083572,0.0,0.052863220870494845,0.0013230245094746351,0.0011134233907796442,4.037701328840626e-09,3.528160341659259e-08,2.7236011312936627e-08,0.001796412351541221,0.04103969074785709
401,0.4499885682016611,0.0008084973533186712,0.024347488855710253,3.5829809917231614e-05,1.1898689820100117e-05,1.0077356982815967e-16,0.014572068292181939,2.744037374854088,0.023997854924168394,0.9040221087634563,0.8155753426253796,0.00025520528288325295,0.0,0.009936347647453658,0.0,0.042783974786289036,0.0015305208726204,0.0008208391082007438,4.108027806815073e-09,3.525929059833288e-08,3.2756361179053783e-08,0.0018150432588299736,0.036952639115042984,0.5666011571884155,0.0010493480949662626,0.03157748971134424,2.760267161647789e-05,3.588402942114044e-05,1.0545894374283511e-16,0.028779528196901084,2.908038330078125,0.027569350160774775,0.9484653830528259,0.8814839363098145,0.0003988044918514788,0.0,0.025264934450387955,0.0,0.05111655369400978,0.001413999916985631,0.001088121661450714,4.0555502067718404e-09,3.489355222541235e-08,2.8079375624656676e-08,0.001863927161321044,0.04220567420125008
402,0.4748756419867277,0.0007557269418612123,0.022562947269761935,4.068805799306574e-05,1.695114852395818e-05,1.0266492243466524e-16,0.019646123866550624,2.7114667296409607,0.020295275404350832,0.9228891655802727,0.8230894170701504,0.00027467106156109367,0.0,0.014423074491787702,0.0,0.04267671355046332,0.0016267069804598577,0.0009078756302187685,4.105342635285503e-09,3.495370037853718e-08,3.268360160291195e-08,0.001936319335072767,0.04096826142631471,0.548194420337677,0.0010500269767362625,0.0315971402451396,3.128934658889193e-05,3.229046378692146e-05,1.0623771112849663e-16,0.02605048883706331,2.922139358520508,0.026507483636305552,0.9458342552185058,0.888122022151947,0.0003017855065991171,0.0,0.021534214541316033,0.0,0.05185903385281563,0.0014829409308731556,0.0010701875085942446,4.116932750264368e-09,3.5866267467099536e-08,2.9491881647913943e-08,0.001896068430505693,0.04085715636610985
403,0.4645618759095669,0.0008361937580048107,0.02502488566096872,4.79036663136867e-05,1.1904374673576967e-05,1.0381329190239862e-16,0.017192785249790177,2.689664900302887,0.025596522784326226,0.8871041685342789,0.8337269052863121,0.000264226492618036,0.0,0.012415045232046396,0.0,0.0439905293751508,0.0016130957228597254,0.0008444199920631945,4.163163452863827e-09,3.521563485264778e-08,3.38477548211813e-08,0.0018922384188044816,0.03997401474043727,0.5819906830787659,0.0013213926693424582,0.04001819118857384,2.88239010842517e-05,3.417492262087762e-05,1.1050764524376394e-16,0.02942476375028491,2.9728909015655516,0.039811272919178006,0.9458229184150696,0.8880362272262573,0.0003248772540246136,0.0,0.024596038088202477,0.0,0.059941649436950684,0.0013964105863124132,0.001139570283703506,4.117856100549488e-09,3.3962229650796874e-08,3.1395919108945235e-08,0.0018651274731382728,0.04111780673265457
404,0.49321137741208076,0.0009691469349490944,0.029167329194024205,3.8015620873466105e-05,2.0399539863547034e-05,1.0189793823682953e-16,0.021952493814751506,2.6278775483369827,0.027142428793013096,0.9137342572212219,0.8251164369285107,0.00023905380021460587,0.0,0.015547604474704713,0.0,0.04941020626574755,0.0015847204194869846,0.0009766137445694767,4.112347032347863e-09,3.38040990754962e-08,3.230525180697441e-08,0.0019648605812108144,0.0427937067579478,0.6144924879074096,0.0013143457006663084,0.03968505039811134,2.653623596415855e-05,4.410811197885778e-05,1.0326347537171034e-16,0.03582543637603521,2.906688404083252,0.0374073401093483,0.9571114540100097,0.8959075927734375,0.00023550774931209163,0.0,0.030247708037495612,0.0,0.05894742980599403,0.0013524869922548533,0.0011826041969470679,4.0049208838155435e-09,3.532816990059473e-08,3.297916748579155e-08,0.0018398960819467902,0.04201098196208477
405,0.44562824442982674,0.0008363446559087606,0.02514486148720607,4.02788184601377e-05,1.184276797516759e-05,9.936975995623471e-17,0.01192806678591296,2.638141095638275,0.02535503194667399,0.9032384343445301,0.8176303952932358,0.0002485548402546556,0.0,0.008802408396149985,0.0,0.044762683333829045,0.0015880209903116338,0.0008478447743982542,4.076294982113815e-09,3.5244738683104515e-08,3.263994585722685e-08,0.0018251041328767315,0.03576363390311599,0.6150432348251342,0.0012870362726971508,0.03879522830247879,2.89840256300522e-05,4.45423062046757e-05,1.0486218256171485e-16,0.03599871918559074,2.937600564956665,0.036205824464559555,0.9491944909095764,0.899721896648407,0.0002320665429579094,0.0,0.030882323160767555,0.0,0.058433792740106585,0.0014140476705506444,0.0011725815711542964,4.039829448743148e-09,3.535404005106102e-08,3.115274012088776e-08,0.0019030863884836435,0.042106016725301745
406,0.468071524053812,0.0009041955854627304,0.027250583691056818,3.6525274367704696e-05,1.543999489683756e-05,1.0254606692039902e-16,0.016791370348073542,2.654154360294342,0.027731188107281923,0.9087937921285629,0.8226340971887112,0.0003379598410901963,0.0,0.011789558979216963,0.0,0.04638033721130341,0.0015885192915447988,0.0008662747422931716,4.09467734718838e-09,3.5899574868381023e-08,3.1912350095808506e-08,0.001867942832177505,0.037995560094714165,0.610859751701355,0.0009728311735671014,0.02899952735751867,3.1397804923471996e-05,4.581830071401782e-05,1.1093193595844444e-16,0.03770769936963916,2.9507009506225588,0.02340402287300094,0.9519620060920715,0.898110282421112,0.000585349288303405,0.0,0.034030485153198245,0.0,0.05029945448040962,0.0015092234825715423,0.001136338443029672,4.099824835179789e-09,3.267390020766925e-08,3.086299535937087e-08,0.0019757982809096575,0.044760729745030405
407,0.45502445846796036,0.0006421442703867797,0.019122119731036946,4.0904717366174737e-05,1.1385423817955598e-05,1.0114806757868693e-16,0.017385986866429448,2.6970356851816177,0.01678828200783755,0.927416019141674,0.819518830627203,0.00034863827568187844,0.0,0.011940517782932147,0.0,0.03829063836019486,0.0016413095509051345,0.000813214141089702,4.076750353965153e-09,3.555032890290022e-08,3.313471097499132e-08,0.0019105818792013451,0.039041183539666235,0.5536300778388977,0.000936267786892131,0.027929562702775003,3.8841993227833885e-05,3.414068232814316e-05,9.583439556029317e-17,0.02794027691707015,2.8989253520965574,0.02080104784690775,0.9495550274848938,0.8908302187919617,0.00037522020284086466,0.0,0.02383861280977726,0.0,0.04825744926929474,0.0015560507774353028,0.0010553783038631081,3.9676148588796424e-09,3.610427157241247e-08,2.922283286466154e-08,0.001968801789917052,0.04217521622776985
408,0.4478101432323456,0.0006594028691324638,0.01963447011075914,3.8539509091606305e-05,1.526176939137258e-05,1.030663585626112e-16,0.015194910723948851,2.694582685828209,0.019099172146525234,0.8938812613487244,0.8182066045701504,0.0003158043200528482,0.0,0.011748823715606704,0.0,0.0383644710527733,0.0015215507955872454,0.0008343714871443808,4.142023085629276e-09,3.610330168157816e-08,3.3673131838440895e-08,0.0018160867984988727,0.037419354426674545,0.5974640011787414,0.000955547095509246,0.028465299122035503,3.39100126439007e-05,4.32007756899111e-05,1.0248435196751318e-16,0.036700628139078616,2.8507946014404295,0.021951643871580016,0.9492560982704162,0.9010643005371094,0.0004031542965094559,0.0,0.031636987999081614,0.0,0.048073787987232205,0.0014389681164175272,0.0011294756201095878,4.082083471246279e-09,3.5773135209637986e-08,3.175809979438782e-08,0.0019112175330519676,0.04317049905657768
409,0.4929102100431919,0.0009060942265932681,0.02700522282975726,4.950400705183711e-05,2.274249837341813e-05,1.0287529059445941e-16,0.020493165007792413,2.6845305114984512,0.023167341127589225,0.8973585069179535,0.8341054506599903,0.00032495459890924394,0.0,0.01674536889186129,0.0,0.04723787680268288,0.0017016786368913017,0.0009959761919162702,4.124265123861548e-09,3.5390257835388184e-08,3.328023012727499e-08,0.00208782494883053,0.043228386086411774,0.5362180769443512,0.0009186802024487406,0.027454735524952412,3.62020426109666e-05,3.2088079933600966e-05,1.048186834494064e-16,0.02457157298922539,2.909946012496948,0.02051902572347899,0.9461159229278564,0.8827367067337036,0.0003118846958386712,0.0,0.02114759720861912,0.0,0.04731186330318451,0.0014646519906818868,0.0010531322099268437,4.080772253445275e-09,3.834979409589323e-08,3.2803250604729326e-08,0.0018601382616907358,0.03852130398154259
410,0.4657733179628849,0.0007633389886905206,0.022705951589159667,5.030271097439254e-05,1.3534396231307255e-05,1.017582390118979e-16,0.015725966630270705,2.6369261741638184,0.022525526932440698,0.9139592610299587,0.8130207136273384,0.0002772610250758589,0.0,0.013453189763822593,0.0,0.04143915115855634,0.0015868773189140484,0.0008100377017399296,4.1022780450372665e-09,3.627792466431856e-08,3.259629011154175e-08,0.001819477962271776,0.036182784591801465,0.5358078062534333,0.0008741401485167444,0.026202936097979544,2.7518111892277375e-05,3.2175908927456476e-05,1.0310502859450357e-16,0.025372654758393766,2.8686373233795166,0.02000701017004758,0.9497264981269836,0.8763465881347656,0.0002707991254283115,0.0,0.021668512001633645,0.0,0.04584483429789543,0.0013954298570752143,0.0010362902889028192,4.076293524946095e-09,3.3036081248383195e-08,3.142178890414016e-08,0.0017789312405511737,0.039682932943105695
411,0.4788634907454252,0.0008505840160069056,0.025434979877900332,4.842654323056195e-05,1.3781764693021614e-05,1.0065630084630834e-16,0.018155177211156115,2.659360706806183,0.02384693981730379,0.9305719621479511,0.8289659097790718,0.00024753330490057124,0.0,0.013545573485316709,0.0,0.04628989682532847,0.0017035778073477559,0.0008837797249725554,4.10345379897592e-09,3.467721398919821e-08,3.172317519783974e-08,0.0019992919769720174,0.04220043949317187,0.5505736827850342,0.0008545076474547386,0.025501933321356772,2.9614768209285103e-05,3.623891934694257e-05,1.0580225943124708e-16,0.028515075240284203,2.9744030952453615,0.017076928102869714,0.9529072284698487,0.8880241870880127,0.00025264065188821403,0.0,0.024194496124982832,0.0,0.045552042126655576,0.0014243593905121088,0.0010823386488482355,4.130309694261314e-09,3.685450380430666e-08,3.289120868998907e-08,0.0018147964728996158,0.04017086401581764
412,0.46291909739375114,0.0008130678952511516,0.0243478799238801,4.13377123322789e-05,1.5810606072363953e-05,1.0209200101238906e-16,0.015258472500136122,2.6652893275022507,0.022524282242244453,0.8964398726820946,0.8396992422640324,0.0002834266997524537,0.0,0.011862180806929246,0.0,0.044617553357966244,0.001628813064598944,0.0008802889897197019,4.124140931538456e-09,3.6117853596806526e-08,3.301829565316439e-08,0.0018937216300400905,0.03850575804244727,0.540626722574234,0.0008721030375454575,0.025951531156897543,3.930434613721445e-05,3.2939898301265205e-05,1.0614217904693614e-16,0.025834060739725828,2.99534125328064,0.01913338441445376,0.9441839814186096,0.8866700768470764,0.0004839066445128992,0.0,0.022502708435058593,0.0,0.04700135588645935,0.0015879718819633126,0.0010688624810427428,4.077095905330453e-09,3.775995622845585e-08,2.8788215544750528e-08,0.0019519654801115395,0.04073526263237
413,0.4411109145730734,0.0006537774625030579,0.019367295259144157,4.892306924375589e-05,1.1063963029300794e-05,1.0399032302914569e-16,0.01497457519872114,2.6679375618696213,0.017009619439193102,0.8972396291792393,0.8151366300880909,0.0003385480567885679,0.0,0.010540019371546805,0.0,0.039479077444411814,0.0016773821917013265,0.0008065193869697396,4.131525357942145e-09,3.493914846330881e-08,3.314926289021969e-08,0.0018470957002136856,0.0361810487229377,0.5387795090675354,0.0009017571050208062,0.026926529966294764,3.7544032602454534e-05,3.098536726611201e-05,1.0196439946935215e-16,0.026233686506748198,2.9404757976531983,0.021174056459858547,0.9483860850334167,0.8814313888549805,0.00038095526542747393,0.0,0.021755437552928924,0.0,0.047365514934062956,0.0015347980661317706,0.0010272102430462838,4.059005132006632e-09,3.731499091941259e-08,3.050598849085873e-08,0.0018819404998794199,0.04066544733941555
414,0.4324443731456995,0.0006544724565173965,0.019516532483976334,4.149694836996787e-05,9.977312970477215e-06,1.0271147946826217e-16,0.012349621305475011,2.7223117500543594,0.018765984452329576,0.9010117724537849,0.8190728984773159,0.00027192773086426314,0.0,0.00851643449277617,0.0,0.03824139584321529,0.0016020921466406435,0.0007638804418093059,4.128597658192845e-09,3.458990249782801e-08,3.319291863590479e-08,0.0017567590766702779,0.03397631936240941,0.5269390046596527,0.0009845456224866211,0.029572533816099165,3.1491853223997166e-05,3.173343648086302e-05,9.890046689391857e-17,0.02010127091780305,2.929822540283203,0.02396912299191172,0.9455398917198181,0.8778628945350647,0.00029162052378524096,0.0,0.018790226243436337,0.0,0.04995869025588036,0.001458631851710379,0.0010012416751123965,3.9736602008844105e-09,3.6099098110753405e-08,3.0340419954200115e-08,0.0017906099325045942,0.03665193356573582
415,0.48728361912071705,0.0009155294319498353,0.02728864084929228,5.517581701042218e-05,1.767568218724591e-05,1.0132033786741845e-16,0.01661488233366981,2.7061174362897873,0.026346382859628648,0.9111102297902107,0.8219074234366417,0.0002753891658358043,0.0,0.015562663204036653,0.0,0.04735978017561138,0.0016350137375411578,0.0009014298702822998,4.108113918488421e-09,3.5055563785135746e-08,3.3396645449101925e-08,0.0019558012718334794,0.04062597965821624,0.5637925744056702,0.0013621068093925715,0.041379968822002414,2.556252948124893e-05,3.079353991779499e-05,9.977432166884326e-17,0.025259319692850113,3.0077165603637694,0.04109465107321739,0.9488029718399048,0.8795391917228699,0.00024356429785257205,0.0,0.02077268287539482,0.0,0.060807616263628,0.0012951483251526952,0.0010212335968390108,4.027605804424184e-09,3.2570419961075456e-08,3.3020559442320516e-08,0.0016596391331404447,0.03731249049305916
416,0.43889156356453896,0.0008366649653908098,0.025270221172831953,3.567164685591706e-05,8.754565158142213e-06,1.0040594636211304e-16,0.010951578326057643,2.679771676659584,0.026855629548663273,0.8999761939048767,0.8187676817178726,0.0002155826132366201,0.0,0.007506249996367842,0.0,0.044296252774074674,0.001522272636066191,0.0007583447368233465,4.086453758711528e-09,3.480818122625351e-08,3.272725734859705e-08,0.0017000054940581322,0.03310509829316288,0.5884714841842651,0.0012759432662278413,0.03864994570612908,2.5856296269921585e-05,3.4430094819981606e-05,1.0530460375193354e-16,0.031002828385680914,2.934239959716797,0.03945821076631546,0.9540555596351623,0.8989927291870117,0.00021240661590127274,0.0,0.0256314042955637,0.0,0.05865551084280014,0.0013357426738366484,0.0010552520165219904,4.108189344265156e-09,3.559721832857576e-08,3.109582600302474e-08,0.0017399737611413003,0.03983483612537384
417,0.4603356961160898,0.0008460893368464895,0.025544700969476253,3.307051167666941e-05,1.2534077654891007e-05,1.027051751112236e-16,0.015109101048437878,2.7122486531734467,0.02601717202924192,0.9122545085847378,0.8366738855838776,0.0002556961835580296,0.0,0.010310802783351392,0.0,0.04405739577487111,0.001498638346674852,0.0008029708114918321,4.1180539811502825e-09,3.396417014300823e-08,3.2698153518140316e-08,0.0017267939474550076,0.03594726591836661,0.6079699158668518,0.0013090965338051319,0.03968358188867569,2.2004546553944238e-05,3.788944486586843e-05,1.0090373157791051e-16,0.03391765411943197,2.9879281997680662,0.03974742330610752,0.9609933018684387,0.9074329018592835,0.0002790278289467096,0.0,0.028364332392811775,0.0,0.05917269140481949,0.0012783240992575884,0.001050347276031971,3.979003704301931e-09,3.4417543304243734e-08,3.1556313118130674e-08,0.0017131209839135408,0.040205630287528035
418,0.4836233574897051,0.0009394938078912674,0.0283034588501323,4.0132780100066157e-05,1.459052941754635e-05,1.0350816854907527e-16,0.01793462532805279,2.653795078396797,0.028481236744283933,0.9229083098471165,0.8217331394553185,0.00027192054494662443,0.0,0.013891333554056473,0.0,0.04781662777531892,0.0016207796288654208,0.0008134261443046853,4.129670355679238e-09,3.592867869883776e-08,3.328023012727499e-08,0.0018945822812383994,0.03809622535482049,0.5764188885688781,0.0013665816513821483,0.04139122739434242,2.9151132912375034e-05,3.5702474269783126e-05,1.0060702784788814e-16,0.026475987397134304,2.946946859359741,0.040777988731861115,0.9443236351013183,0.880311930179596,0.0002664161991560832,0.0,0.023407008871436118,0.0,0.06271404698491097,0.0014637697720900178,0.0011105458484962582,4.041464807258421e-09,3.530229975012844e-08,3.214615063029669e-08,0.0018731373827904462,0.04022915437817574
419,0.491736588999629,0.0009089758968912065,0.027221538592129946,4.679711537391995e-05,1.6983880556153963e-05,1.013153723022013e-16,0.020649582205805928,2.6795345097780228,0.027554936823435128,0.9090971983969212,0.8127639107406139,0.00024225966717494885,0.0,0.01676017779391259,0.0,0.047100772615522146,0.0016483830477227457,0.0008949991788540501,4.105429496359392e-09,3.38040990754962e-08,3.3352989703416824e-08,0.0019429907988524064,0.04059051477815956,0.5830446243286133,0.0013954782858490943,0.04225451275706291,2.9944164634798653e-05,3.707671530719381e-05,1.0549789931747493e-16,0.026167233102023603,2.9090839862823485,0.04422378912568092,0.9421116471290588,0.8799073457717895,0.0002490186394425109,0.0,0.02447154074907303,0.0,0.06314913481473923,0.0014455983182415366,0.001138801872730255,4.0850484772647634e-09,3.700972399656166e-08,2.7913807087998067e-08,0.0018990973476320505,0.04112066999077797
420,0.44408294558525085,0.000890299049387977,0.02691824806970544,3.766875170185813e-05,7.732838469109993e-06,1.0087959122163182e-16,0.010966769477818161,2.687857151031494,0.028867903469858902,0.9095913171768188,0.8210606351494789,0.00023709913148195483,0.0,0.007375485758529976,0.0,0.046163349878042936,0.0014954061844036914,0.0007541857703472488,4.087244612205332e-09,3.434251993894577e-08,3.2290699891746044e-08,0.0016492053182446398,0.0311311959521845,0.5586331725120545,0.0010589502635411918,0.03188826069235802,2.865703390853014e-05,3.395600724616088e-05,1.0317638185588688e-16,0.026522880606353282,2.893999433517456,0.02839076955683595,0.9445800542831421,0.8908317685127258,0.0002079838130157441,0.0,0.023415285721421243,0.0,0.052749648690223694,0.001410125195980072,0.0010744166444055735,4.026780375809836e-09,3.587661510096041e-08,3.293260135706077e-08,0.0018260859884321689,0.039179326593875886
421,0.4722223300486803,0.000807399819677812,0.02419899415690452,3.919021298770531e-05,1.616987094621436e-05,1.0135171076010106e-16,0.017642836697632447,2.6668652147054672,0.02271874135476537,0.9257992915809155,0.8380331508815289,0.00023851510741224047,0.0,0.012579045578604564,0.0,0.04387455084361136,0.0015760504247737117,0.0008915854959923308,4.1102892756050835e-09,3.69182089343667e-08,3.253808245062828e-08,0.0018837897296180017,0.039779435843229294,0.5510432481765747,0.0011348270636517555,0.034336641617119315,2.4892464716685934e-05,3.130740860797232e-05,1.0177723165778855e-16,0.025541649479418994,2.8653844356536866,0.030392849310283056,0.9501620292663574,0.881486439704895,0.00021834385697729885,0.0,0.021078053489327432,0.0,0.05425183400511742,0.001318520330823958,0.0010387304704636336,4.007530396421543e-09,3.318095380677732e-08,2.9667798173704795e-08,0.0017027507768943907,0.039230842143297195
422,0.468962199985981,0.0007888587560955784,0.02343237356399186,5.2085874699514534e-05,1.6063984048741986e-05,1.0317951190732478e-16,0.01336371770594269,2.69616761803627,0.022567022424482275,0.9112632423639297,0.8117418549954891,0.00023682362370891497,0.0,0.014037324566743337,0.0,0.0435439960565418,0.0015726629935670644,0.0008982371546153445,4.123512031828369e-09,3.537570592015982e-08,3.2800016924738884e-08,0.0018621156559675,0.03846665599849075,0.5676917791366577,0.001080724532948807,0.03251038454473019,3.0107224665698597e-05,3.6031365016242487e-05,1.0223490473501372e-16,0.030438006669282914,2.8566049575805663,0.027087367117565007,0.943742299079895,0.886086106300354,0.00030489368655253204,0.0,0.025059106200933455,0.0,0.05298985168337822,0.001448430516757071,0.0011297032469883561,4.023362176752698e-09,3.4500327217301677e-08,3.193919013710911e-08,0.001885610050521791,0.04185538440942764
423,0.44855259731411934,0.0007613818415848073,0.022712672012858093,4.543173793081223e-05,1.3912599882814902e-05,1.0399358046639792e-16,0.012357528990833089,2.683021679520607,0.02173197819502093,0.8831824436783791,0.8187366463243961,0.00023349631192104425,0.0,0.011143514740979299,0.0,0.0422608251683414,0.0015668157648178749,0.0008839757065288723,4.157961780437702e-09,3.514287527650595e-08,3.243621904402971e-08,0.0018338846130063757,0.03623307042289525,0.578763461112976,0.0012812605011276901,0.03877636902034283,2.69702617515577e-05,3.58769299054984e-05,1.123908549188834e-16,0.028885299805551767,2.9370852947235107,0.03504128370241233,0.9485839247703552,0.8894712924957275,0.00021640039631165564,0.0,0.024366112425923347,0.0,0.05895092040300369,0.0013497445499524475,0.001127461576834321,4.1389017546578085e-09,3.491942237587864e-08,3.377079167421471e-08,0.0018036854453384876,0.04020397067070007
424,0.467240396887064,0.001039049373503076,0.031478156452067196,3.416094693875493e-05,1.466390992277411e-05,1.0259170123402265e-16,0.013941697077825665,2.630882427096367,0.03372616309206933,0.9023874998092651,0.8201604261994362,0.00024109511286951602,0.0,0.010321161069441587,0.0,0.05111453030258417,0.0015153475978877395,0.0008670707466080785,4.124888750012268e-09,3.5943230614066124e-08,3.192690201103687e-08,0.0018149119132431224,0.036469886312261224,0.606824541091919,0.0015097209252417088,0.04586048275232315,2.3018418869469314e-05,3.970597354054917e-05,1.0873174670212771e-16,0.03092994038015604,2.8929841995239256,0.04695128723978996,0.9526723742485046,0.8962763905525207,0.00030573084368370476,0.0,0.026469396054744722,0.0,0.06544746533036232,0.0012815472204238177,0.001195656752679497,4.110931861589506e-09,3.341378445043119e-08,3.499703282727751e-08,0.0018273777328431605,0.04200195148587227
425,0.4801770467311144,0.0007782250586387818,0.023329308605752885,3.900670299117337e-05,1.4037829913604583e-05,1.0407471240882866e-16,0.02042592433281243,2.686234638094902,0.022531853691361903,0.9295769073069096,0.8185409493744373,0.00024690945610927884,0.0,0.015038785932119936,0.0,0.04241564474068582,0.001558504045533482,0.0008562178154534195,4.15574337442326e-09,3.6627170629799366e-08,3.3163814805448055e-08,0.0018637265820871107,0.04039382399059832,0.599009656906128,0.0010892256046645342,0.03282034359872341,2.2662835181108677e-05,4.038051520183217e-05,1.0330090893402306e-16,0.03582204002887011,2.877581167221069,0.027518558295196272,0.9637838244438172,0.897336208820343,0.0003549349567038007,0.0,0.02972046583890915,0.0,0.052422511577606204,0.0013614850584417581,0.001102172548417002,4.00123818522502e-09,3.4195060294450744e-08,3.378113930807558e-08,0.00182688410859555,0.04436943456530571
426,0.4664767235517502,0.0006346674636006355,0.01887265723780729,3.7240914821268234e-05,1.62280336155618e-05,1.0429638316451276e-16,0.018377358370344155,2.6291642785072327,0.016303814485922885,0.9186556003987789,0.8412700556218624,0.0002757871016001445,0.0,0.013792839206871577,0.0,0.038243061979301274,0.001565468824992422,0.0008952736243372783,4.143250326160697e-09,3.514287527650595e-08,3.2930984161794186e-08,0.0018845855593099259,0.03989896678831428,0.5473195910453796,0.0010612911195494235,0.03193015605211258,3.230819456803147e-05,3.2349771208828316e-05,1.0611845947743506e-16,0.024008320458233357,2.9052241325378416,0.026695119215582964,0.947741436958313,0.8932799577713013,0.00029441638762364166,0.0,0.021024519205093385,0.0,0.05258301198482514,0.001541628804989159,0.0010523016564548016,4.094805738930063e-09,3.6823459481638567e-08,3.476420218362364e-08,0.0019266335293650627,0.039230456203222276
